stamp_s,tick_index,ground_truth_phase,ground_truth_safety,predicted_phase_int,predicted_phase_name,target_joint_1,target_joint_2,target_joint_3,target_joint_4,target_joint_5,target_joint_6
1780621770.841316,0,MOVE_TO_START,OK,2,APPROACH,-0.000148,-0.796254,1.210116,0.000966,0.802444,0.000174
1780621770.987263,1,MOVE_TO_START,OK,2,APPROACH,-0.000148,-0.796254,1.210116,0.000966,0.802444,0.000174
1780621771.073147,2,MOVE_TO_START,OK,2,APPROACH,-0.000148,-0.796254,1.210116,0.000966,0.802444,0.000174
1780621771.217309,3,MOVE_TO_START,OK,2,APPROACH,-0.000148,-0.796254,1.210116,0.000966,0.802444,0.000174
1780621771.330548,4,MOVE_TO_START,OK,2,APPROACH,-0.000148,-0.796254,1.210116,0.000966,0.802444,0.000174
1780621771.445315,5,MOVE_TO_START,OK,2,APPROACH,-0.000148,-0.796254,1.210116,0.000966,0.802444,0.000174
1780621771.539844,6,MOVE_TO_START,OK,2,APPROACH,-0.000148,-0.796254,1.210116,0.000966,0.802444,0.000174
1780621771.657357,7,MOVE_TO_START,OK,2,APPROACH,-0.000148,-0.796254,1.210116,0.000966,0.802444,0.000174
1780621771.743962,8,MOVE_TO_START,OK,2,APPROACH,-0.000148,-0.796254,1.210116,0.000966,0.802444,0.000174
1780621771.896811,9,MOVE_TO_START,OK,2,APPROACH,-0.000148,-0.796254,1.210116,0.000966,0.802444,0.000174
1780621771.966688,10,MOVE_TO_START,OK,2,APPROACH,-0.000148,-0.796254,1.210116,0.000966,0.802444,0.000174
1780621772.085602,11,MOVE_TO_START,OK,2,APPROACH,-0.000148,-0.796254,1.210116,0.000966,0.802444,0.000174
1780621772.175174,12,MOVE_TO_START,OK,2,APPROACH,-0.000148,-0.796254,1.210116,0.000966,0.802444,0.000174
1780621772.325837,13,MOVE_TO_START,OK,2,APPROACH,-0.000148,-0.796254,1.210116,0.000966,0.802444,0.000174
1780621772.397316,14,MOVE_TO_START,OK,2,APPROACH,-0.000148,-0.796254,1.210116,0.000966,0.802444,0.000174
1780621772.521310,15,MOVE_TO_START,OK,2,APPROACH,-0.000148,-0.796254,1.210116,0.000966,0.802444,0.000174
1780621772.619845,16,MOVE_TO_START,OK,2,APPROACH,-0.000148,-0.796254,1.210116,0.000966,0.802444,0.000174
1780621772.731915,17,MOVE_TO_START,OK,2,APPROACH,-0.000148,-0.796254,1.210116,0.000966,0.802444,0.000174
1780621772.835905,18,MOVE_TO_START,OK,2,APPROACH,-0.000148,-0.796254,1.210116,0.000966,0.802444,0.000174
1780621772.952931,19,MOVE_TO_START,OK,2,APPROACH,-0.000148,-0.796254,1.210116,0.000966,0.802444,0.000174
1780621773.052870,20,MOVE_TO_START,OK,2,APPROACH,-0.000148,-0.796254,1.210116,0.000966,0.802444,0.000174
1780621773.185844,21,MOVE_TO_START,OK,2,APPROACH,-0.000148,-0.796254,1.210116,0.000966,0.802444,0.000174
1780621773.281586,22,MOVE_TO_START,OK,2,APPROACH,-0.000148,-0.796254,1.210116,0.000966,0.802444,0.000174
1780621773.420347,23,MOVE_TO_START,OK,2,APPROACH,-0.000148,-0.796279,1.210160,0.000967,0.802469,0.000174
1780621773.512476,24,MOVE_TO_START,OK,2,APPROACH,-0.000149,-0.796225,1.210125,0.000963,0.802418,0.000173
1780621773.643334,25,MOVE_TO_START,OK,2,APPROACH,-0.000149,-0.796255,1.210163,0.000964,0.802447,0.000173
1780621773.745869,26,MOVE_TO_START,OK,2,APPROACH,-0.000149,-0.795383,1.208514,0.000955,0.801545,0.000173
1780621773.864303,27,MOVE_TO_START,OK,2,APPROACH,-0.000149,-0.796050,1.209778,0.000961,0.802236,0.000173
1780621773.955278,28,MOVE_TO_START,OK,2,APPROACH,-0.000152,-0.795248,1.208414,0.000946,0.801415,0.000172
1780621774.105489,29,MOVE_TO_START,OK,2,APPROACH,-0.000148,-0.795722,1.209074,0.000962,0.801893,0.000174
1780621774.171750,30,MOVE_TO_START,OK,3,SEARCH,-0.000149,-0.795421,1.208596,0.000955,0.801586,0.000173
1780621774.293366,31,MOVE_TO_START,OK,2,APPROACH,-0.000149,-0.796035,1.209768,0.000960,0.802222,0.000173
1780621774.392937,32,MOVE_TO_START,OK,3,SEARCH,-0.000153,-0.796269,1.210328,0.000961,0.802462,0.000175
1780621774.536001,33,MOVE_TO_START,OK,2,APPROACH,-0.000150,-0.796005,1.209743,0.000958,0.802193,0.000172
1780621774.644087,34,MOVE_TO_START,OK,2,APPROACH,-0.000149,-0.795901,1.209524,0.000958,0.802086,0.000172
1780621774.753345,35,MOVE_TO_START,OK,2,APPROACH,-0.000151,-0.796421,1.210566,0.000961,0.802624,0.000173
1780621774.875362,36,MOVE_TO_START,OK,2,APPROACH,-0.000149,-0.796216,1.210061,0.000965,0.802406,0.000174
1780621774.994260,37,MOVE_TO_START,OK,2,APPROACH,-0.000149,-0.796124,1.209931,0.000961,0.802314,0.000173
1780621775.103818,38,MOVE_TO_START,OK,3,SEARCH,-0.000150,-0.795994,1.209697,0.000963,0.802173,0.000175
1780621775.195651,39,MOVE_TO_START,OK,3,SEARCH,-0.000150,-0.795980,1.209670,0.000963,0.802160,0.000175
1780621775.318773,40,MOVE_TO_START,OK,2,APPROACH,-0.000151,-0.795209,1.208249,0.000950,0.801369,0.000173
1780621775.405488,41,MOVE_TO_START,OK,2,APPROACH,-0.000148,-0.795672,1.208999,0.000961,0.801842,0.000173
1780621775.524947,42,MOVE_TO_START,OK,3,SEARCH,-0.000154,-0.796437,1.210715,0.000958,0.802641,0.000174
1780621775.610699,43,MOVE_TO_START,OK,3,SEARCH,-0.000150,-0.795580,1.208905,0.000957,0.801748,0.000174
1780621775.742483,44,MOVE_TO_START,OK,2,APPROACH,-0.000150,-0.796023,1.209763,0.000959,0.802211,0.000172
1780621775.836003,45,MOVE_TO_START,OK,2,APPROACH,-0.000150,-0.796535,1.210755,0.000964,0.802739,0.000173
1780621775.944469,46,MOVE_TO_START,OK,2,APPROACH,-0.000149,-0.795461,1.208667,0.000956,0.801627,0.000173
1780621776.042094,47,MOVE_TO_START,OK,2,APPROACH,-0.000150,-0.795956,1.209640,0.000958,0.802143,0.000172
1780621776.157527,48,MOVE_TO_START,OK,2,APPROACH,-0.000154,-0.796480,1.210830,0.000957,0.802687,0.000174
1780621776.243106,49,MOVE_TO_START,OK,3,SEARCH,-0.000153,-0.796389,1.210600,0.000959,0.802590,0.000174
1780621776.365031,50,MOVE_TO_START,OK,2,APPROACH,-0.000150,-0.795991,1.209712,0.000958,0.802179,0.000172
1780621776.454942,51,MOVE_TO_START,OK,3,SEARCH,-0.000151,-0.795532,1.208861,0.000955,0.801701,0.000174
1780621776.563159,52,MOVE_TO_START,OK,2,APPROACH,-0.000150,-0.796369,1.210436,0.000963,0.802567,0.000173
1780621776.658593,53,MOVE_TO_START,OK,2,APPROACH,-0.000151,-0.796561,1.210835,0.000963,0.802769,0.000173
1780621776.768272,54,MOVE_TO_START,OK,2,APPROACH,-0.000150,-0.795316,1.208393,0.000954,0.801476,0.000173
1780621776.865338,55,MOVE_TO_START,OK,2,APPROACH,-0.000149,-0.796319,1.210268,0.000966,0.802513,0.000174
1780621776.978349,56,MOVE_TO_START,OK,3,SEARCH,-0.000154,-0.796418,1.210679,0.000958,0.802621,0.000174
1780621777.067526,57,MOVE_TO_START,OK,3,SEARCH,-0.000150,-0.795565,1.208889,0.000958,0.801731,0.000175
1780621777.188229,58,MOVE_TO_START,OK,2,APPROACH,-0.000150,-0.796151,1.210016,0.000960,0.802344,0.000172
1780621777.276394,59,MOVE_TO_START,OK,2,APPROACH,-0.000150,-0.795808,1.209389,0.000954,0.801992,0.000172
1780621777.390127,60,MOVE_TO_START,OK,3,SEARCH,-0.000149,-0.795865,1.209405,0.000964,0.802037,0.000176
1780621777.479963,61,MOVE_TO_START,OK,2,APPROACH,-0.000150,-0.796150,1.210001,0.000960,0.802342,0.000173
1780621777.609936,62,MOVE_TO_START,OK,2,APPROACH,-0.000150,-0.796257,1.210201,0.000962,0.802451,0.000173
1780621777.695654,63,MOVE_TO_START,OK,3,SEARCH,-0.000151,-0.795405,1.208649,0.000952,0.801571,0.000173
1780621777.809019,64,MOVE_TO_START,OK,2,APPROACH,-0.000150,-0.796107,1.209919,0.000960,0.802298,0.000172
1780621777.898584,65,MOVE_TO_START,OK,2,APPROACH,-0.000151,-0.796520,1.210759,0.000962,0.802727,0.000173
1780621778.018289,66,MOVE_TO_START,OK,3,SEARCH,-0.000149,-0.795644,1.209006,0.000959,0.801813,0.000174
1780621778.135936,67,MOVE_TO_START,OK,2,APPROACH,-0.000151,-0.796413,1.210564,0.000960,0.802617,0.000172
1780621778.226849,68,MOVE_TO_START,OK,2,APPROACH,-0.000149,-0.796378,1.210402,0.000965,0.802575,0.000173
1780621778.341195,69,MOVE_TO_START,OK,1,MOVE_TO_START,-0.000155,-0.795516,1.209070,0.000941,0.801699,0.000171
1780621778.426998,70,MOVE_TO_START,OK,2,APPROACH,-0.000148,-0.796484,1.210546,0.000970,0.802680,0.000174
1780621778.545071,71,MOVE_TO_START,OK,3,SEARCH,-0.000151,-0.795577,1.208939,0.000956,0.801746,0.000174
1780621778.629842,72,MOVE_TO_START,OK,3,SEARCH,-0.000151,-0.795573,1.208929,0.000956,0.801742,0.000174
1780621778.759156,73,MOVE_TO_START,OK,2,APPROACH,-0.000149,-0.796364,1.210371,0.000965,0.802560,0.000173
1780621778.845443,74,MOVE_TO_START,OK,3,SEARCH,-0.000149,-0.795490,1.208701,0.000957,0.801656,0.000173
1780621778.974772,75,MOVE_TO_START,OK,2,APPROACH,-0.000150,-0.796515,1.210684,0.000966,0.802716,0.000174
1780621779.054670,76,MOVE_TO_START,OK,1,MOVE_TO_START,-0.000151,-0.796605,1.210908,0.000964,0.802812,0.000173
1780621779.188804,77,MOVE_TO_START,OK,2,APPROACH,-0.000153,-0.796007,1.209866,0.000954,0.802196,0.000173
1780621779.260017,78,MOVE_TO_START,OK,2,APPROACH,-0.000149,-0.796189,1.210043,0.000963,0.802380,0.000173
1780621779.381945,79,MOVE_TO_START,OK,2,APPROACH,-0.000153,-0.796499,1.210811,0.000961,0.802703,0.000174
1780621779.469156,80,MOVE_TO_START,OK,3,SEARCH,-0.000151,-0.796226,1.210171,0.000964,0.802414,0.000175
1780621779.600104,81,MOVE_TO_START,OK,2,APPROACH,-0.000149,-0.796277,1.210196,0.000965,0.802470,0.000173
1780621779.675991,82,MOVE_TO_START,OK,2,APPROACH,-0.000149,-0.796329,1.210271,0.000967,0.802522,0.000174
1780621779.795872,83,MOVE_TO_START,OK,2,APPROACH,-0.000150,-0.796011,1.209740,0.000959,0.802199,0.000172
1780621779.894944,84,MOVE_TO_START,OK,2,APPROACH,-0.000149,-0.795992,1.209689,0.000959,0.802179,0.000172
1780621780.023723,85,MOVE_TO_START,OK,3,SEARCH,-0.000149,-0.795478,1.208670,0.000958,0.801641,0.000174
1780621780.095358,86,MOVE_TO_START,OK,2,APPROACH,-0.000149,-0.795807,1.209326,0.000958,0.801987,0.000172
1780621780.218121,87,MOVE_TO_START,OK,2,APPROACH,-0.000149,-0.796285,1.210209,0.000965,0.802478,0.000173
1780621780.300202,88,MOVE_TO_START,OK,3,SEARCH,-0.000148,-0.795384,1.208466,0.000958,0.801542,0.000174
1780621780.435542,89,MOVE_TO_START,OK,2,APPROACH,-0.000150,-0.796134,1.209984,0.000960,0.802326,0.000172
1780621780.521808,90,MOVE_TO_START,OK,2,APPROACH,-0.000148,-0.796239,1.210089,0.000966,0.802428,0.000174
1780621780.643347,91,MOVE_TO_START,OK,2,APPROACH,-0.000150,-0.796541,1.210744,0.000965,0.802744,0.000173
1780621780.737567,92,MOVE_TO_START,OK,2,APPROACH,-0.000149,-0.796194,1.210059,0.000962,0.802385,0.000173
1780621780.865956,93,MOVE_TO_START,OK,3,SEARCH,-0.000150,-0.795727,1.209185,0.000959,0.801901,0.000174
1780621780.955147,94,MOVE_TO_START,OK,2,APPROACH,-0.000151,-0.796530,1.210767,0.000963,0.802736,0.000173
1780621781.067935,95,MOVE_TO_START,OK,3,SEARCH,-0.000149,-0.795316,1.208364,0.000955,0.801475,0.000173
1780621781.156849,96,MOVE_TO_START,OK,2,APPROACH,-0.000148,-0.796280,1.210155,0.000967,0.802470,0.000174
1780621781.272116,97,MOVE_TO_START,OK,2,APPROACH,-0.000153,-0.796321,1.210449,0.000959,0.802519,0.000174
1780621781.355605,98,MOVE_TO_START,OK,3,SEARCH,-0.000151,-0.795827,1.209412,0.000958,0.802005,0.000174
1780621781.483930,99,MOVE_TO_START,OK,2,APPROACH,-0.000150,-0.795901,1.209542,0.000957,0.802086,0.000172
1780621781.599962,100,MOVE_TO_START,OK,2,APPROACH,-0.000154,-0.796455,1.210737,0.000959,0.802659,0.000174
1780621781.693631,101,MOVE_TO_START,OK,2,APPROACH,-0.000150,-0.796358,1.210418,0.000963,0.802556,0.000173
1780621781.814280,102,MOVE_TO_START,OK,2,APPROACH,-0.000147,-0.795473,1.208571,0.000961,0.801634,0.000173
1780621781.902111,103,MOVE_TO_START,OK,2,APPROACH,-0.000149,-0.796125,1.209910,0.000962,0.802313,0.000173
1780621782.023765,104,MOVE_TO_START,OK,3,SEARCH,-0.000154,-0.796557,1.210925,0.000962,0.802762,0.000175
1780621782.113131,105,MOVE_TO_START,OK,2,APPROACH,-0.000150,-0.796590,1.210834,0.000966,0.802795,0.000174
1780621782.227212,106,MOVE_TO_START,OK,2,APPROACH,-0.000151,-0.795443,1.208694,0.000953,0.801610,0.000173
1780621782.312870,107,MOVE_TO_START,OK,2,APPROACH,-0.000151,-0.795467,1.208746,0.000953,0.801636,0.000173
1780621782.436984,108,MOVE_TO_START,OK,2,APPROACH,-0.000149,-0.795443,1.208633,0.000956,0.801607,0.000173
1780621782.530466,109,MOVE_TO_START,OK,2,APPROACH,-0.000149,-0.796617,1.210824,0.000970,0.802818,0.000174
1780621782.656879,110,MOVE_TO_START,OK,2,APPROACH,-0.000148,-0.795339,1.208386,0.000955,0.801500,0.000172
1780621782.759242,111,MOVE_TO_START,OK,2,APPROACH,-0.000148,-0.796087,1.209804,0.000964,0.802272,0.000173
1780621782.863943,112,MOVE_TO_START,OK,3,SEARCH,-0.000149,-0.795990,1.209607,0.000968,0.802163,0.000176
1780621782.952153,113,MOVE_TO_START,OK,3,SEARCH,-0.000153,-0.796407,1.210633,0.000960,0.802608,0.000174
1780621783.073852,114,MOVE_TO_START,OK,2,APPROACH,-0.000148,-0.796094,1.209821,0.000964,0.802280,0.000173
1780621783.175751,115,MOVE_TO_START,OK,3,SEARCH,-0.000148,-0.795389,1.208464,0.000959,0.801547,0.000174
1780621783.283966,116,MOVE_TO_START,OK,2,APPROACH,-0.000151,-0.796320,1.210381,0.000960,0.802520,0.000172
1780621783.370494,117,MOVE_TO_START,OK,3,SEARCH,-0.000153,-0.796388,1.210612,0.000958,0.802590,0.000174
1780621783.492032,118,MOVE_TO_START,OK,2,APPROACH,-0.000150,-0.796456,1.210575,0.000965,0.802657,0.000173
1780621783.582983,119,MOVE_TO_START,OK,2,APPROACH,-0.000150,-0.796102,1.209918,0.000959,0.802293,0.000172
1780621783.701980,120,MOVE_TO_START,OK,3,SEARCH,-0.000153,-0.796468,1.210727,0.000962,0.802669,0.000175
1780621783.790564,121,MOVE_TO_START,OK,2,APPROACH,-0.000151,-0.796511,1.210719,0.000963,0.802716,0.000173
1780621783.912745,122,MOVE_TO_START,OK,2,APPROACH,-0.000150,-0.795320,1.208435,0.000952,0.801482,0.000173
1780621784.003011,123,MOVE_TO_START,OK,2,APPROACH,-0.000149,-0.796214,1.210087,0.000963,0.802405,0.000173
1780621784.119422,124,MOVE_TO_START,OK,3,SEARCH,-0.000153,-0.796625,1.211025,0.000964,0.802831,0.000175
1780621784.216238,125,MOVE_TO_START,OK,3,SEARCH,-0.000150,-0.795759,1.209238,0.000961,0.801930,0.000175
1780621784.355972,126,MOVE_TO_START,OK,2,APPROACH,-0.000150,-0.796320,1.210325,0.000962,0.802517,0.000173
1780621784.441392,127,MOVE_TO_START,OK,2,APPROACH,-0.000149,-0.795891,1.209476,0.000959,0.802073,0.000173
1780621784.561199,128,MOVE_TO_START,OK,2,APPROACH,-0.000149,-0.795750,1.209191,0.000959,0.801926,0.000173
1780621784.652047,129,MOVE_TO_START,OK,2,APPROACH,-0.000149,-0.795882,1.209459,0.000959,0.802063,0.000173
1780621784.770661,130,MOVE_TO_START,OK,3,SEARCH,-0.000151,-0.795560,1.208928,0.000956,0.801728,0.000174
1780621784.856141,131,MOVE_TO_START,OK,2,APPROACH,-0.000148,-0.795327,1.208389,0.000954,0.801490,0.000172
1780621784.976007,132,MOVE_TO_START,OK,2,APPROACH,-0.000149,-0.796276,1.210193,0.000965,0.802469,0.000173
1780621785.096847,133,MOVE_TO_START,OK,2,APPROACH,-0.000153,-0.795177,1.208295,0.000945,0.801341,0.000172
1780621785.206341,134,MOVE_TO_START,OK,2,APPROACH,-0.000153,-0.795301,1.208553,0.000945,0.801471,0.000172
1780621785.322713,135,MOVE_TO_START,OK,3,SEARCH,-0.000149,-0.795350,1.208421,0.000956,0.801510,0.000173
1780621785.427903,136,MOVE_TO_START,OK,2,APPROACH,-0.000151,-0.795229,1.208306,0.000950,0.801389,0.000173
1780621785.535939,137,MOVE_TO_START,OK,2,APPROACH,-0.000150,-0.795764,1.209266,0.000956,0.801943,0.000172
1780621785.624856,138,MOVE_TO_START,OK,1,MOVE_TO_START,-0.000159,-0.796004,1.210165,0.000939,0.802211,0.000170
1780621785.743065,139,MOVE_TO_START,OK,2,APPROACH,-0.000151,-0.796547,1.210807,0.000963,0.802754,0.000173
1780621785.826320,140,MOVE_TO_START,OK,2,APPROACH,-0.000151,-0.795646,1.209083,0.000954,0.801821,0.000173
1780621785.943360,141,MOVE_TO_START,OK,2,APPROACH,-0.000149,-0.796151,1.209946,0.000964,0.802339,0.000173
1780621786.032514,142,MOVE_TO_START,OK,2,APPROACH,-0.000150,-0.796488,1.210661,0.000964,0.802691,0.000173
1780621786.149213,143,MOVE_TO_START,OK,2,APPROACH,-0.000151,-0.795310,1.208489,0.000949,0.801475,0.000172
1780621786.246575,144,MOVE_TO_START,OK,2,APPROACH,-0.000150,-0.796114,1.209960,0.000959,0.802306,0.000172
1780621786.359531,145,MOVE_TO_START,OK,3,SEARCH,-0.000151,-0.795974,1.209686,0.000961,0.802156,0.000174
1780621786.445457,146,MOVE_TO_START,OK,2,APPROACH,-0.000150,-0.796617,1.210866,0.000969,0.802818,0.000175
1780621786.563221,147,MOVE_TO_START,OK,3,SEARCH,-0.000152,-0.796353,1.210468,0.000962,0.802549,0.000175
1780621786.645835,148,MOVE_TO_START,OK,1,MOVE_TO_START,-0.000159,-0.795976,1.210146,0.000937,0.802184,0.000170
1780621786.762690,149,MOVE_TO_START,OK,2,APPROACH,-0.000150,-0.796374,1.210429,0.000963,0.802573,0.000173
1780621786.851357,150,MOVE_TO_START,OK,2,APPROACH,-0.000149,-0.795760,1.209210,0.000959,0.801936,0.000173
1780621786.969336,151,MOVE_TO_START,OK,2,APPROACH,-0.000149,-0.796135,1.209943,0.000962,0.802324,0.000173
1780621787.058321,152,MOVE_TO_START,OK,2,APPROACH,-0.000149,-0.796261,1.210177,0.000964,0.802454,0.000173
1780621787.171987,153,MOVE_TO_START,OK,3,SEARCH,-0.000153,-0.796285,1.210392,0.000959,0.802481,0.000174
1780621787.264707,154,MOVE_TO_START,OK,2,APPROACH,-0.000154,-0.796346,1.210547,0.000957,0.802548,0.000173
1780621787.378002,155,MOVE_TO_START,OK,2,APPROACH,-0.000149,-0.796294,1.210206,0.000966,0.802486,0.000174
1780621787.467426,156,MOVE_TO_START,OK,2,APPROACH,-0.000153,-0.795889,1.209684,0.000950,0.802078,0.000172
1780621787.586522,157,MOVE_TO_START,OK,2,APPROACH,-0.000151,-0.796336,1.210393,0.000961,0.802535,0.000173
1780621787.663773,158,MOVE_TO_START,OK,2,APPROACH,-0.000150,-0.796640,1.210935,0.000967,0.802846,0.000174
1780621787.786314,159,MOVE_TO_START,OK,3,SEARCH,-0.000149,-0.795702,1.209123,0.000959,0.801874,0.000174
1780621787.871716,160,MOVE_TO_START,OK,2,APPROACH,-0.000149,-0.796223,1.210114,0.000963,0.802416,0.000173
1780621787.993703,161,MOVE_TO_START,OK,3,SEARCH,-0.000153,-0.796600,1.210977,0.000964,0.802804,0.000175
1780621788.082063,162,MOVE_TO_START,OK,3,SEARCH,-0.000151,-0.795953,1.209662,0.000960,0.802134,0.000174
1780621788.206057,163,MOVE_TO_START,OK,2,APPROACH,-0.000149,-0.796220,1.210114,0.000962,0.802413,0.000173
1780621788.295284,164,MOVE_TO_START,OK,3,SEARCH,-0.000148,-0.795680,1.209017,0.000962,0.801848,0.000174
1780621788.405352,165,MOVE_TO_START,OK,2,APPROACH,-0.000150,-0.796240,1.210198,0.000961,0.802435,0.000173
1780621788.561839,166,MOVE_TO_START,OK,3,SEARCH,-0.000149,-0.795235,1.208211,0.000955,0.801392,0.000173
1780621788.623706,167,MOVE_TO_START,OK,2,APPROACH,-0.000147,-0.795769,1.209148,0.000963,0.801941,0.000174
1780621788.750292,168,MOVE_TO_START,OK,2,APPROACH,-0.000151,-0.796127,1.210027,0.000957,0.802320,0.000172
1780621788.833839,169,MOVE_TO_START,OK,3,SEARCH,-0.000150,-0.795818,1.209353,0.000961,0.801993,0.000175
1780621788.958161,170,MOVE_TO_START,OK,2,APPROACH,-0.000149,-0.795837,1.209385,0.000958,0.802018,0.000172
1780621789.045164,171,MOVE_TO_START,OK,2,APPROACH,-0.000147,-0.795278,1.208209,0.000959,0.801432,0.000174
1780621789.165566,172,MOVE_TO_START,OK,2,APPROACH,-0.000150,-0.796921,1.211457,0.000971,0.803135,0.000174
1780621789.272413,173,MOVE_TO_START,OK,2,APPROACH,-0.000149,-0.796353,1.210320,0.000967,0.802547,0.000174
1780621789.382820,174,MOVE_TO_START,OK,2,APPROACH,-0.000149,-0.795840,1.209383,0.000959,0.802020,0.000173
1780621789.484533,175,MOVE_TO_START,OK,2,APPROACH,-0.000151,-0.796592,1.210888,0.000963,0.802800,0.000173
1780621789.602187,176,MOVE_TO_START,OK,3,SEARCH,-0.000149,-0.795312,1.208349,0.000956,0.801470,0.000173
1780621789.715298,177,MOVE_TO_START,OK,2,APPROACH,-0.000149,-0.795992,1.209659,0.000961,0.802177,0.000173
1780621789.814169,178,MOVE_TO_START,OK,3,SEARCH,-0.000152,-0.795499,1.208873,0.000950,0.801671,0.000173
1780621789.906799,179,MOVE_TO_START,OK,3,SEARCH,-0.000149,-0.795319,1.208372,0.000956,0.801478,0.000174
1780621790.022294,180,MOVE_TO_START,OK,2,APPROACH,-0.000150,-0.796198,1.210095,0.000961,0.802391,0.000173
1780621790.141815,181,MOVE_TO_START,OK,3,SEARCH,-0.000150,-0.795629,1.208995,0.000958,0.801799,0.000174
1780621790.234004,182,MOVE_TO_START,OK,2,APPROACH,-0.000149,-0.796018,1.209733,0.000960,0.802205,0.000173
1780621790.324965,183,MOVE_TO_START,OK,2,APPROACH,-0.000150,-0.796557,1.210781,0.000965,0.802761,0.000173
1780621790.443936,184,MOVE_TO_START,OK,3,SEARCH,-0.000149,-0.795950,1.209569,0.000965,0.802125,0.000175
1780621790.545361,185,MOVE_TO_START,OK,2,APPROACH,-0.000149,-0.796292,1.210232,0.000965,0.802485,0.000173
1780621790.654999,186,MOVE_TO_START,OK,2,APPROACH,-0.000149,-0.796256,1.210134,0.000966,0.802446,0.000174
1780621790.744024,187,MOVE_TO_START,OK,3,SEARCH,-0.000149,-0.795634,1.208966,0.000960,0.801802,0.000174
1780621790.866213,188,MOVE_TO_START,OK,2,APPROACH,-0.000150,-0.796215,1.210119,0.000962,0.802408,0.000173
1780621790.947286,189,MOVE_TO_START,OK,2,APPROACH,-0.000150,-0.796241,1.210162,0.000962,0.802435,0.000173
1780621791.064597,190,MOVE_TO_START,OK,2,APPROACH,-0.000149,-0.795925,1.209510,0.000961,0.802105,0.000173
1780621791.157932,191,MOVE_TO_START,OK,2,APPROACH,-0.000149,-0.795765,1.209242,0.000957,0.801943,0.000172
1780621791.266344,192,MOVE_TO_START,OK,3,SEARCH,-0.000150,-0.795447,1.208691,0.000953,0.801615,0.000173
1780621791.349611,193,MOVE_TO_START,OK,2,APPROACH,-0.000149,-0.795207,1.208183,0.000952,0.801366,0.000172
1780621791.465827,194,MOVE_TO_START,OK,2,APPROACH,-0.000149,-0.796037,1.209752,0.000961,0.802224,0.000173
1780621791.555325,195,MOVE_TO_START,OK,2,APPROACH,-0.000149,-0.795873,1.209416,0.000960,0.802053,0.000173
1780621791.664918,196,MOVE_TO_START,OK,2,APPROACH,-0.000151,-0.796448,1.210603,0.000962,0.802651,0.000173
1780621791.760462,197,MOVE_TO_START,OK,2,APPROACH,-0.000150,-0.796124,1.209951,0.000960,0.802315,0.000172
1780621791.872751,198,MOVE_TO_START,OK,3,SEARCH,-0.000150,-0.795353,1.208484,0.000953,0.801516,0.000173
1780621791.992257,199,MOVE_TO_START,OK,2,APPROACH,-0.000150,-0.796296,1.210294,0.000961,0.802493,0.000173
1780621792.076725,200,MOVE_TO_START,OK,3,SEARCH,-0.000149,-0.795479,1.208679,0.000957,0.801644,0.000173
1780621792.194955,201,MOVE_TO_START,OK,2,APPROACH,-0.000150,-0.796321,1.210314,0.000963,0.802517,0.000173
1780621792.297796,202,MOVE_TO_START,OK,1,MOVE_TO_START,-0.000151,-0.796411,1.210557,0.000960,0.802614,0.000172
1780621792.400771,203,MOVE_TO_START,OK,3,SEARCH,-0.000149,-0.795758,1.209191,0.000962,0.801928,0.000175
1780621792.510123,204,MOVE_TO_START,OK,2,APPROACH,-0.000150,-0.796306,1.210280,0.000963,0.802501,0.000173
1780621792.607327,205,MOVE_TO_START,OK,2,APPROACH,-0.000154,-0.796425,1.210708,0.000957,0.802630,0.000173
1780621792.704205,206,MOVE_TO_START,OK,3,SEARCH,-0.000149,-0.795450,1.208638,0.000957,0.801613,0.000174
1780621792.845591,207,MOVE_TO_START,OK,2,APPROACH,-0.000150,-0.796126,1.209960,0.000960,0.802317,0.000172
1780621792.897146,208,MOVE_TO_START,OK,2,APPROACH,-0.000149,-0.795968,1.209605,0.000961,0.802150,0.000173
1780621793.040174,209,MOVE_TO_START,OK,2,APPROACH,-0.000149,-0.796209,1.210094,0.000962,0.802401,0.000173
1780621793.121945,210,MOVE_TO_START,OK,2,APPROACH,-0.000150,-0.796145,1.209977,0.000961,0.802335,0.000173
1780621793.225638,211,MOVE_TO_START,OK,3,SEARCH,-0.000149,-0.795258,1.208247,0.000955,0.801414,0.000173
1780621793.335574,212,MOVE_TO_START,OK,2,APPROACH,-0.000150,-0.795898,1.209532,0.000957,0.802082,0.000172
1780621793.437745,213,MOVE_TO_START,OK,3,SEARCH,-0.000149,-0.795564,1.208875,0.000956,0.801733,0.000173
1780621793.523843,214,MOVE_TO_START,OK,3,SEARCH,-0.000154,-0.796499,1.210813,0.000961,0.802703,0.000174
1780621793.636120,215,MOVE_TO_START,OK,2,APPROACH,-0.000152,-0.796626,1.211008,0.000963,0.802834,0.000174
1780621793.730186,216,MOVE_TO_START,OK,2,APPROACH,-0.000154,-0.795800,1.209524,0.000949,0.801987,0.000172
1780621793.840915,217,MOVE_TO_START,OK,2,APPROACH,-0.000149,-0.796057,1.209806,0.000960,0.802245,0.000173
1780621793.927825,218,MOVE_TO_START,OK,3,SEARCH,-0.000153,-0.796514,1.210808,0.000963,0.802716,0.000175
1780621794.044591,219,MOVE_TO_START,OK,2,APPROACH,-0.000150,-0.796676,1.211000,0.000967,0.802883,0.000174
1780621794.145432,220,MOVE_TO_START,OK,2,APPROACH,-0.000149,-0.796042,1.209784,0.000960,0.802230,0.000172
1780621794.275486,221,MOVE_TO_START,OK,2,APPROACH,-0.000153,-0.796508,1.210824,0.000961,0.802712,0.000174
1780621794.368155,222,MOVE_TO_START,OK,2,APPROACH,-0.000150,-0.796476,1.210638,0.000964,0.802677,0.000174
1780621794.477615,223,MOVE_TO_START,OK,3,SEARCH,-0.000149,-0.795631,1.208999,0.000957,0.801802,0.000173
1780621794.564015,224,MOVE_TO_START,OK,2,APPROACH,-0.000149,-0.796039,1.209767,0.000960,0.802226,0.000173
1780621794.685441,225,MOVE_TO_START,OK,3,SEARCH,-0.000150,-0.795723,1.209188,0.000958,0.801896,0.000174
1780621794.774735,226,MOVE_TO_START,OK,3,SEARCH,-0.000153,-0.796480,1.210773,0.000961,0.802683,0.000174
1780621794.894573,227,MOVE_TO_START,OK,2,APPROACH,-0.000149,-0.796334,1.210286,0.000966,0.802527,0.000174
1780621794.977576,228,MOVE_TO_START,OK,2,APPROACH,-0.000149,-0.795102,1.208008,0.000950,0.801258,0.000172
1780621795.110333,229,MOVE_TO_START,OK,2,APPROACH,-0.000149,-0.796568,1.210755,0.000968,0.802770,0.000174
1780621795.175129,230,MOVE_TO_START,OK,2,APPROACH,-0.000153,-0.796226,1.210278,0.000957,0.802422,0.000174
1780621795.298775,231,MOVE_TO_START,OK,2,APPROACH,-0.000149,-0.796063,1.209809,0.000961,0.802250,0.000173
1780621795.419373,232,MOVE_TO_START,OK,3,SEARCH,-0.000149,-0.795668,1.209034,0.000959,0.801838,0.000174
1780621795.506891,233,MOVE_TO_START,OK,3,SEARCH,-0.000151,-0.795979,1.209691,0.000961,0.802160,0.000174
1780621795.627422,234,MOVE_TO_START,OK,2,APPROACH,-0.000149,-0.796312,1.210270,0.000965,0.802506,0.000173
1780621795.736009,235,MOVE_TO_START,OK,2,APPROACH,-0.000152,-0.796035,1.209878,0.000957,0.802222,0.000174
1780621795.885336,236,MOVE_TO_START,OK,2,APPROACH,-0.000150,-0.796455,1.210565,0.000965,0.802655,0.000173
1780621795.933171,237,MOVE_TO_START,OK,3,SEARCH,-0.000150,-0.795714,1.209199,0.000956,0.801890,0.000173
1780621796.060562,238,MOVE_TO_START,OK,2,APPROACH,-0.000149,-0.796358,1.210342,0.000966,0.802553,0.000174
1780621796.142819,239,MOVE_TO_START,OK,2,APPROACH,-0.000150,-0.796196,1.210077,0.000962,0.802388,0.000173
1780621796.257654,240,MOVE_TO_START,OK,2,APPROACH,-0.000149,-0.796101,1.209883,0.000961,0.802290,0.000173
1780621796.346581,241,MOVE_TO_START,OK,2,APPROACH,-0.000149,-0.796397,1.210436,0.000965,0.802594,0.000173
1780621796.470678,242,MOVE_TO_START,OK,3,SEARCH,-0.000150,-0.795477,1.208714,0.000955,0.801643,0.000173
1780621796.549083,243,MOVE_TO_START,OK,2,APPROACH,-0.000149,-0.796250,1.210170,0.000963,0.802443,0.000173
1780621796.680252,244,MOVE_TO_START,OK,2,APPROACH,-0.000151,-0.796105,1.209953,0.000958,0.802297,0.000172
1780621796.773007,245,MOVE_TO_START,OK,3,SEARCH,-0.000150,-0.795427,1.208664,0.000952,0.801594,0.000173
1780621796.887392,246,MOVE_TO_START,OK,2,APPROACH,-0.000149,-0.796320,1.210264,0.000966,0.802513,0.000174
1780621796.976011,247,MOVE_TO_START,OK,3,SEARCH,-0.000149,-0.795632,1.208974,0.000958,0.801802,0.000173
1780621797.094727,248,MOVE_TO_START,OK,2,APPROACH,-0.000151,-0.796894,1.211443,0.000968,0.803109,0.000174
1780621797.196870,249,MOVE_TO_START,OK,2,APPROACH,-0.000154,-0.796453,1.210780,0.000956,0.802660,0.000173
1780621797.309047,250,MOVE_TO_START,OK,2,APPROACH,-0.000149,-0.796056,1.209760,0.000963,0.802241,0.000173
1780621797.419826,251,MOVE_TO_START,OK,2,APPROACH,-0.000149,-0.796381,1.210379,0.000967,0.802576,0.000174
1780621797.538399,252,MOVE_TO_START,OK,3,SEARCH,-0.000154,-0.796301,1.210445,0.000958,0.802499,0.000174
1780621797.633900,253,MOVE_TO_START,OK,3,SEARCH,-0.000153,-0.796389,1.210573,0.000961,0.802588,0.000174
1780621797.750555,254,MOVE_TO_START,OK,2,APPROACH,-0.000150,-0.795685,1.209165,0.000952,0.801866,0.000171
1780621797.834310,255,MOVE_TO_START,OK,3,SEARCH,-0.000149,-0.795453,1.208633,0.000957,0.801617,0.000174
1780621797.947471,256,MOVE_TO_START,OK,2,APPROACH,-0.000150,-0.796470,1.210630,0.000963,0.802673,0.000173
1780621798.036885,257,MOVE_TO_START,OK,2,APPROACH,-0.000150,-0.795960,1.209655,0.000957,0.802147,0.000172
1780621798.152393,258,MOVE_TO_START,OK,3,SEARCH,-0.000150,-0.795951,1.209592,0.000963,0.802128,0.000175
1780621798.242918,259,MOVE_TO_START,OK,2,APPROACH,-0.000150,-0.796227,1.210165,0.000961,0.802422,0.000173
1780621798.366079,260,MOVE_TO_START,OK,3,SEARCH,-0.000150,-0.795554,1.208864,0.000955,0.801724,0.000173
1780621798.445605,261,MOVE_TO_START,OK,2,APPROACH,-0.000150,-0.795054,1.207941,0.000948,0.801209,0.000172
1780621798.565545,262,MOVE_TO_START,OK,1,MOVE_TO_START,-0.000151,-0.796565,1.210824,0.000964,0.802771,0.000173
1780621798.651801,263,MOVE_TO_START,OK,3,SEARCH,-0.000150,-0.795815,1.209367,0.000959,0.801991,0.000174
1780621798.763153,264,MOVE_TO_START,OK,2,APPROACH,-0.000149,-0.796102,1.209886,0.000961,0.802291,0.000173
1780621798.886512,265,MOVE_TO_START,OK,2,APPROACH,-0.000151,-0.795447,1.208726,0.000951,0.801616,0.000173
1780621798.981732,266,MOVE_TO_START,OK,3,SEARCH,-0.000152,-0.796310,1.210377,0.000963,0.802502,0.000175
1780621799.091844,267,MOVE_TO_START,OK,1,MOVE_TO_START,-0.000151,-0.796428,1.210589,0.000961,0.802632,0.000172
1780621799.178950,268,MOVE_TO_START,OK,2,APPROACH,-0.000149,-0.795946,1.209577,0.000960,0.802129,0.000173
1780621799.328895,269,MOVE_TO_START,OK,2,APPROACH,-0.000149,-0.796265,1.210177,0.000964,0.802457,0.000173
1780621799.385875,270,MOVE_TO_START,OK,2,APPROACH,-0.000150,-0.795919,1.209586,0.000956,0.802105,0.000172
1780621799.506017,271,MOVE_TO_START,OK,1,MOVE_TO_START,-0.000153,-0.795624,1.209166,0.000948,0.801804,0.000172
1780621799.599691,272,MOVE_TO_START,OK,2,APPROACH,-0.000148,-0.795927,1.209495,0.000963,0.802106,0.000173
1780621799.715388,273,MOVE_TO_START,OK,2,APPROACH,-0.000148,-0.796358,1.210308,0.000968,0.802550,0.000174
1780621799.808175,274,MOVE_TO_START,OK,2,APPROACH,-0.000150,-0.795071,1.207937,0.000951,0.801224,0.000173
1780621799.923757,275,MOVE_TO_START,OK,2,APPROACH,-0.000151,-0.796445,1.210601,0.000962,0.802648,0.000173
1780621800.019441,276,MOVE_TO_START,OK,2,APPROACH,-0.000149,-0.796060,1.209789,0.000962,0.802246,0.000173
1780621800.137272,277,MOVE_TO_START,OK,2,APPROACH,-0.000148,-0.795437,1.208557,0.000957,0.801601,0.000173
1780621800.227136,278,MOVE_TO_START,OK,2,APPROACH,-0.000150,-0.796210,1.210104,0.000962,0.802403,0.000173
1780621800.356862,279,MOVE_TO_START,OK,3,SEARCH,-0.000149,-0.795524,1.208758,0.000959,0.801687,0.000175
1780621800.446846,280,MOVE_TO_START,OK,3,SEARCH,-0.000149,-0.795881,1.209445,0.000963,0.802055,0.000175
1780621800.566900,281,MOVE_TO_START,OK,2,APPROACH,-0.000150,-0.796317,1.210300,0.000964,0.802513,0.000173
1780621800.660707,282,MOVE_TO_START,OK,3,SEARCH,-0.000149,-0.795375,1.208495,0.000955,0.801537,0.000173
1780621800.784739,283,MOVE_TO_START,OK,2,APPROACH,-0.000149,-0.795893,1.209488,0.000959,0.802076,0.000172
1780621800.868198,284,MOVE_TO_START,OK,2,APPROACH,-0.000149,-0.796303,1.210253,0.000964,0.802498,0.000173
1780621801.016311,285,MOVE_TO_START,OK,3,SEARCH,-0.000149,-0.795613,1.208951,0.000959,0.801781,0.000174
1780621801.084966,286,MOVE_TO_START,OK,2,APPROACH,-0.000150,-0.796394,1.210456,0.000964,0.802593,0.000173
1780621801.235425,287,MOVE_TO_START,OK,2,APPROACH,-0.000151,-0.795197,1.208264,0.000948,0.801358,0.000173
1780621801.297615,288,MOVE_TO_START,OK,3,SEARCH,-0.000151,-0.795174,1.208215,0.000949,0.801333,0.000173
1780621801.425378,289,MOVE_TO_START,OK,2,APPROACH,-0.000150,-0.796262,1.210231,0.000961,0.802459,0.000173
1780621801.515464,290,MOVE_TO_START,OK,3,SEARCH,-0.000150,-0.795912,1.209553,0.000961,0.802090,0.000174
1780621801.640974,291,MOVE_TO_START,OK,2,APPROACH,-0.000149,-0.796158,1.209966,0.000963,0.802347,0.000173
1780621801.721674,292,MOVE_TO_START,OK,2,APPROACH,-0.000150,-0.795882,1.209533,0.000955,0.802068,0.000172
1780621801.846816,293,MOVE_TO_START,OK,3,SEARCH,-0.000150,-0.795934,1.209575,0.000962,0.802111,0.000175
1780621801.932468,294,MOVE_TO_START,OK,2,APPROACH,-0.000149,-0.795854,1.209398,0.000959,0.802034,0.000173
1780621802.050762,295,MOVE_TO_START,OK,2,APPROACH,-0.000149,-0.796237,1.210104,0.000965,0.802428,0.000174
1780621802.152812,296,MOVE_TO_START,OK,3,SEARCH,-0.000150,-0.795824,1.209373,0.000960,0.801998,0.000175
1780621802.272813,297,MOVE_TO_START,OK,2,APPROACH,-0.000152,-0.796502,1.210754,0.000960,0.802710,0.000172
1780621802.393496,298,MOVE_TO_START,OK,3,SEARCH,-0.000148,-0.795391,1.208484,0.000958,0.801550,0.000174
1780621802.474350,299,MOVE_TO_START,OK,3,SEARCH,-0.000150,-0.795785,1.209331,0.000958,0.801962,0.000174
1780621802.594958,300,MOVE_TO_START,OK,2,APPROACH,-0.000150,-0.795999,1.209714,0.000959,0.802186,0.000172
1780621802.682498,301,MOVE_TO_START,OK,2,APPROACH,-0.000150,-0.795205,1.208200,0.000952,0.801363,0.000173
1780621802.804176,302,MOVE_TO_START,OK,2,APPROACH,-0.000151,-0.796682,1.211050,0.000965,0.802892,0.000173
1780621802.897269,303,MOVE_TO_START,OK,2,APPROACH,-0.000150,-0.795991,1.209694,0.000959,0.802178,0.000172
1780621803.019576,304,MOVE_TO_START,OK,3,SEARCH,-0.000149,-0.795278,1.208288,0.000955,0.801435,0.000173
1780621803.118399,305,MOVE_TO_START,OK,2,APPROACH,-0.000151,-0.796405,1.210540,0.000961,0.802607,0.000172
1780621803.230281,306,MOVE_TO_START,OK,3,SEARCH,-0.000149,-0.795466,1.208673,0.000956,0.801631,0.000173
1780621803.320902,307,MOVE_TO_START,OK,2,APPROACH,-0.000150,-0.795254,1.208322,0.000950,0.801416,0.000172
1780621803.466712,308,MOVE_TO_START,OK,2,APPROACH,-0.000151,-0.796277,1.210276,0.000960,0.802474,0.000173
1780621803.522231,309,MOVE_TO_START,OK,2,APPROACH,-0.000153,-0.796377,1.210588,0.000958,0.802578,0.000174
1780621803.638619,310,MOVE_TO_START,OK,2,APPROACH,-0.000149,-0.795919,1.209511,0.000960,0.802101,0.000173
1780621803.742318,311,MOVE_TO_START,OK,2,APPROACH,-0.000150,-0.796316,1.210341,0.000961,0.802514,0.000173
1780621803.866564,312,MOVE_TO_START,OK,3,SEARCH,-0.000151,-0.796086,1.209900,0.000962,0.802270,0.000175
1780621803.928624,313,MOVE_TO_START,OK,3,SEARCH,-0.000153,-0.795979,1.209798,0.000956,0.802165,0.000174
1780621804.048522,314,MOVE_TO_START,OK,2,APPROACH,-0.000149,-0.796051,1.209772,0.000962,0.802237,0.000173
1780621804.140300,315,MOVE_TO_START,OK,2,APPROACH,-0.000150,-0.795497,1.208769,0.000956,0.801662,0.000174
1780621804.305378,316,MOVE_TO_START,OK,2,APPROACH,-0.000150,-0.796584,1.210839,0.000965,0.802789,0.000173
1780621804.366421,317,MOVE_TO_START,OK,2,APPROACH,-0.000150,-0.796520,1.210685,0.000967,0.802720,0.000174
1780621804.482690,318,MOVE_TO_START,OK,2,APPROACH,-0.000148,-0.795992,1.209622,0.000963,0.802174,0.000173
1780621804.582974,319,MOVE_TO_START,OK,2,APPROACH,-0.000149,-0.796499,1.210624,0.000967,0.802699,0.000174
1780621804.706253,320,MOVE_TO_START,OK,3,SEARCH,-0.000151,-0.795528,1.208873,0.000954,0.801696,0.000174
1780621804.798010,321,MOVE_TO_START,OK,2,APPROACH,-0.000147,-0.795613,1.208868,0.000960,0.801781,0.000173
1780621804.918997,322,MOVE_TO_START,OK,2,APPROACH,-0.000150,-0.796394,1.210462,0.000964,0.802593,0.000173
1780621805.015630,323,MOVE_TO_START,OK,2,APPROACH,-0.000149,-0.796216,1.210100,0.000963,0.802408,0.000173
1780621805.135544,324,MOVE_TO_START,OK,2,APPROACH,-0.000150,-0.796063,1.209832,0.000960,0.802252,0.000172
1780621805.234189,325,MOVE_TO_START,OK,2,APPROACH,-0.000149,-0.796350,1.210341,0.000965,0.802545,0.000173
1780621805.350106,326,MOVE_TO_START,OK,3,SEARCH,-0.000149,-0.795378,1.208490,0.000956,0.801539,0.000173
1780621805.442344,327,MOVE_TO_START,OK,1,MOVE_TO_START,-0.000151,-0.796478,1.210659,0.000963,0.802682,0.000173
1780621805.552762,328,MOVE_TO_START,OK,2,APPROACH,-0.000150,-0.795189,1.208186,0.000951,0.801347,0.000173
1780621805.643891,329,MOVE_TO_START,OK,3,SEARCH,-0.000148,-0.795602,1.208878,0.000961,0.801767,0.000174
1780621805.768175,330,MOVE_TO_START,OK,2,APPROACH,-0.000151,-0.796810,1.211325,0.000965,0.803026,0.000173
1780621805.925416,331,MOVE_TO_START,OK,3,SEARCH,-0.000151,-0.796147,1.209997,0.000964,0.802332,0.000175
1780621805.973272,332,MOVE_TO_START,OK,2,APPROACH,-0.000149,-0.796069,1.209793,0.000963,0.802255,0.000173
1780621806.094337,333,MOVE_TO_START,OK,2,APPROACH,-0.000148,-0.795396,1.208474,0.000957,0.801558,0.000173
1780621806.180318,334,MOVE_TO_START,OK,3,SEARCH,-0.000149,-0.795906,1.209481,0.000964,0.802081,0.000175
1780621806.302587,335,MOVE_TO_START,OK,2,APPROACH,-0.000150,-0.796404,1.210475,0.000964,0.802603,0.000173
1780621806.393420,336,MOVE_TO_START,OK,2,APPROACH,-0.000149,-0.796106,1.209877,0.000962,0.802294,0.000173
1780621806.514979,337,MOVE_TO_START,OK,2,APPROACH,-0.000149,-0.796297,1.210222,0.000966,0.802489,0.000174
1780621806.617436,338,MOVE_TO_START,OK,2,APPROACH,-0.000149,-0.796167,1.210001,0.000962,0.802358,0.000173
1780621806.728208,339,MOVE_TO_START,OK,3,SEARCH,-0.000150,-0.795979,1.209633,0.000964,0.802157,0.000175
1780621806.807065,340,MOVE_TO_START,OK,3,SEARCH,-0.000153,-0.796521,1.210821,0.000963,0.802723,0.000175
1780621806.961935,341,MOVE_TO_START,OK,2,APPROACH,-0.000150,-0.795980,1.209676,0.000959,0.802166,0.000172
1780621807.018071,342,MOVE_TO_START,OK,3,SEARCH,-0.000152,-0.795180,1.208245,0.000948,0.801339,0.000173
1780621807.138499,343,MOVE_TO_START,OK,2,APPROACH,-0.000151,-0.796661,1.210997,0.000966,0.802870,0.000173
1780621807.241672,344,MOVE_TO_START,OK,2,APPROACH,-0.000150,-0.796586,1.210840,0.000965,0.802791,0.000173
1780621807.347557,345,MOVE_TO_START,OK,2,APPROACH,-0.000147,-0.795319,1.208283,0.000958,0.801476,0.000173
1780621807.448352,346,MOVE_TO_START,OK,2,APPROACH,-0.000150,-0.796537,1.210757,0.000964,0.802742,0.000173
1780621807.566935,347,MOVE_TO_START,OK,3,SEARCH,-0.000154,-0.796442,1.210743,0.000958,0.802647,0.000174
1780621807.657654,348,MOVE_TO_START,OK,3,SEARCH,-0.000154,-0.796286,1.210423,0.000957,0.802485,0.000174
1780621807.773340,349,MOVE_TO_START,OK,2,APPROACH,-0.000150,-0.796185,1.210071,0.000961,0.802378,0.000173
1780621807.863098,350,MOVE_TO_START,OK,2,APPROACH,-0.000151,-0.795219,1.208313,0.000947,0.801382,0.000172
1780621807.978838,351,MOVE_TO_START,OK,2,APPROACH,-0.000151,-0.796705,1.211111,0.000964,0.802917,0.000173
1780621808.065000,352,MOVE_TO_START,OK,2,APPROACH,-0.000150,-0.796668,1.210955,0.000969,0.802873,0.000174
1780621808.186381,353,MOVE_TO_START,OK,2,APPROACH,-0.000150,-0.794813,1.207510,0.000944,0.800962,0.000172
1780621808.285275,354,MOVE_TO_START,OK,2,APPROACH,-0.000151,-0.794954,1.207801,0.000945,0.801109,0.000172
1780621808.388855,355,MOVE_TO_START,OK,3,SEARCH,-0.000151,-0.796072,1.209908,0.000959,0.802259,0.000174
1780621808.488711,356,MOVE_TO_START,OK,3,SEARCH,-0.000149,-0.795726,1.209150,0.000961,0.801896,0.000175
1780621808.609336,357,MOVE_TO_START,OK,2,APPROACH,-0.000150,-0.796310,1.210331,0.000961,0.802508,0.000173
1780621808.697080,358,MOVE_TO_START,OK,2,APPROACH,-0.000149,-0.795746,1.209169,0.000960,0.801919,0.000173
1780621808.811612,359,MOVE_TO_START,OK,2,APPROACH,-0.000149,-0.796176,1.210009,0.000963,0.802366,0.000173
1780621808.903900,360,MOVE_TO_START,OK,2,APPROACH,-0.000150,-0.796333,1.210349,0.000963,0.802530,0.000173
1780621809.021125,361,MOVE_TO_START,OK,2,APPROACH,-0.000148,-0.796257,1.210121,0.000966,0.802447,0.000174
1780621809.103136,362,MOVE_TO_START,OK,2,APPROACH,-0.000149,-0.795862,1.209412,0.000960,0.802042,0.000173
1780621809.241860,363,MOVE_TO_START,OK,2,APPROACH,-0.000148,-0.796343,1.210284,0.000967,0.802535,0.000174
1780621809.343606,364,MOVE_TO_START,OK,3,SEARCH,-0.000153,-0.796306,1.210410,0.000960,0.802502,0.000174
1780621809.427116,365,MOVE_TO_START,OK,2,APPROACH,-0.000149,-0.796237,1.210143,0.000963,0.802430,0.000173
1780621809.555186,366,MOVE_TO_START,OK,3,SEARCH,-0.000148,-0.795345,1.208399,0.000957,0.801503,0.000174
1780621809.646086,367,MOVE_TO_START,OK,3,SEARCH,-0.000150,-0.795791,1.209306,0.000960,0.801965,0.000174
1780621809.762578,368,MOVE_TO_START,OK,2,APPROACH,-0.000149,-0.796411,1.210420,0.000968,0.802606,0.000174
1780621809.849972,369,MOVE_TO_START,OK,2,APPROACH,-0.000150,-0.795465,1.208703,0.000954,0.801632,0.000173
1780621809.971970,370,MOVE_TO_START,OK,2,APPROACH,-0.000149,-0.795390,1.208518,0.000955,0.801553,0.000173
1780621810.059232,371,MOVE_TO_START,OK,2,APPROACH,-0.000151,-0.796690,1.211051,0.000966,0.802899,0.000173
1780621810.184416,372,MOVE_TO_START,OK,3,SEARCH,-0.000148,-0.795207,1.208118,0.000956,0.801360,0.000174
1780621810.276157,373,MOVE_TO_START,OK,2,APPROACH,-0.000150,-0.795958,1.209644,0.000958,0.802145,0.000172
1780621810.393821,374,MOVE_TO_START,OK,3,SEARCH,-0.000152,-0.795617,1.209060,0.000954,0.801789,0.000174
1780621810.510073,375,MOVE_TO_START,OK,3,SEARCH,-0.000149,-0.795213,1.208178,0.000954,0.801368,0.000173
1780621810.648223,376,MOVE_TO_START,OK,2,APPROACH,-0.000150,-0.796297,1.210268,0.000963,0.802492,0.000173
1780621810.746243,377,MOVE_TO_START,OK,2,APPROACH,-0.000150,-0.796301,1.210275,0.000963,0.802496,0.000173
1780621810.883732,378,MOVE_TO_START,OK,2,APPROACH,-0.000151,-0.796642,1.210984,0.000964,0.802851,0.000173
1780621810.976376,379,MOVE_TO_START,OK,2,APPROACH,-0.000150,-0.796695,1.211044,0.000967,0.802903,0.000174
1780621811.111037,380,MOVE_TO_START,OK,3,SEARCH,-0.000149,-0.795293,1.208340,0.000954,0.801453,0.000173
1780621811.200260,381,MOVE_TO_START,OK,2,APPROACH,-0.000150,-0.796508,1.210695,0.000964,0.802711,0.000173
1780621811.324934,382,MOVE_TO_START,OK,2,APPROACH,-0.000153,-0.796259,1.210327,0.000959,0.802454,0.000174
1780621811.408028,383,MOVE_TO_START,OK,3,SEARCH,-0.000151,-0.795583,1.208963,0.000956,0.801752,0.000174
1780621811.525621,384,MOVE_TO_START,OK,2,APPROACH,-0.000149,-0.796213,1.210086,0.000963,0.802405,0.000173
1780621811.611537,385,MOVE_TO_START,OK,2,APPROACH,-0.000150,-0.796599,1.210863,0.000966,0.802805,0.000173
1780621811.732139,386,MOVE_TO_START,OK,2,APPROACH,-0.000149,-0.795312,1.208391,0.000952,0.801476,0.000172
1780621811.817207,387,MOVE_TO_START,OK,2,APPROACH,-0.000149,-0.795962,1.209625,0.000959,0.802147,0.000172
1780621811.944634,388,MOVE_TO_START,OK,3,SEARCH,-0.000150,-0.795895,1.209518,0.000961,0.802072,0.000174
1780621812.022662,389,MOVE_TO_START,OK,2,APPROACH,-0.000154,-0.796278,1.210426,0.000956,0.802479,0.000173
1780621812.139732,390,MOVE_TO_START,OK,2,APPROACH,-0.000148,-0.796208,1.210028,0.000966,0.802396,0.000174
1780621812.230627,391,MOVE_TO_START,OK,3,SEARCH,-0.000148,-0.795452,1.208596,0.000959,0.801613,0.000174
1780621812.358595,392,MOVE_TO_START,OK,2,APPROACH,-0.000151,-0.796185,1.210117,0.000959,0.802381,0.000172
1780621812.445641,393,MOVE_TO_START,OK,2,APPROACH,-0.000149,-0.796391,1.210405,0.000966,0.802586,0.000174
1780621812.558094,394,MOVE_TO_START,OK,1,MOVE_TO_START,-0.000153,-0.795684,1.209289,0.000948,0.801866,0.000172
1780621812.654181,395,MOVE_TO_START,OK,2,APPROACH,-0.000150,-0.796576,1.210819,0.000965,0.802781,0.000173
1780621812.762786,396,MOVE_TO_START,OK,3,SEARCH,-0.000151,-0.795315,1.208488,0.000950,0.801479,0.000173
1780621812.893245,397,MOVE_TO_START,OK,2,APPROACH,-0.000149,-0.795993,1.209684,0.000960,0.802179,0.000172
1780621812.971464,398,MOVE_TO_START,OK,1,MOVE_TO_START,-0.000151,-0.796618,1.210933,0.000964,0.802826,0.000173
1780621813.081981,399,MOVE_TO_START,OK,3,SEARCH,-0.000150,-0.795507,1.208791,0.000955,0.801674,0.000174
1780621813.185386,400,MOVE_TO_START,OK,2,APPROACH,-0.000149,-0.795952,1.209567,0.000961,0.802134,0.000173
1780621813.287015,401,MOVE_TO_START,OK,2,APPROACH,-0.000148,-0.795616,1.208897,0.000960,0.801785,0.000173
1780621813.377213,402,MOVE_TO_START,OK,3,SEARCH,-0.000150,-0.795903,1.209532,0.000961,0.802081,0.000174
1780621813.490825,403,MOVE_TO_START,OK,2,APPROACH,-0.000150,-0.795836,1.209408,0.000956,0.802018,0.000172
1780621813.596970,404,MOVE_TO_START,OK,2,APPROACH,-0.000148,-0.796059,1.209714,0.000966,0.802240,0.000174
1780621813.697422,405,MOVE_TO_START,OK,3,SEARCH,-0.000152,-0.796287,1.210348,0.000962,0.802480,0.000175
1780621813.786093,406,MOVE_TO_START,OK,2,APPROACH,-0.000151,-0.796414,1.210544,0.000962,0.802616,0.000173
1780621813.904341,407,MOVE_TO_START,OK,3,SEARCH,-0.000149,-0.795295,1.208323,0.000956,0.801452,0.000174
1780621813.988959,408,MOVE_TO_START,OK,3,SEARCH,-0.000150,-0.796058,1.209817,0.000963,0.802241,0.000175
1780621814.116068,409,MOVE_TO_START,OK,2,APPROACH,-0.000151,-0.796533,1.210778,0.000963,0.802738,0.000173
1780621814.205469,410,MOVE_TO_START,OK,3,SEARCH,-0.000150,-0.795803,1.209317,0.000961,0.801975,0.000175
1780621814.330076,411,MOVE_TO_START,OK,2,APPROACH,-0.000150,-0.796523,1.210681,0.000967,0.802724,0.000174
1780621814.429392,412,MOVE_TO_START,OK,2,APPROACH,-0.000150,-0.796491,1.210637,0.000966,0.802692,0.000173
1780621814.551247,413,MOVE_TO_START,OK,1,MOVE_TO_START,-0.000149,-0.794813,1.207425,0.000948,0.800959,0.000172
1780621814.639137,414,MOVE_TO_START,OK,2,APPROACH,-0.000149,-0.796223,1.210081,0.000964,0.802413,0.000173
1780621814.775896,415,MOVE_TO_START,OK,3,SEARCH,-0.000151,-0.796097,1.209953,0.000961,0.802284,0.000174
1780621814.858122,416,MOVE_TO_START,OK,3,SEARCH,-0.000153,-0.796183,1.210180,0.000958,0.802376,0.000174
1780621814.973295,417,MOVE_TO_START,OK,2,APPROACH,-0.000149,-0.795940,1.209561,0.000960,0.802123,0.000173
1780621815.063300,418,MOVE_TO_START,OK,3,SEARCH,-0.000148,-0.795642,1.208936,0.000962,0.801808,0.000175
1780621815.184530,419,MOVE_TO_START,OK,2,APPROACH,-0.000150,-0.796344,1.210361,0.000964,0.802541,0.000173
1780621815.274633,420,MOVE_TO_START,OK,2,APPROACH,-0.000150,-0.796490,1.210658,0.000964,0.802692,0.000173
1780621815.400138,421,MOVE_TO_START,OK,3,SEARCH,-0.000149,-0.795291,1.208348,0.000953,0.801452,0.000173
1780621815.502190,422,MOVE_TO_START,OK,2,APPROACH,-0.000149,-0.796339,1.210317,0.000965,0.802534,0.000173
1780621815.616783,423,MOVE_TO_START,OK,2,APPROACH,-0.000154,-0.796373,1.210608,0.000957,0.802575,0.000174
1780621815.698694,424,MOVE_TO_START,OK,3,SEARCH,-0.000154,-0.796360,1.210582,0.000957,0.802562,0.000174
1780621815.831205,425,MOVE_TO_START,OK,2,APPROACH,-0.000150,-0.796032,1.209778,0.000959,0.802220,0.000172
1780621815.919259,426,MOVE_TO_START,OK,3,SEARCH,-0.000153,-0.796434,1.210672,0.000960,0.802635,0.000174
1780621816.043103,427,MOVE_TO_START,OK,3,SEARCH,-0.000151,-0.795858,1.209486,0.000959,0.802035,0.000175
1780621816.139072,428,MOVE_TO_START,OK,2,APPROACH,-0.000151,-0.796072,1.209943,0.000955,0.802267,0.000171
1780621816.268676,429,MOVE_TO_START,OK,3,SEARCH,-0.000150,-0.795812,1.209361,0.000960,0.801988,0.000174
1780621816.388344,430,MOVE_TO_START,OK,1,MOVE_TO_START,-0.000151,-0.796535,1.210806,0.000961,0.802743,0.000173
1780621816.472571,431,MOVE_TO_START,OK,2,APPROACH,-0.000151,-0.796468,1.210642,0.000963,0.802672,0.000173
1780621816.598897,432,MOVE_TO_START,OK,2,APPROACH,-0.000147,-0.795698,1.209017,0.000962,0.801867,0.000173
1780621816.699667,433,MOVE_TO_START,OK,2,APPROACH,-0.000150,-0.796492,1.210654,0.000965,0.802694,0.000173
1780621816.816545,434,MOVE_TO_START,OK,3,SEARCH,-0.000152,-0.796242,1.210243,0.000961,0.802435,0.000174
1780621816.907907,435,MOVE_TO_START,OK,3,SEARCH,-0.000153,-0.796175,1.210168,0.000958,0.802368,0.000174
1780621817.034252,436,MOVE_TO_START,OK,2,APPROACH,-0.000150,-0.796247,1.210173,0.000962,0.802441,0.000173
1780621817.124783,437,MOVE_TO_START,OK,2,APPROACH,-0.000154,-0.796027,1.209991,0.000949,0.802224,0.000172
1780621817.271556,438,MOVE_TO_START,OK,2,APPROACH,-0.000150,-0.796522,1.210715,0.000965,0.802725,0.000173
1780621817.361055,439,MOVE_TO_START,OK,2,APPROACH,-0.000149,-0.796351,1.210331,0.000966,0.802546,0.000174
1780621817.508286,440,MOVE_TO_START,OK,3,SEARCH,-0.000149,-0.795683,1.209052,0.000961,0.801851,0.000174
1780621817.602306,441,MOVE_TO_START,OK,2,APPROACH,-0.000150,-0.796367,1.210395,0.000964,0.802564,0.000173
1780621817.733909,442,MOVE_TO_START,OK,3,SEARCH,-0.000150,-0.795858,1.209442,0.000961,0.802034,0.000175
1780621817.814749,443,MOVE_TO_START,OK,2,APPROACH,-0.000150,-0.795248,1.208285,0.000952,0.801407,0.000173
1780621817.935108,444,MOVE_TO_START,OK,1,MOVE_TO_START,-0.000151,-0.796594,1.210871,0.000965,0.802801,0.000173
1780621818.022333,445,MOVE_TO_START,OK,3,SEARCH,-0.000151,-0.796099,1.209927,0.000962,0.802285,0.000175
1780621818.166405,446,MOVE_TO_START,OK,3,SEARCH,-0.000151,-0.795661,1.209101,0.000957,0.801832,0.000174
1780621818.264810,447,MOVE_TO_START,OK,2,APPROACH,-0.000149,-0.796250,1.210148,0.000964,0.802442,0.000173
1780621818.380574,448,MOVE_TO_START,OK,3,SEARCH,-0.000150,-0.795834,1.209393,0.000960,0.802010,0.000174
1780621818.475339,449,MOVE_TO_START,OK,2,APPROACH,-0.000149,-0.796012,1.209680,0.000962,0.802196,0.000173
1780621818.608122,450,MOVE_TO_START,OK,2,APPROACH,-0.000149,-0.796158,1.209996,0.000962,0.802348,0.000173
1780621818.695148,451,MOVE_TO_START,OK,3,SEARCH,-0.000149,-0.795835,1.209348,0.000963,0.802007,0.000175
1780621818.825658,452,MOVE_TO_START,OK,2,APPROACH,-0.000150,-0.796252,1.210189,0.000962,0.802447,0.000173
1780621818.919937,453,MOVE_TO_START,OK,2,APPROACH,-0.000150,-0.796025,1.209767,0.000959,0.802213,0.000172
1780621819.071552,454,MOVE_TO_START,OK,2,APPROACH,-0.000148,-0.795645,1.208957,0.000959,0.801816,0.000173
1780621819.145051,455,MOVE_TO_START,OK,2,APPROACH,-0.000150,-0.796511,1.210690,0.000965,0.802714,0.000173
1780621819.266351,456,MOVE_TO_START,OK,3,SEARCH,-0.000149,-0.795829,1.209342,0.000962,0.802003,0.000175
1780621819.366961,457,MOVE_TO_START,OK,2,APPROACH,-0.000151,-0.795621,1.209031,0.000955,0.801793,0.000174
1780621819.509795,458,MOVE_TO_START,OK,2,APPROACH,-0.000150,-0.796173,1.210039,0.000961,0.802366,0.000173
1780621819.590125,459,MOVE_TO_START,OK,1,MOVE_TO_START,-0.000158,-0.796338,1.210751,0.000945,0.802553,0.000171
1780621819.708451,460,MOVE_TO_START,OK,2,APPROACH,-0.000151,-0.796633,1.210958,0.000964,0.802841,0.000173
1780621819.801878,461,MOVE_TO_START,OK,2,APPROACH,-0.000149,-0.796396,1.210389,0.000968,0.802590,0.000174
1780621819.932675,462,MOVE_TO_START,OK,3,SEARCH,-0.000149,-0.795275,1.208324,0.000953,0.801434,0.000173
1780621820.056891,463,MOVE_TO_START,OK,2,APPROACH,-0.000150,-0.796511,1.210695,0.000965,0.802714,0.000173
1780621820.167042,464,MOVE_TO_START,OK,3,SEARCH,-0.000151,-0.795762,1.209293,0.000957,0.801939,0.000174
1780621820.273890,465,MOVE_TO_START,OK,2,APPROACH,-0.000149,-0.796132,1.209916,0.000963,0.802320,0.000173
1780621820.361412,466,MOVE_TO_START,OK,2,APPROACH,-0.000149,-0.796680,1.210957,0.000970,0.802885,0.000174
1780621820.506936,467,MOVE_TO_START,OK,3,SEARCH,-0.000150,-0.795620,1.208999,0.000957,0.801790,0.000174
1780621820.586289,468,MOVE_TO_START,OK,2,APPROACH,-0.000149,-0.795849,1.209415,0.000958,0.802031,0.000172
1780621820.725200,469,MOVE_TO_START,OK,2,APPROACH,-0.000151,-0.795350,1.208539,0.000949,0.801518,0.000172
1780621820.834449,470,MOVE_TO_START,OK,3,SEARCH,-0.000152,-0.796471,1.210697,0.000964,0.802670,0.000175
1780621820.947192,471,MOVE_TO_START,OK,2,APPROACH,-0.000151,-0.796177,1.210095,0.000959,0.802372,0.000172
1780621821.049340,472,MOVE_TO_START,OK,2,APPROACH,-0.000149,-0.795926,1.209540,0.000960,0.802108,0.000173
1780621821.158212,473,MOVE_TO_START,OK,2,APPROACH,-0.000148,-0.795933,1.209487,0.000964,0.802111,0.000174
1780621821.248233,474,MOVE_TO_START,OK,2,APPROACH,-0.000150,-0.796373,1.210438,0.000963,0.802572,0.000173
1780621821.366864,475,MOVE_TO_START,OK,3,SEARCH,-0.000149,-0.795650,1.208995,0.000960,0.801818,0.000174
1780621821.453971,476,MOVE_TO_START,OK,2,APPROACH,-0.000149,-0.796021,1.209693,0.000962,0.802205,0.000173
1780621821.586164,477,MOVE_TO_START,OK,2,APPROACH,-0.000149,-0.796466,1.210549,0.000967,0.802663,0.000174
1780621821.664711,478,MOVE_TO_START,OK,3,SEARCH,-0.000150,-0.795838,1.209396,0.000960,0.802014,0.000174
1780621821.791051,479,MOVE_TO_START,OK,2,APPROACH,-0.000149,-0.796162,1.210009,0.000961,0.802354,0.000173
1780621821.877668,480,MOVE_TO_START,OK,2,APPROACH,-0.000149,-0.796385,1.210420,0.000965,0.802581,0.000173
1780621821.996034,481,MOVE_TO_START,OK,3,SEARCH,-0.000149,-0.795227,1.208237,0.000952,0.801387,0.000172
1780621822.092211,482,MOVE_TO_START,OK,2,APPROACH,-0.000150,-0.796339,1.210343,0.000964,0.802536,0.000173
1780621822.211792,483,MOVE_TO_START,OK,3,SEARCH,-0.000149,-0.795753,1.209208,0.000961,0.801924,0.000175
1780621822.299119,484,MOVE_TO_START,OK,3,SEARCH,-0.000150,-0.795916,1.209546,0.000962,0.802094,0.000175
1780621822.426247,485,MOVE_TO_START,OK,2,APPROACH,-0.000149,-0.796218,1.210105,0.000963,0.802410,0.000173
1780621822.515757,486,MOVE_TO_START,OK,3,SEARCH,-0.000149,-0.795821,1.209323,0.000963,0.801992,0.000175
1780621822.660725,487,MOVE_TO_START,OK,2,APPROACH,-0.000150,-0.796291,1.210246,0.000964,0.802485,0.000173
1780621822.735723,488,MOVE_TO_START,OK,2,APPROACH,-0.000150,-0.796299,1.210288,0.000962,0.802495,0.000173
1780621822.866467,489,MOVE_TO_START,OK,3,SEARCH,-0.000151,-0.795700,1.209191,0.000956,0.801874,0.000174
1780621822.946381,490,MOVE_TO_START,OK,3,SEARCH,-0.000151,-0.795698,1.209188,0.000956,0.801873,0.000174
1780621823.074170,491,MOVE_TO_START,OK,2,APPROACH,-0.000147,-0.795564,1.208746,0.000962,0.801728,0.000174
1780621823.170870,492,MOVE_TO_START,OK,3,SEARCH,-0.000149,-0.795765,1.209216,0.000962,0.801937,0.000174
1780621823.291883,493,MOVE_TO_START,OK,2,APPROACH,-0.000150,-0.795998,1.209751,0.000957,0.802188,0.000172
1780621823.389580,494,MOVE_TO_START,OK,2,APPROACH,-0.000147,-0.795762,1.209131,0.000964,0.801932,0.000174
1780621823.501717,495,MOVE_TO_START,OK,2,APPROACH,-0.000152,-0.796381,1.210548,0.000960,0.802582,0.000174
1780621823.675964,496,MOVE_TO_START,OK,2,APPROACH,-0.000149,-0.796239,1.210135,0.000964,0.802431,0.000173
1780621823.730984,497,MOVE_TO_START,OK,3,SEARCH,-0.000149,-0.795562,1.208836,0.000959,0.801727,0.000174
1780621823.861005,498,MOVE_TO_START,OK,2,APPROACH,-0.000151,-0.796549,1.210788,0.000964,0.802755,0.000173
1780621823.952869,499,MOVE_TO_START,OK,2,APPROACH,-0.000149,-0.796286,1.210218,0.000965,0.802480,0.000173
1780621824.077553,500,MOVE_TO_START,OK,1,MOVE_TO_START,-0.000159,-0.796328,1.210772,0.000943,0.802545,0.000171
1780621824.181347,501,MOVE_TO_START,OK,2,APPROACH,-0.000150,-0.796530,1.210697,0.000967,0.802731,0.000174
1780621824.289231,502,MOVE_TO_START,OK,3,SEARCH,-0.000150,-0.795689,1.209146,0.000957,0.801861,0.000174
1780621824.382146,503,MOVE_TO_START,OK,2,APPROACH,-0.000148,-0.795165,1.208042,0.000954,0.801320,0.000173
1780621824.495803,504,MOVE_TO_START,OK,2,APPROACH,-0.000150,-0.796330,1.210327,0.000964,0.802526,0.000173
1780621824.591034,505,MOVE_TO_START,OK,3,SEARCH,-0.000150,-0.795774,1.209309,0.000958,0.801950,0.000174
1780621824.726775,506,MOVE_TO_START,OK,2,APPROACH,-0.000149,-0.796225,1.210097,0.000964,0.802417,0.000173
1780621824.807004,507,MOVE_TO_START,OK,2,APPROACH,-0.000150,-0.796159,1.210050,0.000959,0.802353,0.000172
1780621824.945579,508,MOVE_TO_START,OK,3,SEARCH,-0.000150,-0.795639,1.209044,0.000957,0.801810,0.000174
1780621825.006333,509,MOVE_TO_START,OK,2,APPROACH,-0.000149,-0.796316,1.210277,0.000965,0.802510,0.000173
1780621825.129497,510,MOVE_TO_START,OK,3,SEARCH,-0.000150,-0.795950,1.209607,0.000962,0.802128,0.000175
1780621825.220962,511,MOVE_TO_START,OK,3,SEARCH,-0.000153,-0.796264,1.210324,0.000960,0.802458,0.000175
1780621825.344672,512,MOVE_TO_START,OK,2,APPROACH,-0.000150,-0.796474,1.210622,0.000964,0.802675,0.000173
1780621825.438359,513,MOVE_TO_START,OK,2,APPROACH,-0.000148,-0.795474,1.208618,0.000958,0.801638,0.000173
1780621825.575748,514,MOVE_TO_START,OK,2,APPROACH,-0.000150,-0.796347,1.210360,0.000964,0.802543,0.000173
1780621825.666852,515,MOVE_TO_START,OK,2,APPROACH,-0.000151,-0.796700,1.211115,0.000964,0.802913,0.000173
1780621825.795604,516,MOVE_TO_START,OK,3,SEARCH,-0.000150,-0.795840,1.209421,0.000960,0.802016,0.000175
1780621825.884577,517,MOVE_TO_START,OK,2,APPROACH,-0.000149,-0.796116,1.209887,0.000963,0.802304,0.000173
1780621826.000584,518,MOVE_TO_START,OK,2,APPROACH,-0.000150,-0.795783,1.209308,0.000956,0.801964,0.000172
1780621826.097267,519,MOVE_TO_START,OK,3,SEARCH,-0.000151,-0.796164,1.210035,0.000964,0.802348,0.000176
1780621826.213467,520,MOVE_TO_START,OK,2,APPROACH,-0.000150,-0.796248,1.210176,0.000962,0.802442,0.000173
1780621826.307739,521,MOVE_TO_START,OK,2,APPROACH,-0.000150,-0.795798,1.209347,0.000956,0.801979,0.000172
1780621826.435357,522,MOVE_TO_START,OK,3,SEARCH,-0.000150,-0.795972,1.209655,0.000962,0.802151,0.000175
1780621826.536938,523,MOVE_TO_START,OK,2,APPROACH,-0.000151,-0.796693,1.211086,0.000964,0.802904,0.000173
1780621826.656668,524,MOVE_TO_START,OK,3,SEARCH,-0.000149,-0.795509,1.208729,0.000958,0.801673,0.000174
1780621826.755613,525,MOVE_TO_START,OK,3,SEARCH,-0.000149,-0.795422,1.208591,0.000955,0.801585,0.000173
1780621826.874632,526,MOVE_TO_START,OK,2,APPROACH,-0.000150,-0.796634,1.210940,0.000965,0.802841,0.000173
1780621826.967184,527,MOVE_TO_START,OK,3,SEARCH,-0.000150,-0.795932,1.209566,0.000962,0.802109,0.000175
1780621827.102042,528,MOVE_TO_START,OK,2,APPROACH,-0.000150,-0.796156,1.210000,0.000961,0.802348,0.000173
1780621827.213388,529,MOVE_TO_START,OK,3,SEARCH,-0.000151,-0.795575,1.208977,0.000954,0.801746,0.000174
1780621827.301677,530,MOVE_TO_START,OK,3,SEARCH,-0.000150,-0.795719,1.209177,0.000959,0.801890,0.000175
1780621827.424263,531,MOVE_TO_START,OK,2,APPROACH,-0.000149,-0.795991,1.209667,0.000960,0.802176,0.000173
1780621827.516501,532,MOVE_TO_START,OK,3,SEARCH,-0.000151,-0.795833,1.209460,0.000956,0.802014,0.000173
1780621827.640876,533,MOVE_TO_START,OK,2,APPROACH,-0.000150,-0.796068,1.209863,0.000960,0.802256,0.000173
1780621827.731033,534,MOVE_TO_START,OK,2,APPROACH,-0.000151,-0.796192,1.210136,0.000958,0.802388,0.000172
1780621827.868389,535,MOVE_TO_START,OK,2,APPROACH,-0.000151,-0.795412,1.208622,0.000954,0.801576,0.000174
1780621827.941886,536,MOVE_TO_START,OK,2,APPROACH,-0.000149,-0.796006,1.209712,0.000960,0.802192,0.000173
1780621828.063765,537,MOVE_TO_START,OK,3,SEARCH,-0.000150,-0.795564,1.208859,0.000959,0.801729,0.000175
1780621828.153327,538,MOVE_TO_START,OK,3,SEARCH,-0.000153,-0.796282,1.210389,0.000959,0.802478,0.000174
1780621828.287435,539,MOVE_TO_START,OK,2,APPROACH,-0.000150,-0.795876,1.209481,0.000957,0.802060,0.000172
1780621828.378847,540,MOVE_TO_START,OK,2,APPROACH,-0.000149,-0.795806,1.209340,0.000957,0.801987,0.000172
1780621828.532387,541,MOVE_TO_START,OK,2,APPROACH,-0.000149,-0.795809,1.209293,0.000960,0.801985,0.000173
1780621828.600360,542,MOVE_TO_START,OK,1,MOVE_TO_START,-0.000151,-0.796510,1.210728,0.000963,0.802715,0.000173
1780621828.733995,543,MOVE_TO_START,OK,3,SEARCH,-0.000149,-0.795608,1.208894,0.000961,0.801772,0.000175
1780621828.811859,544,MOVE_TO_START,OK,2,APPROACH,-0.000148,-0.795409,1.208487,0.000958,0.801570,0.000173
1780621828.940773,545,MOVE_TO_START,OK,2,APPROACH,-0.000149,-0.796303,1.210269,0.000964,0.802498,0.000173
1780621829.030888,546,MOVE_TO_START,OK,2,APPROACH,-0.000150,-0.795345,1.208456,0.000954,0.801506,0.000173
1780621829.159426,547,MOVE_TO_START,OK,2,APPROACH,-0.000151,-0.796838,1.211335,0.000968,0.803052,0.000174
1780621829.253962,548,MOVE_TO_START,OK,2,APPROACH,-0.000151,-0.796614,1.210925,0.000964,0.802822,0.000173
1780621829.373021,549,MOVE_TO_START,OK,2,APPROACH,-0.000149,-0.795432,1.208580,0.000957,0.801594,0.000174
1780621829.465903,550,MOVE_TO_START,OK,2,APPROACH,-0.000149,-0.796502,1.210623,0.000967,0.802702,0.000174
1780621829.588126,551,MOVE_TO_START,OK,3,SEARCH,-0.000149,-0.795449,1.208608,0.000958,0.801612,0.000174
1780621829.690925,552,MOVE_TO_START,OK,2,APPROACH,-0.000150,-0.795095,1.208016,0.000949,0.801252,0.000172
1780621829.805533,553,MOVE_TO_START,OK,2,APPROACH,-0.000151,-0.796495,1.210687,0.000963,0.802699,0.000173
1780621829.892121,554,MOVE_TO_START,OK,3,SEARCH,-0.000149,-0.795588,1.208876,0.000960,0.801753,0.000175
1780621830.020448,555,MOVE_TO_START,OK,2,APPROACH,-0.000149,-0.796057,1.209811,0.000960,0.802245,0.000173
1780621830.116156,556,MOVE_TO_START,OK,2,APPROACH,-0.000151,-0.796032,1.209828,0.000956,0.802223,0.000172
1780621830.233512,557,MOVE_TO_START,OK,3,SEARCH,-0.000149,-0.795600,1.208885,0.000960,0.801765,0.000174
1780621830.335395,558,MOVE_TO_START,OK,2,APPROACH,-0.000149,-0.796050,1.209790,0.000960,0.802237,0.000173
1780621830.455279,559,MOVE_TO_START,OK,2,APPROACH,-0.000148,-0.795979,1.209611,0.000962,0.802162,0.000173
1780621830.556247,560,MOVE_TO_START,OK,3,SEARCH,-0.000149,-0.795706,1.209086,0.000962,0.801874,0.000175
1780621830.675649,561,MOVE_TO_START,OK,2,APPROACH,-0.000151,-0.796729,1.211130,0.000966,0.802940,0.000173
1780621830.799666,562,MOVE_TO_START,OK,3,SEARCH,-0.000150,-0.795870,1.209451,0.000962,0.802045,0.000175
1780621830.885935,563,MOVE_TO_START,OK,3,SEARCH,-0.000150,-0.795860,1.209427,0.000962,0.802034,0.000175
1780621831.049425,564,MOVE_TO_START,OK,2,APPROACH,-0.000149,-0.795852,1.209405,0.000959,0.802033,0.000173
1780621831.119874,565,MOVE_TO_START,OK,3,SEARCH,-0.000150,-0.795773,1.209254,0.000961,0.801945,0.000174
1780621831.242565,566,MOVE_TO_START,OK,2,APPROACH,-0.000151,-0.796482,1.210666,0.000963,0.802686,0.000173
1780621831.336727,567,MOVE_TO_START,OK,2,APPROACH,-0.000150,-0.795994,1.209706,0.000959,0.802181,0.000172
1780621831.446878,568,MOVE_TO_START,OK,3,SEARCH,-0.000150,-0.795633,1.208999,0.000958,0.801803,0.000174
1780621831.543213,569,MOVE_TO_START,OK,2,APPROACH,-0.000150,-0.796501,1.210683,0.000964,0.802704,0.000173
1780621831.694337,570,MOVE_TO_START,OK,3,SEARCH,-0.000149,-0.795594,1.208868,0.000961,0.801759,0.000174
1780621831.769671,571,MOVE_TO_START,OK,3,SEARCH,-0.000149,-0.795390,1.208498,0.000957,0.801551,0.000174
1780621831.913231,572,MOVE_TO_START,OK,2,APPROACH,-0.000151,-0.796948,1.211571,0.000968,0.803167,0.000174
1780621831.989605,573,MOVE_TO_START,OK,3,SEARCH,-0.000150,-0.795557,1.208875,0.000956,0.801725,0.000174
1780621832.110712,574,MOVE_TO_START,OK,2,APPROACH,-0.000149,-0.795861,1.209448,0.000957,0.802044,0.000172
1780621832.200566,575,MOVE_TO_START,OK,2,APPROACH,-0.000149,-0.796378,1.210358,0.000967,0.802571,0.000174
1780621832.330099,576,MOVE_TO_START,OK,3,SEARCH,-0.000149,-0.795639,1.208984,0.000960,0.801806,0.000175
1780621832.418040,577,MOVE_TO_START,OK,2,APPROACH,-0.000149,-0.796023,1.209732,0.000960,0.802209,0.000173
1780621832.543603,578,MOVE_TO_START,OK,2,APPROACH,-0.000152,-0.795319,1.208515,0.000949,0.801485,0.000173
1780621832.650545,579,MOVE_TO_START,OK,2,APPROACH,-0.000151,-0.795257,1.208385,0.000949,0.801420,0.000173
1780621832.780432,580,MOVE_TO_START,OK,2,APPROACH,-0.000149,-0.796261,1.210166,0.000964,0.802453,0.000173
1780621832.874885,581,MOVE_TO_START,OK,2,APPROACH,-0.000149,-0.795623,1.208967,0.000958,0.801792,0.000174
1780621832.998008,582,MOVE_TO_START,OK,2,APPROACH,-0.000149,-0.796138,1.209930,0.000963,0.802327,0.000173
1780621833.101996,583,MOVE_TO_START,OK,2,APPROACH,-0.000150,-0.796348,1.210366,0.000964,0.802545,0.000173
1780621833.217897,584,MOVE_TO_START,OK,3,SEARCH,-0.000150,-0.795653,1.209072,0.000957,0.801824,0.000174
1780621833.321953,585,MOVE_TO_START,OK,2,APPROACH,-0.000149,-0.795904,1.209500,0.000959,0.802086,0.000173
1780621833.441646,586,MOVE_TO_START,OK,2,APPROACH,-0.000149,-0.796289,1.210228,0.000964,0.802482,0.000173
1780621833.544691,587,MOVE_TO_START,OK,3,SEARCH,-0.000149,-0.795644,1.208986,0.000961,0.801810,0.000175
1780621833.663811,588,MOVE_TO_START,OK,2,APPROACH,-0.000150,-0.796223,1.210142,0.000961,0.802417,0.000173
1780621833.750774,589,MOVE_TO_START,OK,2,APPROACH,-0.000149,-0.795942,1.209552,0.000961,0.802124,0.000173
1780621833.888732,590,MOVE_TO_START,OK,2,APPROACH,-0.000152,-0.795354,1.208599,0.000948,0.801521,0.000172
1780621833.981108,591,MOVE_TO_START,OK,2,APPROACH,-0.000151,-0.796005,1.209776,0.000956,0.802195,0.000172
1780621834.098858,592,MOVE_TO_START,OK,1,MOVE_TO_START,-0.000154,-0.795664,1.209281,0.000947,0.801847,0.000172
1780621834.200762,593,MOVE_TO_START,OK,3,SEARCH,-0.000149,-0.795615,1.208951,0.000958,0.801785,0.000173
1780621834.326418,594,MOVE_TO_START,OK,2,APPROACH,-0.000150,-0.796359,1.210381,0.000964,0.802555,0.000173
1780621834.456057,595,MOVE_TO_START,OK,3,SEARCH,-0.000149,-0.795362,1.208441,0.000957,0.801522,0.000174
1780621834.541268,596,MOVE_TO_START,OK,2,APPROACH,-0.000151,-0.796461,1.210622,0.000963,0.802664,0.000173
1780621834.666725,597,MOVE_TO_START,OK,2,APPROACH,-0.000149,-0.795125,1.208054,0.000950,0.801282,0.000172
1780621834.747814,598,MOVE_TO_START,OK,3,SEARCH,-0.000149,-0.795611,1.208934,0.000959,0.801779,0.000174
1780621834.877905,599,MOVE_TO_START,OK,2,APPROACH,-0.000150,-0.796257,1.210203,0.000962,0.802452,0.000173
1780621834.971936,600,APPROACH,OK,3,SEARCH,-0.000150,-0.795658,1.209045,0.000960,0.801826,0.000175
1780621835.093819,601,APPROACH,OK,2,APPROACH,-0.000149,-0.796289,1.210204,0.000966,0.802481,0.000174
1780621835.189532,602,APPROACH,OK,2,APPROACH,-0.000150,-0.796082,1.209903,0.000958,0.802274,0.000172
1780621835.304030,603,APPROACH,OK,4,HOVER_ABOVE_HOLE,-0.000150,-0.795977,1.209672,0.000962,0.802158,0.000174
1780621835.392900,604,APPROACH,OK,2,APPROACH,-0.000149,-0.796011,1.209708,0.000961,0.802197,0.000173
1780621835.514456,605,APPROACH,OK,3,SEARCH,-0.000148,-0.795756,1.209181,0.000960,0.801930,0.000173
1780621835.601197,606,APPROACH,OK,4,HOVER_ABOVE_HOLE,-0.000149,-0.795559,1.208828,0.000959,0.801724,0.000174
1780621835.736464,607,APPROACH,OK,2,APPROACH,-0.000149,-0.796271,1.210191,0.000964,0.802464,0.000173
1780621835.816947,608,APPROACH,OK,3,SEARCH,-0.000149,-0.796286,1.210233,0.000964,0.802480,0.000173
1780621835.930434,609,APPROACH,OK,3,SEARCH,-0.000152,-0.796267,1.210302,0.000962,0.802460,0.000175
1780621836.019410,610,APPROACH,OK,2,APPROACH,-0.000151,-0.796462,1.210661,0.000961,0.802667,0.000172
1780621836.148426,611,APPROACH,OK,4,HOVER_ABOVE_HOLE,-0.000150,-0.795661,1.209061,0.000959,0.801831,0.000174
1780621836.236943,612,APPROACH,OK,3,SEARCH,-0.000147,-0.795334,1.208316,0.000960,0.801490,0.000174
1780621836.358852,613,APPROACH,OK,2,APPROACH,-0.000151,-0.796556,1.210819,0.000963,0.802763,0.000173
1780621836.473827,614,APPROACH,OK,4,HOVER_ABOVE_HOLE,-0.000149,-0.795597,1.208920,0.000959,0.801764,0.000174
1780621836.577966,615,APPROACH,OK,2,APPROACH,-0.000149,-0.796352,1.210359,0.000965,0.802549,0.000173
1780621836.665763,616,APPROACH,OK,2,APPROACH,-0.000151,-0.796598,1.210896,0.000964,0.802806,0.000173
1780621836.806871,617,APPROACH,OK,3,SEARCH,-0.000149,-0.795147,1.208080,0.000952,0.801304,0.000173
1780621836.878424,618,APPROACH,OK,2,APPROACH,-0.000150,-0.796135,1.209996,0.000959,0.802328,0.000172
1780621837.020648,619,APPROACH,OK,4,HOVER_ABOVE_HOLE,-0.000149,-0.795907,1.209491,0.000964,0.802082,0.000175
1780621837.092384,620,APPROACH,OK,2,APPROACH,-0.000153,-0.795713,1.209349,0.000949,0.801895,0.000172
1780621837.216298,621,APPROACH,OK,2,APPROACH,-0.000150,-0.796059,1.209856,0.000958,0.802250,0.000172
1780621837.317961,622,APPROACH,OK,3,SEARCH,-0.000151,-0.795524,1.208869,0.000953,0.801695,0.000173
1780621837.432370,623,APPROACH,OK,2,APPROACH,-0.000149,-0.796234,1.210106,0.000965,0.802424,0.000173
1780621837.518522,624,APPROACH,OK,2,APPROACH,-0.000150,-0.796114,1.209940,0.000960,0.802305,0.000172
1780621837.662184,625,APPROACH,OK,2,APPROACH,-0.000157,-0.796326,1.210660,0.000949,0.802536,0.000172
1780621837.738837,626,APPROACH,OK,2,APPROACH,-0.000150,-0.796451,1.210583,0.000964,0.802652,0.000173
1780621837.860163,627,APPROACH,OK,3,SEARCH,-0.000148,-0.795796,1.209245,0.000961,0.801972,0.000173
1780621837.987106,628,APPROACH,OK,2,APPROACH,-0.000149,-0.795794,1.209315,0.000957,0.801974,0.000172
1780621838.075427,629,APPROACH,OK,2,APPROACH,-0.000149,-0.796313,1.210280,0.000964,0.802508,0.000173
1780621838.230785,630,APPROACH,OK,3,SEARCH,-0.000149,-0.795398,1.208515,0.000957,0.801558,0.000174
1780621838.310111,631,APPROACH,OK,3,SEARCH,-0.000147,-0.795624,1.208895,0.000961,0.801793,0.000173
1780621838.434450,632,APPROACH,OK,2,APPROACH,-0.000149,-0.796231,1.210086,0.000965,0.802420,0.000174
1780621838.524312,633,APPROACH,OK,4,HOVER_ABOVE_HOLE,-0.000150,-0.795977,1.209656,0.000963,0.802157,0.000175
1780621838.650968,634,APPROACH,OK,2,APPROACH,-0.000150,-0.796402,1.210478,0.000964,0.802601,0.000173
1780621838.746499,635,APPROACH,OK,2,APPROACH,-0.000149,-0.796058,1.209815,0.000960,0.802247,0.000173
1780621838.886045,636,APPROACH,OK,3,SEARCH,-0.000149,-0.795275,1.208302,0.000954,0.801435,0.000173
1780621838.964895,637,APPROACH,OK,2,APPROACH,-0.000150,-0.796566,1.210773,0.000967,0.802769,0.000174
1780621839.083907,638,APPROACH,OK,3,SEARCH,-0.000149,-0.795667,1.209062,0.000959,0.801837,0.000174
1780621839.174577,639,APPROACH,OK,3,SEARCH,-0.000149,-0.795401,1.208524,0.000957,0.801562,0.000174
1780621839.299039,640,APPROACH,OK,2,APPROACH,-0.000149,-0.796296,1.210226,0.000965,0.802489,0.000173
1780621839.387225,641,APPROACH,OK,2,APPROACH,-0.000159,-0.795932,1.210033,0.000938,0.802136,0.000170
1780621839.511191,642,APPROACH,OK,2,APPROACH,-0.000150,-0.796738,1.211135,0.000967,0.802948,0.000174
1780621839.600181,643,APPROACH,OK,2,APPROACH,-0.000151,-0.796825,1.211310,0.000968,0.803038,0.000174
1780621839.755352,644,APPROACH,OK,2,APPROACH,-0.000150,-0.795055,1.207926,0.000950,0.801208,0.000173
1780621839.827946,645,APPROACH,OK,2,APPROACH,-0.000149,-0.796395,1.210422,0.000966,0.802592,0.000174
1780621839.965719,646,APPROACH,OK,3,SEARCH,-0.000150,-0.795832,1.209398,0.000960,0.802009,0.000174
1780621840.040598,647,APPROACH,OK,2,APPROACH,-0.000159,-0.796006,1.210213,0.000936,0.802216,0.000170
1780621840.172139,648,APPROACH,OK,2,APPROACH,-0.000150,-0.796225,1.210148,0.000961,0.802420,0.000173
1780621840.259561,649,APPROACH,OK,3,SEARCH,-0.000147,-0.795448,1.208532,0.000960,0.801609,0.000173
1780621840.385278,650,APPROACH,OK,3,SEARCH,-0.000149,-0.796179,1.210007,0.000964,0.802369,0.000173
1780621840.478921,651,APPROACH,OK,2,APPROACH,-0.000149,-0.796504,1.210605,0.000969,0.802702,0.000174
1780621840.630347,652,APPROACH,OK,3,SEARCH,-0.000148,-0.795430,1.208550,0.000959,0.801591,0.000174
1780621840.697980,653,APPROACH,OK,3,SEARCH,-0.000148,-0.795915,1.209480,0.000962,0.802095,0.000173
1780621840.822274,654,APPROACH,OK,2,APPROACH,-0.000149,-0.796254,1.210150,0.000965,0.802446,0.000173
1780621840.916748,655,APPROACH,OK,2,APPROACH,-0.000158,-0.796189,1.210465,0.000944,0.802399,0.000171
1780621841.042315,656,APPROACH,OK,2,APPROACH,-0.000150,-0.796170,1.210050,0.000960,0.802363,0.000172
1780621841.124777,657,APPROACH,OK,2,APPROACH,-0.000149,-0.796408,1.210448,0.000966,0.802605,0.000174
1780621841.245564,658,APPROACH,OK,3,SEARCH,-0.000149,-0.795479,1.208680,0.000957,0.801644,0.000173
1780621841.363073,659,APPROACH,OK,2,APPROACH,-0.000150,-0.796287,1.210257,0.000963,0.802483,0.000173
1780621841.506829,660,APPROACH,OK,3,SEARCH,-0.000149,-0.795190,1.208139,0.000954,0.801347,0.000173
1780621841.617311,661,APPROACH,OK,2,APPROACH,-0.000150,-0.795673,1.209104,0.000954,0.801851,0.000172
1780621841.713116,662,APPROACH,OK,2,APPROACH,-0.000149,-0.796149,1.209981,0.000962,0.802340,0.000173
1780621841.831901,663,APPROACH,OK,3,SEARCH,-0.000151,-0.795352,1.208532,0.000953,0.801514,0.000174
1780621841.924834,664,APPROACH,OK,2,APPROACH,-0.000149,-0.796186,1.210056,0.000962,0.802378,0.000173
1780621842.081199,665,APPROACH,OK,3,SEARCH,-0.000149,-0.795313,1.208399,0.000953,0.801475,0.000172
1780621842.142947,666,APPROACH,OK,3,SEARCH,-0.000148,-0.795361,1.208408,0.000959,0.801518,0.000174
1780621842.265281,667,APPROACH,OK,2,APPROACH,-0.000149,-0.796141,1.209939,0.000963,0.802330,0.000173
1780621842.354289,668,APPROACH,OK,3,SEARCH,-0.000151,-0.795698,1.209191,0.000956,0.801874,0.000173
1780621842.477426,669,APPROACH,OK,2,APPROACH,-0.000149,-0.795913,1.209512,0.000960,0.802095,0.000173
1780621842.571254,670,APPROACH,OK,2,APPROACH,-0.000151,-0.796695,1.211080,0.000965,0.802906,0.000173
1780621842.690089,671,APPROACH,OK,4,HOVER_ABOVE_HOLE,-0.000149,-0.795884,1.209445,0.000964,0.802058,0.000175
1780621842.782974,672,APPROACH,OK,2,APPROACH,-0.000150,-0.796509,1.210664,0.000966,0.802710,0.000174
1780621842.905672,673,APPROACH,OK,2,APPROACH,-0.000149,-0.795924,1.209545,0.000960,0.802107,0.000173
1780621842.994226,674,APPROACH,OK,2,APPROACH,-0.000159,-0.796007,1.210192,0.000938,0.802215,0.000170
1780621843.140072,675,APPROACH,OK,2,APPROACH,-0.000151,-0.796522,1.210745,0.000963,0.802728,0.000173
1780621843.209421,676,APPROACH,OK,3,SEARCH,-0.000149,-0.796353,1.210312,0.000967,0.802546,0.000174
1780621843.334430,677,APPROACH,OK,3,SEARCH,-0.000147,-0.795524,1.208667,0.000962,0.801686,0.000174
1780621843.423030,678,APPROACH,OK,2,APPROACH,-0.000149,-0.796077,1.209842,0.000961,0.802265,0.000173
1780621843.553862,679,APPROACH,OK,3,SEARCH,-0.000153,-0.796427,1.210650,0.000962,0.802626,0.000175
1780621843.643536,680,APPROACH,OK,3,SEARCH,-0.000153,-0.796420,1.210632,0.000961,0.802620,0.000174
1780621843.767789,681,APPROACH,OK,2,APPROACH,-0.000148,-0.796054,1.209755,0.000963,0.802240,0.000173
1780621843.859708,682,APPROACH,OK,4,HOVER_ABOVE_HOLE,-0.000150,-0.795391,1.208580,0.000955,0.801553,0.000174
1780621844.006002,683,APPROACH,OK,2,APPROACH,-0.000151,-0.796543,1.210797,0.000963,0.802749,0.000173
1780621844.074603,684,APPROACH,OK,2,APPROACH,-0.000151,-0.796535,1.210783,0.000963,0.802741,0.000173
1780621844.198661,685,APPROACH,OK,3,SEARCH,-0.000149,-0.795425,1.208578,0.000957,0.801588,0.000173
1780621844.291055,686,APPROACH,OK,2,APPROACH,-0.000149,-0.796341,1.210313,0.000966,0.802535,0.000174
1780621844.416938,687,APPROACH,OK,2,APPROACH,-0.000158,-0.795915,1.209994,0.000938,0.802119,0.000170
1780621844.507819,688,APPROACH,OK,3,SEARCH,-0.000149,-0.795365,1.208502,0.000954,0.801529,0.000173
1780621844.648906,689,APPROACH,OK,2,APPROACH,-0.000150,-0.796766,1.211183,0.000968,0.802977,0.000174
1780621844.724805,690,APPROACH,OK,3,SEARCH,-0.000149,-0.795287,1.208363,0.000952,0.801449,0.000172
1780621844.858106,691,APPROACH,OK,2,APPROACH,-0.000149,-0.795906,1.209498,0.000960,0.802088,0.000173
1780621844.950484,692,APPROACH,OK,2,APPROACH,-0.000151,-0.796674,1.211030,0.000965,0.802884,0.000173
1780621845.067553,693,APPROACH,OK,2,APPROACH,-0.000156,-0.796287,1.210588,0.000948,0.802496,0.000172
1780621845.198075,694,APPROACH,OK,2,APPROACH,-0.000151,-0.796446,1.210617,0.000961,0.802650,0.000173
1780621845.284890,695,APPROACH,OK,3,SEARCH,-0.000150,-0.795728,1.209223,0.000957,0.801904,0.000173
1780621845.406891,696,APPROACH,OK,3,SEARCH,-0.000149,-0.796169,1.210007,0.000963,0.802359,0.000173
1780621845.498934,697,APPROACH,OK,2,APPROACH,-0.000150,-0.796466,1.210615,0.000964,0.802668,0.000173
1780621845.617862,698,APPROACH,OK,3,SEARCH,-0.000151,-0.795839,1.209452,0.000959,0.802015,0.000175
1780621845.708480,699,APPROACH,OK,3,SEARCH,-0.000149,-0.795574,1.208876,0.000956,0.801745,0.000172
1780621845.859999,700,APPROACH,OK,2,APPROACH,-0.000149,-0.796015,1.209728,0.000960,0.802202,0.000173
1780621845.928489,701,APPROACH,OK,2,APPROACH,-0.000149,-0.796000,1.209698,0.000960,0.802186,0.000173
1780621846.066930,702,APPROACH,OK,2,APPROACH,-0.000150,-0.796497,1.210679,0.000964,0.802701,0.000173
1780621846.165502,703,APPROACH,OK,2,APPROACH,-0.000149,-0.796385,1.210376,0.000968,0.802580,0.000174
1780621846.275054,704,APPROACH,OK,2,APPROACH,-0.000155,-0.795451,1.208955,0.000940,0.801633,0.000170
1780621846.370623,705,APPROACH,OK,2,APPROACH,-0.000151,-0.796754,1.211172,0.000967,0.802966,0.000174
1780621846.492720,706,APPROACH,OK,3,SEARCH,-0.000150,-0.795870,1.209469,0.000961,0.802047,0.000175
1780621846.580345,707,APPROACH,OK,3,SEARCH,-0.000148,-0.795323,1.208359,0.000957,0.801481,0.000174
1780621846.720694,708,APPROACH,OK,2,APPROACH,-0.000149,-0.796049,1.209781,0.000961,0.802236,0.000173
1780621846.805013,709,APPROACH,OK,3,SEARCH,-0.000151,-0.796136,1.210009,0.000962,0.802324,0.000174
1780621846.923954,710,APPROACH,OK,2,APPROACH,-0.000150,-0.796604,1.210856,0.000967,0.802809,0.000174
1780621847.016411,711,APPROACH,OK,2,APPROACH,-0.000149,-0.796304,1.210245,0.000965,0.802497,0.000173
1780621847.131170,712,APPROACH,OK,3,SEARCH,-0.000150,-0.795550,1.208850,0.000957,0.801718,0.000174
1780621847.220126,713,APPROACH,OK,2,APPROACH,-0.000150,-0.796448,1.210598,0.000963,0.802650,0.000173
1780621847.337997,714,APPROACH,OK,3,SEARCH,-0.000149,-0.796476,1.210583,0.000968,0.802674,0.000174
1780621847.438200,715,APPROACH,OK,3,SEARCH,-0.000148,-0.796319,1.210252,0.000967,0.802512,0.000174
1780621847.562436,716,APPROACH,OK,3,SEARCH,-0.000150,-0.795915,1.209549,0.000961,0.802094,0.000174
1780621847.650932,717,APPROACH,OK,3,SEARCH,-0.000150,-0.795931,1.209602,0.000961,0.802111,0.000174
1780621847.787413,718,APPROACH,OK,2,APPROACH,-0.000150,-0.795964,1.209654,0.000958,0.802150,0.000172
1780621847.867380,719,APPROACH,OK,3,SEARCH,-0.000151,-0.795298,1.208474,0.000949,0.801462,0.000173
1780621847.991660,720,APPROACH,OK,2,APPROACH,-0.000149,-0.796305,1.210272,0.000964,0.802500,0.000173
1780621848.080154,721,APPROACH,OK,3,SEARCH,-0.000148,-0.796341,1.210273,0.000968,0.802533,0.000174
1780621848.202158,722,APPROACH,OK,3,SEARCH,-0.000149,-0.796220,1.210075,0.000965,0.802410,0.000174
1780621848.294578,723,APPROACH,OK,2,APPROACH,-0.000150,-0.796462,1.210621,0.000963,0.802665,0.000173
1780621848.445417,724,APPROACH,OK,4,HOVER_ABOVE_HOLE,-0.000150,-0.795485,1.208775,0.000954,0.801652,0.000174
1780621848.507431,725,APPROACH,OK,2,APPROACH,-0.000150,-0.796025,1.209778,0.000958,0.802214,0.000172
1780621848.632638,726,APPROACH,OK,4,HOVER_ABOVE_HOLE,-0.000150,-0.795682,1.209126,0.000958,0.801853,0.000174
1780621848.764704,727,APPROACH,OK,2,APPROACH,-0.000150,-0.796000,1.209732,0.000958,0.802188,0.000172
1780621848.853701,728,APPROACH,OK,3,SEARCH,-0.000153,-0.796174,1.210188,0.000957,0.802370,0.000173
1780621848.976875,729,APPROACH,OK,2,APPROACH,-0.000148,-0.795971,1.209597,0.000962,0.802153,0.000173
1780621849.064285,730,APPROACH,OK,2,APPROACH,-0.000149,-0.796204,1.210060,0.000964,0.802395,0.000173
1780621849.190428,731,APPROACH,OK,3,SEARCH,-0.000153,-0.796094,1.210037,0.000956,0.802286,0.000174
1780621849.277894,732,APPROACH,OK,2,APPROACH,-0.000151,-0.796866,1.211395,0.000968,0.803081,0.000174
1780621849.395818,733,APPROACH,OK,3,SEARCH,-0.000151,-0.795343,1.208548,0.000950,0.801509,0.000172
1780621849.502774,734,APPROACH,OK,3,SEARCH,-0.000148,-0.796400,1.210366,0.000970,0.802592,0.000174
1780621849.617124,735,APPROACH,OK,3,SEARCH,-0.000147,-0.796000,1.209554,0.000968,0.802177,0.000174
1780621849.708019,736,APPROACH,OK,3,SEARCH,-0.000149,-0.795144,1.208053,0.000953,0.801299,0.000173
1780621849.832795,737,APPROACH,OK,2,APPROACH,-0.000150,-0.796600,1.210865,0.000966,0.802805,0.000173
1780621849.926688,738,APPROACH,OK,3,SEARCH,-0.000149,-0.795610,1.208961,0.000957,0.801781,0.000173
1780621850.069862,739,APPROACH,OK,2,APPROACH,-0.000149,-0.796393,1.210427,0.000966,0.802590,0.000174
1780621850.133531,740,APPROACH,OK,2,APPROACH,-0.000149,-0.796086,1.209851,0.000962,0.802274,0.000173
1780621850.256390,741,APPROACH,OK,3,SEARCH,-0.000148,-0.796053,1.209747,0.000964,0.802238,0.000173
1780621850.356623,742,APPROACH,OK,2,APPROACH,-0.000149,-0.796347,1.210347,0.000965,0.802543,0.000173
1780621850.471861,743,APPROACH,OK,4,HOVER_ABOVE_HOLE,-0.000149,-0.795774,1.209263,0.000960,0.801948,0.000174
1780621850.575434,744,APPROACH,OK,3,SEARCH,-0.000147,-0.795642,1.208908,0.000962,0.801809,0.000173
1780621850.694413,745,APPROACH,OK,2,APPROACH,-0.000149,-0.796192,1.210024,0.000964,0.802381,0.000173
1780621850.789608,746,APPROACH,OK,3,SEARCH,-0.000150,-0.795251,1.208296,0.000952,0.801410,0.000173
1780621850.943133,747,APPROACH,OK,2,APPROACH,-0.000149,-0.796259,1.210175,0.000964,0.802452,0.000173
1780621851.011341,748,APPROACH,OK,2,APPROACH,-0.000149,-0.796227,1.210108,0.000964,0.802419,0.000173
1780621851.134056,749,APPROACH,OK,4,HOVER_ABOVE_HOLE,-0.000150,-0.795640,1.209030,0.000959,0.801808,0.000175
1780621851.230319,750,APPROACH,OK,2,APPROACH,-0.000151,-0.796539,1.210819,0.000961,0.802747,0.000172
1780621851.353103,751,APPROACH,OK,2,APPROACH,-0.000159,-0.796230,1.210610,0.000940,0.802446,0.000170
1780621851.453076,752,APPROACH,OK,3,SEARCH,-0.000148,-0.795567,1.208791,0.000961,0.801731,0.000174
1780621851.574876,753,APPROACH,OK,2,APPROACH,-0.000149,-0.796434,1.210515,0.000966,0.802633,0.000173
1780621851.671104,754,APPROACH,OK,3,SEARCH,-0.000149,-0.795487,1.208702,0.000957,0.801653,0.000173
1780621851.795038,755,APPROACH,OK,2,APPROACH,-0.000149,-0.796321,1.210259,0.000966,0.802513,0.000174
1780621851.886740,756,APPROACH,OK,2,APPROACH,-0.000151,-0.796455,1.210635,0.000962,0.802659,0.000173
1780621852.004140,757,APPROACH,OK,3,SEARCH,-0.000149,-0.795129,1.208058,0.000951,0.801284,0.000173
1780621852.105980,758,APPROACH,OK,2,APPROACH,-0.000149,-0.796231,1.210119,0.000964,0.802423,0.000173
1780621852.228131,759,APPROACH,OK,3,SEARCH,-0.000147,-0.795858,1.209330,0.000964,0.802032,0.000174
1780621852.370624,760,APPROACH,OK,2,APPROACH,-0.000149,-0.796013,1.209704,0.000961,0.802198,0.000173
1780621852.438409,761,APPROACH,OK,2,APPROACH,-0.000150,-0.796550,1.210780,0.000965,0.802755,0.000173
1780621852.566712,762,APPROACH,OK,2,APPROACH,-0.000154,-0.795856,1.209674,0.000948,0.802047,0.000172
1780621852.675066,763,APPROACH,OK,3,SEARCH,-0.000148,-0.796084,1.209802,0.000964,0.802269,0.000173
1780621852.776326,764,APPROACH,OK,2,APPROACH,-0.000150,-0.796570,1.210819,0.000965,0.802776,0.000173
1780621852.866468,765,APPROACH,OK,4,HOVER_ABOVE_HOLE,-0.000149,-0.795633,1.208980,0.000960,0.801801,0.000174
1780621853.017305,766,APPROACH,OK,2,APPROACH,-0.000149,-0.796460,1.210545,0.000967,0.802658,0.000174
1780621853.077272,767,APPROACH,OK,2,APPROACH,-0.000149,-0.796475,1.210578,0.000967,0.802675,0.000174
1780621853.206160,768,APPROACH,OK,3,SEARCH,-0.000149,-0.795550,1.208816,0.000958,0.801717,0.000173
1780621853.300237,769,APPROACH,OK,2,APPROACH,-0.000148,-0.796199,1.210022,0.000965,0.802388,0.000173
1780621853.420148,770,APPROACH,OK,3,SEARCH,-0.000150,-0.795643,1.209038,0.000959,0.801812,0.000175
1780621853.512563,771,APPROACH,OK,2,APPROACH,-0.000155,-0.795881,1.209771,0.000945,0.802075,0.000171
1780621853.635825,772,APPROACH,OK,2,APPROACH,-0.000149,-0.796072,1.209827,0.000961,0.802260,0.000173
1780621853.723431,773,APPROACH,OK,3,SEARCH,-0.000150,-0.795800,1.209361,0.000958,0.801978,0.000174
1780621853.864331,774,APPROACH,OK,2,APPROACH,-0.000149,-0.795986,1.209648,0.000961,0.802170,0.000173
1780621853.939437,775,APPROACH,OK,2,APPROACH,-0.000149,-0.795792,1.209311,0.000957,0.801972,0.000172
1780621854.064622,776,APPROACH,OK,3,SEARCH,-0.000152,-0.796275,1.210345,0.000961,0.802469,0.000175
1780621854.156636,777,APPROACH,OK,2,APPROACH,-0.000151,-0.796600,1.210897,0.000964,0.802807,0.000173
1780621854.280424,778,APPROACH,OK,3,SEARCH,-0.000148,-0.795398,1.208485,0.000957,0.801560,0.000173
1780621854.369286,779,APPROACH,OK,3,SEARCH,-0.000149,-0.795318,1.208386,0.000955,0.801479,0.000173
1780621854.501661,780,APPROACH,OK,2,APPROACH,-0.000150,-0.796611,1.210889,0.000966,0.802817,0.000173
1780621854.590384,781,APPROACH,OK,3,SEARCH,-0.000149,-0.795456,1.208669,0.000955,0.801623,0.000173
1780621854.744715,782,APPROACH,OK,2,APPROACH,-0.000149,-0.796264,1.210184,0.000964,0.802457,0.000173
1780621854.809012,783,APPROACH,OK,2,APPROACH,-0.000149,-0.796247,1.210149,0.000964,0.802440,0.000173
1780621854.928055,784,APPROACH,OK,2,APPROACH,-0.000150,-0.796372,1.210413,0.000964,0.802570,0.000173
1780621855.021575,785,APPROACH,OK,2,APPROACH,-0.000150,-0.796406,1.210483,0.000964,0.802605,0.000173
1780621855.138312,786,APPROACH,OK,3,SEARCH,-0.000149,-0.795342,1.208444,0.000955,0.801503,0.000173
1780621855.233218,787,APPROACH,OK,2,APPROACH,-0.000151,-0.796961,1.211587,0.000968,0.803180,0.000174
1780621855.357745,788,APPROACH,OK,3,SEARCH,-0.000149,-0.795517,1.208746,0.000958,0.801682,0.000174
1780621855.445639,789,APPROACH,OK,3,SEARCH,-0.000148,-0.796159,1.209952,0.000965,0.802347,0.000173
1780621855.577058,790,APPROACH,OK,3,SEARCH,-0.000153,-0.796275,1.210357,0.000960,0.802470,0.000174
1780621855.653210,791,APPROACH,OK,3,SEARCH,-0.000150,-0.795835,1.209424,0.000959,0.802013,0.000174
1780621855.775387,792,APPROACH,OK,2,APPROACH,-0.000149,-0.796263,1.210168,0.000965,0.802455,0.000173
1780621855.901414,793,APPROACH,OK,3,SEARCH,-0.000153,-0.796220,1.210268,0.000958,0.802416,0.000174
1780621855.987833,794,APPROACH,OK,2,APPROACH,-0.000151,-0.796544,1.210802,0.000963,0.802751,0.000173
1780621856.111761,795,APPROACH,OK,2,APPROACH,-0.000154,-0.795726,1.209389,0.000948,0.801910,0.000172
1780621856.203721,796,APPROACH,OK,3,SEARCH,-0.000148,-0.796154,1.209940,0.000965,0.802342,0.000173
1780621856.340307,797,APPROACH,OK,2,APPROACH,-0.000149,-0.796319,1.210268,0.000966,0.802513,0.000174
1780621856.421950,798,APPROACH,OK,3,SEARCH,-0.000148,-0.795309,1.208316,0.000958,0.801465,0.000174
1780621856.576472,799,APPROACH,OK,2,APPROACH,-0.000151,-0.796355,1.210472,0.000959,0.802558,0.000172
1780621856.643977,800,APPROACH,OK,2,APPROACH,-0.000150,-0.796540,1.210732,0.000966,0.802742,0.000174
1780621856.768577,801,APPROACH,OK,3,SEARCH,-0.000147,-0.795695,1.209020,0.000962,0.801865,0.000173
1780621856.863697,802,APPROACH,OK,2,APPROACH,-0.000151,-0.796446,1.210601,0.000962,0.802649,0.000173
1780621856.981120,803,APPROACH,OK,3,SEARCH,-0.000151,-0.795554,1.208936,0.000954,0.801723,0.000174
1780621857.095179,804,APPROACH,OK,3,SEARCH,-0.000149,-0.795510,1.208744,0.000959,0.801673,0.000174
1780621857.203834,805,APPROACH,OK,2,APPROACH,-0.000150,-0.796142,1.209991,0.000960,0.802333,0.000173
1780621857.293143,806,APPROACH,OK,4,HOVER_ABOVE_HOLE,-0.000149,-0.795467,1.208661,0.000958,0.801630,0.000174
1780621857.434251,807,APPROACH,OK,2,APPROACH,-0.000149,-0.796011,1.209697,0.000961,0.802196,0.000173
1780621857.538645,808,APPROACH,OK,2,APPROACH,-0.000150,-0.796503,1.210666,0.000965,0.802705,0.000173
1780621857.659455,809,APPROACH,OK,3,SEARCH,-0.000147,-0.795732,1.209049,0.000965,0.801901,0.000174
1780621857.748297,810,APPROACH,OK,2,APPROACH,-0.000150,-0.796491,1.210678,0.000963,0.802694,0.000173
1780621857.869885,811,APPROACH,OK,3,SEARCH,-0.000149,-0.795383,1.208519,0.000955,0.801546,0.000173
1780621857.965504,812,APPROACH,OK,3,SEARCH,-0.000149,-0.796255,1.210134,0.000966,0.802446,0.000174
1780621858.081362,813,APPROACH,OK,3,SEARCH,-0.000150,-0.795413,1.208621,0.000954,0.801578,0.000173
1780621858.172578,814,APPROACH,OK,3,SEARCH,-0.000149,-0.795151,1.208066,0.000953,0.801306,0.000173
1780621858.296341,815,APPROACH,OK,3,SEARCH,-0.000150,-0.796200,1.210088,0.000962,0.802392,0.000173
1780621858.389741,816,APPROACH,OK,3,SEARCH,-0.000150,-0.795521,1.208838,0.000954,0.801691,0.000173
1780621858.513973,817,APPROACH,OK,2,APPROACH,-0.000149,-0.796410,1.210440,0.000967,0.802606,0.000174
1780621858.610720,818,APPROACH,OK,2,APPROACH,-0.000149,-0.796019,1.209693,0.000962,0.802203,0.000173
1780621858.739159,819,APPROACH,OK,2,APPROACH,-0.000149,-0.796002,1.209694,0.000960,0.802188,0.000173
1780621858.827980,820,APPROACH,OK,2,APPROACH,-0.000149,-0.796221,1.210087,0.000964,0.802412,0.000173
1780621858.943762,821,APPROACH,OK,4,HOVER_ABOVE_HOLE,-0.000149,-0.795727,1.209133,0.000963,0.801895,0.000175
1780621859.044368,822,APPROACH,OK,3,SEARCH,-0.000149,-0.796091,1.209848,0.000962,0.802279,0.000173
1780621859.161095,823,APPROACH,OK,3,SEARCH,-0.000149,-0.796335,1.210287,0.000967,0.802528,0.000174
1780621859.252931,824,APPROACH,OK,3,SEARCH,-0.000150,-0.795663,1.209087,0.000958,0.801834,0.000174
1780621859.380827,825,APPROACH,OK,2,APPROACH,-0.000149,-0.796183,1.210030,0.000963,0.802374,0.000173
1780621859.504560,826,APPROACH,OK,3,SEARCH,-0.000150,-0.795827,1.209385,0.000960,0.802004,0.000174
1780621859.596364,827,APPROACH,OK,3,SEARCH,-0.000150,-0.795120,1.208052,0.000950,0.801276,0.000173
1780621859.759171,828,APPROACH,OK,2,APPROACH,-0.000150,-0.796509,1.210694,0.000965,0.802712,0.000173
1780621859.813753,829,APPROACH,OK,3,SEARCH,-0.000153,-0.796229,1.210262,0.000960,0.802422,0.000174
1780621859.938643,830,APPROACH,OK,2,APPROACH,-0.000149,-0.796062,1.209811,0.000961,0.802249,0.000173
1780621860.045581,831,APPROACH,OK,2,APPROACH,-0.000149,-0.795797,1.209297,0.000958,0.801976,0.000172
1780621860.162618,832,APPROACH,OK,3,SEARCH,-0.000153,-0.796480,1.210760,0.000962,0.802683,0.000175
1780621860.258097,833,APPROACH,OK,2,APPROACH,-0.000150,-0.796469,1.210624,0.000964,0.802671,0.000173
1780621860.416289,834,APPROACH,OK,3,SEARCH,-0.000149,-0.795670,1.209052,0.000959,0.801842,0.000174
1780621860.476926,835,APPROACH,OK,3,SEARCH,-0.000150,-0.795365,1.208567,0.000950,0.801534,0.000172
1780621860.598006,836,APPROACH,OK,3,SEARCH,-0.000149,-0.796327,1.210322,0.000964,0.802523,0.000173
1780621860.691856,837,APPROACH,OK,3,SEARCH,-0.000149,-0.795155,1.208111,0.000951,0.801312,0.000172
1780621860.810381,838,APPROACH,OK,2,APPROACH,-0.000150,-0.796517,1.210693,0.000965,0.802719,0.000173
1780621860.901837,839,APPROACH,OK,3,SEARCH,-0.000151,-0.796019,1.209817,0.000959,0.802205,0.000174
1780621861.030009,840,APPROACH,OK,2,APPROACH,-0.000149,-0.796177,1.210035,0.000962,0.802369,0.000173
1780621861.114065,841,APPROACH,OK,2,APPROACH,-0.000149,-0.795954,1.209600,0.000960,0.802139,0.000173
1780621861.238929,842,APPROACH,OK,3,SEARCH,-0.000150,-0.795959,1.209623,0.000963,0.802137,0.000175
1780621861.332316,843,APPROACH,OK,2,APPROACH,-0.000150,-0.796416,1.210525,0.000963,0.802617,0.000173
1780621861.473762,844,APPROACH,OK,4,HOVER_ABOVE_HOLE,-0.000150,-0.795747,1.209212,0.000961,0.801918,0.000175
1780621861.542531,845,APPROACH,OK,4,HOVER_ABOVE_HOLE,-0.000149,-0.795864,1.209414,0.000963,0.802038,0.000175
1780621861.670637,846,APPROACH,OK,2,APPROACH,-0.000149,-0.796275,1.210216,0.000963,0.802469,0.000173
1780621861.761748,847,APPROACH,OK,4,HOVER_ABOVE_HOLE,-0.000150,-0.795823,1.209365,0.000961,0.801998,0.000174
1780621861.886594,848,APPROACH,OK,2,APPROACH,-0.000149,-0.796189,1.210033,0.000964,0.802380,0.000173
1780621861.983381,849,APPROACH,OK,2,APPROACH,-0.000150,-0.796034,1.209803,0.000958,0.802224,0.000172
1780621862.104065,850,APPROACH,OK,4,HOVER_ABOVE_HOLE,-0.000149,-0.795685,1.209074,0.000961,0.801852,0.000175
1780621862.197590,851,APPROACH,OK,2,APPROACH,-0.000149,-0.796267,1.210156,0.000966,0.802458,0.000174
1780621862.317176,852,APPROACH,OK,3,SEARCH,-0.000150,-0.795389,1.208570,0.000954,0.801552,0.000173
1780621862.402333,853,APPROACH,OK,3,SEARCH,-0.000148,-0.795410,1.208512,0.000959,0.801570,0.000174
1780621862.535917,854,APPROACH,OK,2,APPROACH,-0.000150,-0.796096,1.209910,0.000959,0.802287,0.000172
1780621862.629310,855,APPROACH,OK,3,SEARCH,-0.000151,-0.796020,1.209782,0.000961,0.802204,0.000174
1780621862.759530,856,APPROACH,OK,2,APPROACH,-0.000148,-0.796017,1.209685,0.000963,0.802201,0.000173
1780621862.846436,857,APPROACH,OK,2,APPROACH,-0.000150,-0.795927,1.209603,0.000957,0.802114,0.000172
1780621862.964619,858,APPROACH,OK,3,SEARCH,-0.000153,-0.796243,1.210305,0.000959,0.802437,0.000174
1780621863.095442,859,APPROACH,OK,2,APPROACH,-0.000151,-0.796552,1.210794,0.000964,0.802758,0.000173
1780621863.187205,860,APPROACH,OK,3,SEARCH,-0.000148,-0.796041,1.209715,0.000964,0.802224,0.000173
1780621863.310328,861,APPROACH,OK,2,APPROACH,-0.000149,-0.796187,1.210052,0.000962,0.802378,0.000173
1780621863.403862,862,APPROACH,OK,2,APPROACH,-0.000149,-0.796206,1.210090,0.000962,0.802398,0.000173
1780621863.522573,863,APPROACH,OK,3,SEARCH,-0.000152,-0.795146,1.208232,0.000945,0.801308,0.000172
1780621863.615356,864,APPROACH,OK,2,APPROACH,-0.000149,-0.796059,1.209803,0.000961,0.802246,0.000173
1780621863.732406,865,APPROACH,OK,3,SEARCH,-0.000149,-0.795711,1.209118,0.000961,0.801880,0.000175
1780621863.824529,866,APPROACH,OK,3,SEARCH,-0.000152,-0.795825,1.209478,0.000955,0.802007,0.000173
1780621863.941194,867,APPROACH,OK,3,SEARCH,-0.000148,-0.796185,1.209981,0.000966,0.802372,0.000174
1780621864.032512,868,APPROACH,OK,3,SEARCH,-0.000148,-0.796047,1.209701,0.000965,0.802229,0.000174
1780621864.159594,869,APPROACH,OK,3,SEARCH,-0.000149,-0.796779,1.211130,0.000972,0.802985,0.000175
1780621864.255385,870,APPROACH,OK,3,SEARCH,-0.000148,-0.796009,1.209618,0.000966,0.802188,0.000174
1780621864.366737,871,APPROACH,OK,3,SEARCH,-0.000149,-0.796321,1.210262,0.000966,0.802513,0.000174
1780621864.462344,872,APPROACH,OK,2,APPROACH,-0.000151,-0.796598,1.210902,0.000964,0.802806,0.000173
1780621864.615816,873,APPROACH,OK,3,SEARCH,-0.000149,-0.795126,1.208050,0.000951,0.801282,0.000173
1780621864.678627,874,APPROACH,OK,3,SEARCH,-0.000149,-0.795532,1.208794,0.000955,0.801703,0.000172
1780621864.801704,875,APPROACH,OK,2,APPROACH,-0.000149,-0.796269,1.210166,0.000966,0.802461,0.000174
1780621864.892220,876,APPROACH,OK,3,SEARCH,-0.000148,-0.796157,1.209936,0.000965,0.802344,0.000174
1780621865.010358,877,APPROACH,OK,2,APPROACH,-0.000150,-0.796253,1.210220,0.000961,0.802450,0.000172
1780621865.106507,878,APPROACH,OK,2,APPROACH,-0.000150,-0.795793,1.209333,0.000956,0.801974,0.000172
1780621865.248002,879,APPROACH,OK,2,APPROACH,-0.000149,-0.796227,1.210099,0.000964,0.802418,0.000173
1780621865.316534,880,APPROACH,OK,2,APPROACH,-0.000150,-0.795936,1.209606,0.000957,0.802122,0.000172
1780621865.437876,881,APPROACH,OK,4,HOVER_ABOVE_HOLE,-0.000150,-0.795800,1.209338,0.000960,0.801974,0.000175
1780621865.530292,882,APPROACH,OK,2,APPROACH,-0.000150,-0.796663,1.210998,0.000966,0.802871,0.000173
1780621865.662488,883,APPROACH,OK,2,APPROACH,-0.000158,-0.796312,1.210703,0.000944,0.802527,0.000171
1780621865.761056,884,APPROACH,OK,3,SEARCH,-0.000151,-0.795145,1.208193,0.000946,0.801307,0.000172
1780621865.882957,885,APPROACH,OK,2,APPROACH,-0.000150,-0.795846,1.209432,0.000957,0.802028,0.000172
1780621865.964343,886,APPROACH,OK,3,SEARCH,-0.000151,-0.795287,1.208417,0.000952,0.801448,0.000174
1780621866.108546,887,APPROACH,OK,2,APPROACH,-0.000151,-0.796657,1.211002,0.000965,0.802866,0.000173
1780621866.186657,888,APPROACH,OK,2,APPROACH,-0.000149,-0.796266,1.210156,0.000966,0.802457,0.000174
1780621866.322653,889,APPROACH,OK,3,SEARCH,-0.000148,-0.795584,1.208848,0.000959,0.801752,0.000173
1780621866.400014,890,APPROACH,OK,2,APPROACH,-0.000150,-0.795896,1.209555,0.000956,0.802082,0.000172
1780621866.526893,891,APPROACH,OK,2,APPROACH,-0.000148,-0.796193,1.209996,0.000966,0.802380,0.000174
1780621866.693173,892,APPROACH,OK,2,APPROACH,-0.000150,-0.796333,1.210336,0.000964,0.802530,0.000173
1780621866.741611,893,APPROACH,OK,2,APPROACH,-0.000149,-0.795912,1.209506,0.000960,0.802094,0.000173
1780621866.868204,894,APPROACH,OK,3,SEARCH,-0.000149,-0.795254,1.208257,0.000954,0.801412,0.000173
1780621866.975797,895,APPROACH,OK,2,APPROACH,-0.000150,-0.795811,1.209361,0.000956,0.801993,0.000172
1780621867.103169,896,APPROACH,OK,3,SEARCH,-0.000149,-0.795892,1.209488,0.000962,0.802070,0.000174
1780621867.194780,897,APPROACH,OK,3,SEARCH,-0.000150,-0.795422,1.208651,0.000954,0.801587,0.000173
1780621867.336645,898,APPROACH,OK,2,APPROACH,-0.000149,-0.796166,1.209999,0.000963,0.802356,0.000173
1780621867.427984,899,APPROACH,OK,2,APPROACH,-0.000149,-0.796154,1.209975,0.000963,0.802344,0.000173
1780621867.548110,900,APPROACH,OK,2,APPROACH,-0.000151,-0.796884,1.211422,0.000968,0.803099,0.000174
1780621867.647730,901,APPROACH,OK,2,APPROACH,-0.000149,-0.795998,1.209679,0.000961,0.802183,0.000173
1780621867.776778,902,APPROACH,OK,2,APPROACH,-0.000150,-0.796529,1.210729,0.000965,0.802732,0.000173
1780621867.874070,903,APPROACH,OK,2,APPROACH,-0.000151,-0.796609,1.210927,0.000964,0.802818,0.000173
1780621868.000352,904,APPROACH,OK,3,SEARCH,-0.000149,-0.795508,1.208738,0.000958,0.801674,0.000173
1780621868.098899,905,APPROACH,OK,2,APPROACH,-0.000149,-0.796195,1.210067,0.000962,0.802387,0.000173
1780621868.220786,906,APPROACH,OK,4,HOVER_ABOVE_HOLE,-0.000150,-0.796119,1.209945,0.000964,0.802303,0.000175
1780621868.324013,907,APPROACH,OK,3,SEARCH,-0.000151,-0.796170,1.210093,0.000962,0.802359,0.000174
1780621868.447571,908,APPROACH,OK,2,APPROACH,-0.000149,-0.796159,1.210004,0.000962,0.802350,0.000173
1780621868.531818,909,APPROACH,OK,3,SEARCH,-0.000148,-0.795388,1.208454,0.000960,0.801546,0.000174
1780621868.656761,910,APPROACH,OK,3,SEARCH,-0.000153,-0.796402,1.210622,0.000960,0.802604,0.000174
1780621868.766807,911,APPROACH,OK,3,SEARCH,-0.000153,-0.796369,1.210555,0.000959,0.802569,0.000174
1780621868.883566,912,APPROACH,OK,3,SEARCH,-0.000149,-0.795385,1.208505,0.000956,0.801547,0.000173
1780621868.978746,913,APPROACH,OK,2,APPROACH,-0.000149,-0.796408,1.210445,0.000966,0.802604,0.000174
1780621869.094389,914,APPROACH,OK,3,SEARCH,-0.000150,-0.795734,1.209205,0.000959,0.801908,0.000174
1780621869.181267,915,APPROACH,OK,3,SEARCH,-0.000155,-0.796207,1.210371,0.000950,0.802410,0.000172
1780621869.312124,916,APPROACH,OK,2,APPROACH,-0.000149,-0.796103,1.209886,0.000961,0.802292,0.000173
1780621869.405503,917,APPROACH,OK,3,SEARCH,-0.000150,-0.795824,1.209404,0.000959,0.802002,0.000174
1780621869.528812,918,APPROACH,OK,2,APPROACH,-0.000149,-0.795876,1.209467,0.000958,0.802058,0.000172
1780621869.639674,919,APPROACH,OK,2,APPROACH,-0.000150,-0.795645,1.209053,0.000954,0.801822,0.000172
1780621869.762717,920,APPROACH,OK,3,SEARCH,-0.000151,-0.795344,1.208526,0.000951,0.801508,0.000173
1780621869.846033,921,APPROACH,OK,2,APPROACH,-0.000151,-0.796474,1.210677,0.000961,0.802679,0.000173
1780621869.967683,922,APPROACH,OK,3,SEARCH,-0.000148,-0.795293,1.208299,0.000957,0.801449,0.000174
1780621870.065423,923,APPROACH,OK,3,SEARCH,-0.000150,-0.795514,1.208833,0.000953,0.801685,0.000172
1780621870.195736,924,APPROACH,OK,3,SEARCH,-0.000149,-0.795607,1.208954,0.000956,0.801779,0.000173
1780621870.348664,925,APPROACH,OK,2,APPROACH,-0.000149,-0.796237,1.210130,0.000964,0.802429,0.000173
1780621870.423415,926,APPROACH,OK,2,APPROACH,-0.000150,-0.796391,1.210484,0.000962,0.802592,0.000173
1780621870.550413,927,APPROACH,OK,3,SEARCH,-0.000149,-0.795254,1.208279,0.000953,0.801413,0.000173
1780621870.646969,928,APPROACH,OK,2,APPROACH,-0.000150,-0.796515,1.210697,0.000965,0.802718,0.000173
1780621870.786690,929,APPROACH,OK,3,SEARCH,-0.000150,-0.795791,1.209337,0.000959,0.801966,0.000174
1780621870.883771,930,APPROACH,OK,3,SEARCH,-0.000150,-0.795750,1.209252,0.000959,0.801923,0.000174
1780621870.989739,931,APPROACH,OK,2,APPROACH,-0.000149,-0.796057,1.209801,0.000961,0.802245,0.000173
1780621871.083844,932,APPROACH,OK,3,SEARCH,-0.000154,-0.796537,1.210937,0.000958,0.802745,0.000174
1780621871.200954,933,APPROACH,OK,2,APPROACH,-0.000150,-0.796378,1.210446,0.000963,0.802577,0.000173
1780621871.297388,934,APPROACH,OK,2,APPROACH,-0.000150,-0.796005,1.209724,0.000959,0.802193,0.000172
1780621871.450599,935,APPROACH,OK,3,SEARCH,-0.000149,-0.795461,1.208633,0.000958,0.801623,0.000174
1780621871.525909,936,APPROACH,OK,2,APPROACH,-0.000148,-0.796013,1.209666,0.000963,0.802196,0.000173
1780621871.677563,937,APPROACH,OK,3,SEARCH,-0.000148,-0.796074,1.209791,0.000964,0.802259,0.000173
1780621871.743204,938,APPROACH,OK,3,SEARCH,-0.000150,-0.795722,1.209205,0.000958,0.801897,0.000174
1780621871.870705,939,APPROACH,OK,2,APPROACH,-0.000149,-0.796026,1.209760,0.000959,0.802213,0.000172
1780621871.957634,940,APPROACH,OK,3,SEARCH,-0.000149,-0.795572,1.208847,0.000959,0.801739,0.000174
1780621872.088727,941,APPROACH,OK,2,APPROACH,-0.000149,-0.796400,1.210406,0.000968,0.802595,0.000174
1780621872.172977,942,APPROACH,OK,2,APPROACH,-0.000148,-0.796160,1.209947,0.000965,0.802347,0.000174
1780621872.295557,943,APPROACH,OK,2,APPROACH,-0.000149,-0.795976,1.209625,0.000961,0.802160,0.000173
1780621872.388248,944,APPROACH,OK,2,APPROACH,-0.000149,-0.796289,1.210202,0.000966,0.802481,0.000174
1780621872.507601,945,APPROACH,OK,3,SEARCH,-0.000149,-0.795268,1.208283,0.000954,0.801427,0.000173
1780621872.600672,946,APPROACH,OK,2,APPROACH,-0.000149,-0.796256,1.210166,0.000964,0.802449,0.000173
1780621872.720199,947,APPROACH,OK,3,SEARCH,-0.000153,-0.796444,1.210687,0.000961,0.802645,0.000174
1780621872.814777,948,APPROACH,OK,3,SEARCH,-0.000150,-0.795766,1.209267,0.000960,0.801940,0.000174
1780621872.941628,949,APPROACH,OK,2,APPROACH,-0.000150,-0.795982,1.209686,0.000958,0.802169,0.000172
1780621873.038582,950,APPROACH,OK,3,SEARCH,-0.000148,-0.795939,1.209517,0.000963,0.802119,0.000173
1780621873.154510,951,APPROACH,OK,3,SEARCH,-0.000151,-0.796467,1.210631,0.000965,0.802667,0.000174
1780621873.244673,952,APPROACH,OK,2,APPROACH,-0.000151,-0.796449,1.210610,0.000962,0.802652,0.000173
1780621873.370815,953,APPROACH,OK,3,SEARCH,-0.000149,-0.795459,1.208652,0.000957,0.801623,0.000173
1780621873.455745,954,APPROACH,OK,2,APPROACH,-0.000150,-0.796452,1.210599,0.000963,0.802654,0.000173
1780621873.583711,955,APPROACH,OK,3,SEARCH,-0.000152,-0.796316,1.210417,0.000962,0.802510,0.000175
1780621873.673281,956,APPROACH,OK,3,SEARCH,-0.000151,-0.794998,1.207896,0.000946,0.801152,0.000172
1780621873.807950,957,APPROACH,OK,2,APPROACH,-0.000150,-0.796124,1.209946,0.000961,0.802315,0.000173
1780621873.925439,958,APPROACH,OK,3,SEARCH,-0.000153,-0.796372,1.210552,0.000960,0.802571,0.000174
1780621874.019406,959,APPROACH,OK,2,APPROACH,-0.000150,-0.796585,1.210853,0.000965,0.802791,0.000173
1780621874.140472,960,APPROACH,OK,3,SEARCH,-0.000149,-0.796202,1.210038,0.000965,0.802391,0.000173
1780621874.230251,961,APPROACH,OK,2,APPROACH,-0.000149,-0.796132,1.209928,0.000962,0.802321,0.000173
1780621874.350949,962,APPROACH,OK,3,SEARCH,-0.000153,-0.796586,1.210980,0.000962,0.802793,0.000174
1780621874.443485,963,APPROACH,OK,2,APPROACH,-0.000151,-0.796459,1.210651,0.000961,0.802664,0.000173
1780621874.580465,964,APPROACH,OK,3,SEARCH,-0.000149,-0.795107,1.208006,0.000952,0.801261,0.000173
1780621874.671782,965,APPROACH,OK,2,APPROACH,-0.000149,-0.796351,1.210344,0.000965,0.802546,0.000173
1780621874.802374,966,APPROACH,OK,3,SEARCH,-0.000150,-0.795743,1.209208,0.000961,0.801913,0.000175
1780621874.891759,967,APPROACH,OK,3,SEARCH,-0.000150,-0.796070,1.209828,0.000965,0.802251,0.000175
1780621875.014351,968,APPROACH,OK,3,SEARCH,-0.000148,-0.796226,1.210066,0.000966,0.802415,0.000174
1780621875.109206,969,APPROACH,OK,3,SEARCH,-0.000149,-0.795661,1.209029,0.000960,0.801829,0.000174
1780621875.247914,970,APPROACH,OK,3,SEARCH,-0.000150,-0.796504,1.210656,0.000966,0.802705,0.000174
1780621875.319801,971,APPROACH,OK,3,SEARCH,-0.000150,-0.795942,1.209618,0.000961,0.802122,0.000174
1780621875.437532,972,APPROACH,OK,2,APPROACH,-0.000149,-0.796183,1.210024,0.000963,0.802373,0.000173
1780621875.534858,973,APPROACH,OK,2,APPROACH,-0.000151,-0.796575,1.210862,0.000963,0.802783,0.000173
1780621875.652287,974,APPROACH,OK,4,HOVER_ABOVE_HOLE,-0.000149,-0.795861,1.209392,0.000964,0.802033,0.000176
1780621875.741186,975,APPROACH,OK,2,APPROACH,-0.000149,-0.795712,1.209160,0.000956,0.801890,0.000172
1780621875.863245,976,APPROACH,OK,3,SEARCH,-0.000147,-0.795727,1.209087,0.000962,0.801898,0.000173
1780621875.955811,977,APPROACH,OK,4,HOVER_ABOVE_HOLE,-0.000150,-0.795454,1.208675,0.000956,0.801617,0.000174
1780621876.086196,978,APPROACH,OK,2,APPROACH,-0.000149,-0.796279,1.210183,0.000966,0.802471,0.000174
1780621876.171149,979,APPROACH,OK,3,SEARCH,-0.000149,-0.796157,1.209964,0.000964,0.802345,0.000173
1780621876.293894,980,APPROACH,OK,3,SEARCH,-0.000150,-0.796580,1.210802,0.000967,0.802783,0.000174
1780621876.400311,981,APPROACH,OK,2,APPROACH,-0.000151,-0.796588,1.210871,0.000964,0.802795,0.000173
1780621876.510959,982,APPROACH,OK,3,SEARCH,-0.000148,-0.795705,1.209066,0.000961,0.801877,0.000173
1780621876.615588,983,APPROACH,OK,2,APPROACH,-0.000149,-0.796044,1.209782,0.000960,0.802232,0.000173
1780621876.726894,984,APPROACH,OK,3,SEARCH,-0.000153,-0.796444,1.210697,0.000961,0.802645,0.000175
1780621876.817524,985,APPROACH,OK,3,SEARCH,-0.000153,-0.796528,1.210844,0.000962,0.802732,0.000175
1780621876.938462,986,APPROACH,OK,3,SEARCH,-0.000148,-0.796074,1.209791,0.000964,0.802259,0.000173
1780621877.032841,987,APPROACH,OK,3,SEARCH,-0.000151,-0.795133,1.208121,0.000949,0.801291,0.000172
1780621877.151079,988,APPROACH,OK,3,SEARCH,-0.000153,-0.796557,1.210924,0.000961,0.802763,0.000174
1780621877.237645,989,APPROACH,OK,3,SEARCH,-0.000153,-0.796483,1.210775,0.000961,0.802687,0.000174
1780621877.367993,990,APPROACH,OK,3,SEARCH,-0.000149,-0.795944,1.209563,0.000961,0.802126,0.000173
1780621877.487880,991,APPROACH,OK,2,APPROACH,-0.000148,-0.796278,1.210165,0.000967,0.802468,0.000174
1780621877.578438,992,APPROACH,OK,2,APPROACH,-0.000151,-0.796563,1.210867,0.000962,0.802772,0.000173
1780621877.704375,993,APPROACH,OK,3,SEARCH,-0.000147,-0.795482,1.208596,0.000961,0.801644,0.000173
1780621877.793962,994,APPROACH,OK,2,APPROACH,-0.000149,-0.795721,1.209174,0.000956,0.801899,0.000172
1780621877.908858,995,APPROACH,OK,3,SEARCH,-0.000150,-0.795473,1.208707,0.000956,0.801638,0.000174
1780621878.016424,996,APPROACH,OK,2,APPROACH,-0.000149,-0.796298,1.210210,0.000967,0.802489,0.000174
1780621878.123871,997,APPROACH,OK,3,SEARCH,-0.000148,-0.795946,1.209544,0.000962,0.802128,0.000173
1780621878.215077,998,APPROACH,OK,3,SEARCH,-0.000151,-0.795758,1.209301,0.000956,0.801936,0.000173
1780621878.336037,999,APPROACH,OK,3,SEARCH,-0.000152,-0.796339,1.210476,0.000960,0.802537,0.000174
1780621878.430878,1000,SEARCH,OK,4,HOVER_ABOVE_HOLE,-0.000146,-0.795479,1.208578,0.000962,0.801640,0.000174
1780621878.545834,1001,SEARCH,OK,3,SEARCH,-0.000148,-0.795659,1.208970,0.000961,0.801829,0.000173
1780621878.643186,1002,SEARCH,OK,4,HOVER_ABOVE_HOLE,-0.000150,-0.795839,1.209418,0.000960,0.802016,0.000174
1780621878.761254,1003,SEARCH,OK,3,SEARCH,-0.000149,-0.796272,1.210178,0.000965,0.802464,0.000173
1780621878.852246,1004,SEARCH,OK,3,SEARCH,-0.000151,-0.795684,1.209174,0.000954,0.801862,0.000172
1780621878.998775,1005,SEARCH,OK,4,HOVER_ABOVE_HOLE,-0.000150,-0.796578,1.210807,0.000968,0.802780,0.000174
1780621879.063355,1006,SEARCH,OK,5,INSERT,-0.000149,-0.795758,1.209215,0.000963,0.801926,0.000176
1780621879.195348,1007,SEARCH,OK,3,SEARCH,-0.000149,-0.795947,1.209587,0.000960,0.802131,0.000173
1780621879.283689,1008,SEARCH,OK,3,SEARCH,-0.000149,-0.796242,1.210149,0.000963,0.802435,0.000173
1780621879.409687,1009,SEARCH,OK,4,HOVER_ABOVE_HOLE,-0.000153,-0.796393,1.210582,0.000962,0.802591,0.000175
1780621879.516452,1010,SEARCH,OK,4,HOVER_ABOVE_HOLE,-0.000152,-0.796338,1.210463,0.000961,0.802536,0.000174
1780621879.623592,1011,SEARCH,OK,3,SEARCH,-0.000148,-0.796371,1.210333,0.000969,0.802564,0.000174
1780621879.712116,1012,SEARCH,OK,2,APPROACH,-0.000159,-0.796064,1.210278,0.000940,0.802272,0.000171
1780621879.848841,1013,SEARCH,OK,3,SEARCH,-0.000150,-0.796468,1.210645,0.000963,0.802672,0.000173
1780621879.943756,1014,SEARCH,OK,3,SEARCH,-0.000150,-0.796548,1.210784,0.000965,0.802754,0.000173
1780621880.059029,1015,SEARCH,OK,3,SEARCH,-0.000149,-0.795699,1.209109,0.000958,0.801875,0.000172
1780621880.143255,1016,SEARCH,OK,3,SEARCH,-0.000149,-0.796326,1.210306,0.000965,0.802521,0.000173
1780621880.267663,1017,SEARCH,OK,4,HOVER_ABOVE_HOLE,-0.000150,-0.795631,1.209005,0.000959,0.801799,0.000175
1780621880.359574,1018,SEARCH,OK,3,SEARCH,-0.000149,-0.795884,1.209473,0.000959,0.802067,0.000172
1780621880.503450,1019,SEARCH,OK,4,HOVER_ABOVE_HOLE,-0.000149,-0.795367,1.208528,0.000953,0.801532,0.000172
1780621880.571824,1020,SEARCH,OK,4,HOVER_ABOVE_HOLE,-0.000149,-0.795521,1.208799,0.000957,0.801687,0.000174
1780621880.698190,1021,SEARCH,OK,3,SEARCH,-0.000149,-0.795927,1.209574,0.000958,0.802112,0.000172
1780621880.783471,1022,SEARCH,OK,4,HOVER_ABOVE_HOLE,-0.000149,-0.795872,1.209435,0.000963,0.802047,0.000175
1780621880.910450,1023,SEARCH,OK,3,SEARCH,-0.000149,-0.796366,1.210372,0.000966,0.802561,0.000174
1780621881.026512,1024,SEARCH,OK,4,HOVER_ABOVE_HOLE,-0.000148,-0.795637,1.208957,0.000962,0.801802,0.000175
1780621881.114391,1025,SEARCH,OK,4,HOVER_ABOVE_HOLE,-0.000148,-0.795283,1.208275,0.000957,0.801440,0.000173
1780621881.241073,1026,SEARCH,OK,3,SEARCH,-0.000150,-0.796495,1.210652,0.000966,0.802697,0.000173
1780621881.322459,1027,SEARCH,OK,4,HOVER_ABOVE_HOLE,-0.000149,-0.795225,1.208231,0.000952,0.801385,0.000172
1780621881.449398,1028,SEARCH,OK,3,SEARCH,-0.000148,-0.795853,1.209376,0.000961,0.802032,0.000173
1780621881.563426,1029,SEARCH,OK,3,SEARCH,-0.000150,-0.796047,1.209809,0.000959,0.802236,0.000172
1780621881.676528,1030,SEARCH,OK,5,INSERT,-0.000149,-0.795820,1.209330,0.000963,0.801993,0.000175
1780621881.778855,1031,SEARCH,OK,4,HOVER_ABOVE_HOLE,-0.000148,-0.795656,1.209004,0.000961,0.801825,0.000174
1780621881.896284,1032,SEARCH,OK,3,SEARCH,-0.000149,-0.796255,1.210182,0.000963,0.802449,0.000173
1780621881.978087,1033,SEARCH,OK,4,HOVER_ABOVE_HOLE,-0.000149,-0.795410,1.208564,0.000957,0.801572,0.000174
1780621882.098593,1034,SEARCH,OK,3,SEARCH,-0.000148,-0.795705,1.209067,0.000961,0.801877,0.000173
1780621882.192354,1035,SEARCH,OK,3,SEARCH,-0.000149,-0.796219,1.210095,0.000964,0.802411,0.000173
1780621882.315956,1036,SEARCH,OK,5,INSERT,-0.000148,-0.795720,1.209097,0.000964,0.801888,0.000175
1780621882.406479,1037,SEARCH,OK,4,HOVER_ABOVE_HOLE,-0.000148,-0.795456,1.208620,0.000958,0.801619,0.000174
1780621882.527428,1038,SEARCH,OK,3,SEARCH,-0.000149,-0.796284,1.210236,0.000964,0.802478,0.000173
1780621882.630771,1039,SEARCH,OK,5,INSERT,-0.000149,-0.795855,1.209414,0.000962,0.802031,0.000174
1780621882.744041,1040,SEARCH,OK,3,SEARCH,-0.000148,-0.796283,1.210190,0.000966,0.802475,0.000174
1780621882.844690,1041,SEARCH,OK,3,SEARCH,-0.000150,-0.796384,1.210474,0.000962,0.802584,0.000173
1780621882.969631,1042,SEARCH,OK,2,APPROACH,-0.000159,-0.796184,1.210497,0.000942,0.802395,0.000171
1780621883.073560,1043,SEARCH,OK,3,SEARCH,-0.000148,-0.796334,1.210272,0.000968,0.802526,0.000174
1780621883.216244,1044,SEARCH,OK,3,SEARCH,-0.000149,-0.796407,1.210451,0.000966,0.802604,0.000174
1780621883.327912,1045,SEARCH,OK,4,HOVER_ABOVE_HOLE,-0.000152,-0.796068,1.209967,0.000957,0.802258,0.000174
1780621883.488891,1046,SEARCH,OK,3,SEARCH,-0.000150,-0.796482,1.210617,0.000966,0.802683,0.000173
1780621883.606502,1047,SEARCH,OK,4,HOVER_ABOVE_HOLE,-0.000150,-0.796366,1.210428,0.000963,0.802564,0.000173
1780621883.755752,1048,SEARCH,OK,4,HOVER_ABOVE_HOLE,-0.000150,-0.795627,1.209005,0.000959,0.801796,0.000175
1780621883.876145,1049,SEARCH,OK,4,HOVER_ABOVE_HOLE,-0.000150,-0.795760,1.209280,0.000959,0.801934,0.000174
1780621884.032645,1050,SEARCH,OK,3,SEARCH,-0.000149,-0.796299,1.210267,0.000964,0.802494,0.000173
1780621884.160223,1051,SEARCH,OK,3,SEARCH,-0.000149,-0.796173,1.210008,0.000963,0.802363,0.000173
1780621884.307043,1052,SEARCH,OK,3,SEARCH,-0.000149,-0.795914,1.209523,0.000960,0.802097,0.000172
1780621884.435715,1053,SEARCH,OK,3,SEARCH,-0.000148,-0.796287,1.210176,0.000967,0.802477,0.000174
1780621884.578883,1054,SEARCH,OK,4,HOVER_ABOVE_HOLE,-0.000152,-0.796357,1.210486,0.000963,0.802554,0.000175
1780621884.693263,1055,SEARCH,OK,3,SEARCH,-0.000150,-0.796470,1.210622,0.000964,0.802672,0.000173
1780621884.817845,1056,SEARCH,OK,4,HOVER_ABOVE_HOLE,-0.000148,-0.795293,1.208307,0.000957,0.801449,0.000174
1780621884.979493,1057,SEARCH,OK,3,SEARCH,-0.000150,-0.796446,1.210582,0.000964,0.802648,0.000173
1780621885.080426,1058,SEARCH,OK,4,HOVER_ABOVE_HOLE,-0.000150,-0.796113,1.209921,0.000965,0.802296,0.000175
1780621885.206898,1059,SEARCH,OK,4,HOVER_ABOVE_HOLE,-0.000149,-0.795524,1.208816,0.000955,0.801693,0.000173
1780621885.305737,1060,SEARCH,OK,3,SEARCH,-0.000149,-0.795999,1.209682,0.000961,0.802185,0.000173
1780621885.471678,1061,SEARCH,OK,4,HOVER_ABOVE_HOLE,-0.000153,-0.796432,1.210669,0.000961,0.802634,0.000174
1780621885.538162,1062,SEARCH,OK,3,SEARCH,-0.000150,-0.796127,1.209971,0.000960,0.802319,0.000172
1780621885.689013,1063,SEARCH,OK,4,HOVER_ABOVE_HOLE,-0.000148,-0.795266,1.208249,0.000956,0.801423,0.000173
1780621885.784245,1064,SEARCH,OK,4,HOVER_ABOVE_HOLE,-0.000151,-0.795415,1.208693,0.000951,0.801583,0.000173
1780621885.919982,1065,SEARCH,OK,3,SEARCH,-0.000150,-0.796602,1.210869,0.000966,0.802808,0.000173
1780621886.023145,1066,SEARCH,OK,4,HOVER_ABOVE_HOLE,-0.000150,-0.795771,1.209275,0.000961,0.801944,0.000175
1780621886.173760,1067,SEARCH,OK,3,SEARCH,-0.000149,-0.795850,1.209416,0.000958,0.802031,0.000172
1780621886.242825,1068,SEARCH,OK,3,SEARCH,-0.000151,-0.796139,1.210045,0.000957,0.802334,0.000172
1780621886.375875,1069,SEARCH,OK,5,INSERT,-0.000150,-0.795831,1.209412,0.000960,0.802008,0.000174
1780621886.470084,1070,SEARCH,OK,4,HOVER_ABOVE_HOLE,-0.000152,-0.795105,1.208133,0.000946,0.801265,0.000172
1780621886.609136,1071,SEARCH,OK,3,SEARCH,-0.000150,-0.796296,1.210286,0.000962,0.802492,0.000173
1780621886.703601,1072,SEARCH,OK,4,HOVER_ABOVE_HOLE,-0.000149,-0.795303,1.208356,0.000955,0.801463,0.000173
1780621886.815126,1073,SEARCH,OK,3,SEARCH,-0.000149,-0.796251,1.210145,0.000965,0.802443,0.000173
1780621886.907096,1074,SEARCH,OK,3,SEARCH,-0.000149,-0.796283,1.210224,0.000964,0.802477,0.000173
1780621887.032601,1075,SEARCH,OK,4,HOVER_ABOVE_HOLE,-0.000148,-0.795520,1.208727,0.000960,0.801684,0.000174
1780621887.119222,1076,SEARCH,OK,3,SEARCH,-0.000149,-0.795845,1.209393,0.000959,0.802026,0.000173
1780621887.260902,1077,SEARCH,OK,4,HOVER_ABOVE_HOLE,-0.000147,-0.795409,1.208489,0.000959,0.801570,0.000173
1780621887.333756,1078,SEARCH,OK,5,INSERT,-0.000148,-0.795937,1.209494,0.000968,0.802109,0.000176
1780621887.455053,1079,SEARCH,OK,3,SEARCH,-0.000150,-0.795885,1.209547,0.000955,0.802072,0.000172
1780621887.552824,1080,SEARCH,OK,3,SEARCH,-0.000149,-0.796025,1.209732,0.000961,0.802211,0.000173
1780621887.666240,1081,SEARCH,OK,4,HOVER_ABOVE_HOLE,-0.000150,-0.795743,1.209224,0.000959,0.801917,0.000174
1780621887.765100,1082,SEARCH,OK,3,SEARCH,-0.000148,-0.796323,1.210265,0.000966,0.802516,0.000174
1780621887.882917,1083,SEARCH,OK,3,SEARCH,-0.000149,-0.795434,1.208605,0.000955,0.801600,0.000173
1780621887.967828,1084,SEARCH,OK,4,HOVER_ABOVE_HOLE,-0.000150,-0.795995,1.209722,0.000962,0.802177,0.000174
1780621888.108203,1085,SEARCH,OK,3,SEARCH,-0.000149,-0.796260,1.210158,0.000965,0.802452,0.000173
1780621888.186474,1086,SEARCH,OK,3,SEARCH,-0.000148,-0.795995,1.209612,0.000965,0.802175,0.000174
1780621888.327083,1087,SEARCH,OK,4,HOVER_ABOVE_HOLE,-0.000153,-0.796414,1.210663,0.000960,0.802616,0.000174
1780621888.407723,1088,SEARCH,OK,3,SEARCH,-0.000150,-0.796461,1.210617,0.000964,0.802664,0.000173
1780621888.527165,1089,SEARCH,OK,4,HOVER_ABOVE_HOLE,-0.000148,-0.795268,1.208246,0.000957,0.801424,0.000173
1780621888.668636,1090,SEARCH,OK,3,SEARCH,-0.000149,-0.796466,1.210578,0.000966,0.802666,0.000173
1780621888.746103,1091,SEARCH,OK,3,SEARCH,-0.000149,-0.796277,1.210186,0.000965,0.802469,0.000173
1780621888.877270,1092,SEARCH,OK,2,APPROACH,-0.000159,-0.796212,1.210555,0.000942,0.802425,0.000171
1780621888.969773,1093,SEARCH,OK,3,SEARCH,-0.000150,-0.796644,1.210951,0.000967,0.802851,0.000174
1780621889.086048,1094,SEARCH,OK,3,SEARCH,-0.000149,-0.796326,1.210283,0.000966,0.802520,0.000174
1780621889.174950,1095,SEARCH,OK,3,SEARCH,-0.000151,-0.795540,1.208916,0.000952,0.801712,0.000173
1780621889.329751,1096,SEARCH,OK,3,SEARCH,-0.000150,-0.796569,1.210797,0.000966,0.802773,0.000173
1780621889.400494,1097,SEARCH,OK,3,SEARCH,-0.000151,-0.796643,1.210996,0.000966,0.802850,0.000174
1780621889.522836,1098,SEARCH,OK,4,HOVER_ABOVE_HOLE,-0.000148,-0.795559,1.208795,0.000959,0.801727,0.000173
1780621889.614894,1099,SEARCH,OK,3,SEARCH,-0.000149,-0.795839,1.209411,0.000957,0.802021,0.000172
1780621889.734550,1100,SEARCH,OK,3,SEARCH,-0.000148,-0.796318,1.210251,0.000967,0.802510,0.000174
1780621889.822970,1101,SEARCH,OK,4,HOVER_ABOVE_HOLE,-0.000149,-0.795888,1.209469,0.000963,0.802064,0.000175
1780621889.947413,1102,SEARCH,OK,3,SEARCH,-0.000149,-0.796052,1.209774,0.000962,0.802238,0.000173
1780621890.048822,1103,SEARCH,OK,4,HOVER_ABOVE_HOLE,-0.000148,-0.795238,1.208198,0.000956,0.801394,0.000173
1780621890.161248,1104,SEARCH,OK,3,SEARCH,-0.000149,-0.796525,1.210694,0.000967,0.802727,0.000174
1780621890.251668,1105,SEARCH,OK,3,SEARCH,-0.000149,-0.796497,1.210638,0.000967,0.802698,0.000174
1780621890.376868,1106,SEARCH,OK,3,SEARCH,-0.000148,-0.796139,1.209872,0.000967,0.802324,0.000174
1780621890.466056,1107,SEARCH,OK,3,SEARCH,-0.000152,-0.796675,1.211106,0.000962,0.802889,0.000172
1780621890.595521,1108,SEARCH,OK,4,HOVER_ABOVE_HOLE,-0.000150,-0.795749,1.209228,0.000960,0.801921,0.000174
1780621890.689159,1109,SEARCH,OK,3,SEARCH,-0.000148,-0.795997,1.209613,0.000965,0.802178,0.000174
1780621890.819425,1110,SEARCH,OK,3,SEARCH,-0.000149,-0.796103,1.209896,0.000961,0.802293,0.000173
1780621890.898865,1111,SEARCH,OK,5,INSERT,-0.000149,-0.795679,1.209060,0.000962,0.801846,0.000175
1780621891.020540,1112,SEARCH,OK,3,SEARCH,-0.000150,-0.796315,1.210319,0.000963,0.802512,0.000173
1780621891.116218,1113,SEARCH,OK,3,SEARCH,-0.000147,-0.796304,1.210172,0.000970,0.802492,0.000174
1780621891.234129,1114,SEARCH,OK,3,SEARCH,-0.000149,-0.796270,1.210204,0.000964,0.802464,0.000173
1780621891.335931,1115,SEARCH,OK,3,SEARCH,-0.000148,-0.796318,1.210251,0.000967,0.802510,0.000174
1780621891.485419,1116,SEARCH,OK,4,HOVER_ABOVE_HOLE,-0.000148,-0.795362,1.208436,0.000957,0.801522,0.000173
1780621891.554168,1117,SEARCH,OK,3,SEARCH,-0.000150,-0.796502,1.210666,0.000966,0.802704,0.000173
1780621891.679079,1118,SEARCH,OK,4,HOVER_ABOVE_HOLE,-0.000149,-0.795332,1.208437,0.000954,0.801494,0.000173
1780621891.774695,1119,SEARCH,OK,3,SEARCH,-0.000148,-0.795993,1.209607,0.000964,0.802174,0.000173
1780621891.889294,1120,SEARCH,OK,3,SEARCH,-0.000148,-0.796347,1.210288,0.000968,0.802539,0.000174
1780621891.985753,1121,SEARCH,OK,3,SEARCH,-0.000149,-0.795253,1.208283,0.000954,0.801411,0.000173
1780621892.110261,1122,SEARCH,OK,3,SEARCH,-0.000150,-0.796543,1.210758,0.000965,0.802747,0.000173
1780621892.238366,1123,SEARCH,OK,4,HOVER_ABOVE_HOLE,-0.000151,-0.795460,1.208743,0.000954,0.801626,0.000174
1780621892.326901,1124,SEARCH,OK,4,HOVER_ABOVE_HOLE,-0.000151,-0.795466,1.208752,0.000955,0.801631,0.000174
1780621892.455585,1125,SEARCH,OK,3,SEARCH,-0.000151,-0.796479,1.210683,0.000962,0.802684,0.000173
1780621892.544688,1126,SEARCH,OK,4,HOVER_ABOVE_HOLE,-0.000149,-0.795484,1.208678,0.000960,0.801644,0.000175
1780621892.665554,1127,SEARCH,OK,4,HOVER_ABOVE_HOLE,-0.000150,-0.795367,1.208522,0.000953,0.801532,0.000173
1780621892.767577,1128,SEARCH,OK,3,SEARCH,-0.000149,-0.796386,1.210414,0.000966,0.802583,0.000173
1780621892.924373,1129,SEARCH,OK,4,HOVER_ABOVE_HOLE,-0.000150,-0.795422,1.208656,0.000954,0.801587,0.000174
1780621892.992238,1130,SEARCH,OK,5,INSERT,-0.000150,-0.795537,1.208844,0.000957,0.801704,0.000174
1780621893.113732,1131,SEARCH,OK,3,SEARCH,-0.000149,-0.796448,1.210509,0.000968,0.802645,0.000174
1780621893.220852,1132,SEARCH,OK,3,SEARCH,-0.000149,-0.795856,1.209427,0.000958,0.802037,0.000172
1780621893.322206,1133,SEARCH,OK,3,SEARCH,-0.000148,-0.796047,1.209737,0.000964,0.802231,0.000174
1780621893.422748,1134,SEARCH,OK,3,SEARCH,-0.000150,-0.796433,1.210541,0.000964,0.802634,0.000173
1780621893.615046,1135,SEARCH,OK,4,HOVER_ABOVE_HOLE,-0.000151,-0.795468,1.208774,0.000953,0.801636,0.000173
1780621893.701352,1136,SEARCH,OK,4,HOVER_ABOVE_HOLE,-0.000151,-0.795525,1.208890,0.000953,0.801695,0.000173
1780621893.827740,1137,SEARCH,OK,3,SEARCH,-0.000149,-0.796213,1.210093,0.000963,0.802405,0.000173
1780621893.917504,1138,SEARCH,OK,3,SEARCH,-0.000154,-0.795579,1.209160,0.000944,0.801762,0.000171
1780621894.045239,1139,SEARCH,OK,3,SEARCH,-0.000149,-0.795820,1.209376,0.000957,0.802002,0.000172
1780621894.131303,1140,SEARCH,OK,4,HOVER_ABOVE_HOLE,-0.000149,-0.795760,1.209236,0.000961,0.801933,0.000174
1780621894.251555,1141,SEARCH,OK,3,SEARCH,-0.000149,-0.795963,1.209632,0.000959,0.802149,0.000172
1780621894.347894,1142,SEARCH,OK,3,SEARCH,-0.000150,-0.795835,1.209444,0.000955,0.802020,0.000172
1780621894.468660,1143,SEARCH,OK,4,HOVER_ABOVE_HOLE,-0.000153,-0.796241,1.210309,0.000959,0.802436,0.000174
1780621894.569736,1144,SEARCH,OK,3,SEARCH,-0.000151,-0.796507,1.210742,0.000962,0.802713,0.000173
1780621894.697911,1145,SEARCH,OK,3,SEARCH,-0.000149,-0.795653,1.209041,0.000956,0.801829,0.000172
1780621894.777984,1146,SEARCH,OK,4,HOVER_ABOVE_HOLE,-0.000148,-0.795496,1.208693,0.000959,0.801659,0.000174
1780621894.898577,1147,SEARCH,OK,3,SEARCH,-0.000149,-0.796055,1.209812,0.000960,0.802244,0.000173
1780621894.990614,1148,SEARCH,OK,4,HOVER_ABOVE_HOLE,-0.000148,-0.795542,1.208791,0.000959,0.801708,0.000174
1780621895.115843,1149,SEARCH,OK,3,SEARCH,-0.000149,-0.796672,1.210930,0.000971,0.802875,0.000174
1780621895.205034,1150,SEARCH,OK,3,SEARCH,-0.000148,-0.796109,1.209859,0.000964,0.802295,0.000173
1780621895.325833,1151,SEARCH,OK,3,SEARCH,-0.000149,-0.796188,1.210045,0.000963,0.802380,0.000173
1780621895.423355,1152,SEARCH,OK,3,SEARCH,-0.000149,-0.796213,1.210074,0.000965,0.802403,0.000173
1780621895.545744,1153,SEARCH,OK,3,SEARCH,-0.000148,-0.796111,1.209869,0.000964,0.802297,0.000173
1780621895.636294,1154,SEARCH,OK,3,SEARCH,-0.000150,-0.795997,1.209727,0.000958,0.802186,0.000172
1780621895.759317,1155,SEARCH,OK,4,HOVER_ABOVE_HOLE,-0.000150,-0.795284,1.208371,0.000952,0.801445,0.000173
1780621895.894473,1156,SEARCH,OK,3,SEARCH,-0.000149,-0.795820,1.209348,0.000959,0.802000,0.000172
1780621896.005521,1157,SEARCH,OK,4,HOVER_ABOVE_HOLE,-0.000148,-0.795464,1.208617,0.000960,0.801625,0.000174
1780621896.110440,1158,SEARCH,OK,3,SEARCH,-0.000149,-0.796345,1.210348,0.000965,0.802541,0.000173
1780621896.194937,1159,SEARCH,OK,4,HOVER_ABOVE_HOLE,-0.000147,-0.795585,1.208814,0.000961,0.801752,0.000173
1780621896.318912,1160,SEARCH,OK,3,SEARCH,-0.000148,-0.796259,1.210127,0.000967,0.802449,0.000174
1780621896.405860,1161,SEARCH,OK,4,HOVER_ABOVE_HOLE,-0.000153,-0.796290,1.210409,0.000959,0.802489,0.000174
1780621896.539520,1162,SEARCH,OK,3,SEARCH,-0.000150,-0.796809,1.211273,0.000968,0.803022,0.000174
1780621896.636392,1163,SEARCH,OK,3,SEARCH,-0.000149,-0.795978,1.209631,0.000961,0.802162,0.000173
1780621896.748606,1164,SEARCH,OK,4,HOVER_ABOVE_HOLE,-0.000150,-0.795407,1.208627,0.000952,0.801576,0.000172
1780621896.837538,1165,SEARCH,OK,4,HOVER_ABOVE_HOLE,-0.000150,-0.796350,1.210375,0.000964,0.802546,0.000173
1780621896.955531,1166,SEARCH,OK,5,INSERT,-0.000149,-0.795562,1.208840,0.000960,0.801727,0.000174
1780621897.048064,1167,SEARCH,OK,3,SEARCH,-0.000148,-0.796024,1.209663,0.000965,0.802205,0.000174
1780621897.173837,1168,SEARCH,OK,3,SEARCH,-0.000148,-0.796056,1.209760,0.000964,0.802241,0.000173
1780621897.263196,1169,SEARCH,OK,5,INSERT,-0.000149,-0.795741,1.209186,0.000962,0.801912,0.000175
1780621897.392242,1170,SEARCH,OK,3,SEARCH,-0.000149,-0.796236,1.210125,0.000964,0.802428,0.000173
1780621897.483087,1171,SEARCH,OK,3,SEARCH,-0.000149,-0.795898,1.209523,0.000958,0.802082,0.000172
1780621897.609190,1172,SEARCH,OK,4,HOVER_ABOVE_HOLE,-0.000152,-0.796435,1.210653,0.000962,0.802635,0.000175
1780621897.708591,1173,SEARCH,OK,3,SEARCH,-0.000150,-0.796802,1.211225,0.000970,0.803012,0.000174
1780621897.823557,1174,SEARCH,OK,3,SEARCH,-0.000151,-0.795277,1.208429,0.000949,0.801441,0.000172
1780621897.916319,1175,SEARCH,OK,3,SEARCH,-0.000149,-0.795947,1.209585,0.000960,0.802131,0.000173
1780621898.044305,1176,SEARCH,OK,4,HOVER_ABOVE_HOLE,-0.000149,-0.795902,1.209462,0.000965,0.802075,0.000176
1780621898.135029,1177,SEARCH,OK,4,HOVER_ABOVE_HOLE,-0.000152,-0.796272,1.210345,0.000960,0.802468,0.000174
1780621898.264378,1178,SEARCH,OK,3,SEARCH,-0.000149,-0.796226,1.210086,0.000965,0.802417,0.000173
1780621898.353464,1179,SEARCH,OK,4,HOVER_ABOVE_HOLE,-0.000150,-0.795334,1.208462,0.000953,0.801496,0.000173
1780621898.476574,1180,SEARCH,OK,3,SEARCH,-0.000149,-0.796421,1.210467,0.000967,0.802618,0.000174
1780621898.567337,1181,SEARCH,OK,3,SEARCH,-0.000150,-0.796048,1.209827,0.000958,0.802238,0.000172
1780621898.690736,1182,SEARCH,OK,5,INSERT,-0.000149,-0.795763,1.209201,0.000963,0.801934,0.000175
1780621898.788046,1183,SEARCH,OK,3,SEARCH,-0.000147,-0.796155,1.209894,0.000968,0.802339,0.000174
1780621898.928288,1184,SEARCH,OK,3,SEARCH,-0.000149,-0.795974,1.209620,0.000962,0.802157,0.000173
1780621899.027632,1185,SEARCH,OK,4,HOVER_ABOVE_HOLE,-0.000149,-0.795187,1.208131,0.000954,0.801342,0.000173
1780621899.159455,1186,SEARCH,OK,3,SEARCH,-0.000150,-0.796473,1.210625,0.000964,0.802675,0.000173
1780621899.248945,1187,SEARCH,OK,4,HOVER_ABOVE_HOLE,-0.000154,-0.796748,1.211330,0.000962,0.802962,0.000174
1780621899.367434,1188,SEARCH,OK,3,SEARCH,-0.000148,-0.796142,1.209911,0.000965,0.802329,0.000173
1780621899.494473,1189,SEARCH,OK,4,HOVER_ABOVE_HOLE,-0.000151,-0.796142,1.210019,0.000962,0.802330,0.000174
1780621899.586730,1190,SEARCH,OK,4,HOVER_ABOVE_HOLE,-0.000153,-0.796347,1.210501,0.000961,0.802545,0.000174
1780621899.714473,1191,SEARCH,OK,3,SEARCH,-0.000151,-0.796487,1.210701,0.000962,0.802692,0.000173
1780621899.802201,1192,SEARCH,OK,4,HOVER_ABOVE_HOLE,-0.000148,-0.795592,1.208882,0.000960,0.801759,0.000174
1780621899.923585,1193,SEARCH,OK,3,SEARCH,-0.000149,-0.796279,1.210196,0.000965,0.802472,0.000173
1780621900.021098,1194,SEARCH,OK,3,SEARCH,-0.000148,-0.796276,1.210165,0.000967,0.802467,0.000174
1780621900.142902,1195,SEARCH,OK,3,SEARCH,-0.000148,-0.795988,1.209602,0.000964,0.802169,0.000174
1780621900.239149,1196,SEARCH,OK,3,SEARCH,-0.000149,-0.796320,1.210264,0.000966,0.802513,0.000174
1780621900.355583,1197,SEARCH,OK,4,HOVER_ABOVE_HOLE,-0.000150,-0.795683,1.209101,0.000960,0.801852,0.000175
1780621900.447970,1198,SEARCH,OK,3,SEARCH,-0.000149,-0.795985,1.209669,0.000960,0.802170,0.000172
1780621900.576274,1199,SEARCH,OK,4,HOVER_ABOVE_HOLE,-0.000150,-0.795339,1.208494,0.000952,0.801503,0.000173
1780621900.669440,1200,SEARCH,OK,3,SEARCH,-0.000157,-0.796242,1.210564,0.000945,0.802454,0.000171
1780621900.794119,1201,SEARCH,OK,3,SEARCH,-0.000150,-0.796684,1.211017,0.000968,0.802892,0.000174
1780621900.887267,1202,SEARCH,OK,3,SEARCH,-0.000150,-0.796583,1.210811,0.000967,0.802787,0.000174
1780621901.053622,1203,SEARCH,OK,3,SEARCH,-0.000149,-0.796195,1.210048,0.000963,0.802386,0.000173
1780621901.108094,1204,SEARCH,OK,3,SEARCH,-0.000149,-0.796098,1.209897,0.000961,0.802288,0.000173
1780621901.236331,1205,SEARCH,OK,4,HOVER_ABOVE_HOLE,-0.000150,-0.795535,1.208840,0.000956,0.801704,0.000173
1780621901.329024,1206,SEARCH,OK,3,SEARCH,-0.000149,-0.796549,1.210708,0.000969,0.802750,0.000174
1780621901.451170,1207,SEARCH,OK,4,HOVER_ABOVE_HOLE,-0.000148,-0.795301,1.208304,0.000956,0.801460,0.000173
1780621901.546222,1208,SEARCH,OK,3,SEARCH,-0.000150,-0.796489,1.210675,0.000964,0.802693,0.000173
1780621901.666043,1209,SEARCH,OK,4,HOVER_ABOVE_HOLE,-0.000150,-0.795776,1.209311,0.000959,0.801951,0.000174
1780621901.774375,1210,SEARCH,OK,3,SEARCH,-0.000149,-0.795902,1.209515,0.000959,0.802085,0.000172
1780621901.908343,1211,SEARCH,OK,4,HOVER_ABOVE_HOLE,-0.000150,-0.795415,1.208616,0.000955,0.801579,0.000174
1780621901.975325,1212,SEARCH,OK,4,HOVER_ABOVE_HOLE,-0.000149,-0.795827,1.209352,0.000963,0.802000,0.000175
1780621902.125702,1213,SEARCH,OK,4,HOVER_ABOVE_HOLE,-0.000149,-0.795849,1.209398,0.000963,0.802023,0.000175
1780621902.196626,1214,SEARCH,OK,5,INSERT,-0.000149,-0.795713,1.209123,0.000961,0.801883,0.000175
1780621902.323535,1215,SEARCH,OK,3,SEARCH,-0.000149,-0.796207,1.210105,0.000962,0.802400,0.000173
1780621902.412904,1216,SEARCH,OK,3,SEARCH,-0.000149,-0.795845,1.209396,0.000959,0.802026,0.000172
1780621902.533425,1217,SEARCH,OK,4,HOVER_ABOVE_HOLE,-0.000148,-0.795824,1.209288,0.000966,0.801992,0.000176
1780621902.645276,1218,SEARCH,OK,4,HOVER_ABOVE_HOLE,-0.000150,-0.796275,1.210270,0.000961,0.802472,0.000173
1780621902.768089,1219,SEARCH,OK,3,SEARCH,-0.000152,-0.795704,1.209304,0.000950,0.801887,0.000172
1780621902.859980,1220,SEARCH,OK,4,HOVER_ABOVE_HOLE,-0.000147,-0.795923,1.209448,0.000965,0.802100,0.000174
1780621902.981579,1221,SEARCH,OK,4,HOVER_ABOVE_HOLE,-0.000153,-0.796498,1.210785,0.000962,0.802701,0.000174
1780621903.106776,1222,SEARCH,OK,3,SEARCH,-0.000150,-0.796561,1.210815,0.000965,0.802767,0.000173
1780621903.194015,1223,SEARCH,OK,3,SEARCH,-0.000149,-0.796091,1.209885,0.000960,0.802280,0.000173
1780621903.365426,1224,SEARCH,OK,4,HOVER_ABOVE_HOLE,-0.000149,-0.795145,1.208066,0.000952,0.801302,0.000172
1780621903.418479,1225,SEARCH,OK,4,HOVER_ABOVE_HOLE,-0.000149,-0.795166,1.208108,0.000952,0.801323,0.000172
1780621903.539636,1226,SEARCH,OK,4,HOVER_ABOVE_HOLE,-0.000154,-0.796626,1.211081,0.000961,0.802836,0.000174
1780621903.635612,1227,SEARCH,OK,5,INSERT,-0.000149,-0.795794,1.209258,0.000964,0.801964,0.000175
1780621903.759417,1228,SEARCH,OK,3,SEARCH,-0.000150,-0.796235,1.210167,0.000962,0.802430,0.000173
1780621903.849171,1229,SEARCH,OK,3,SEARCH,-0.000149,-0.796474,1.210561,0.000968,0.802672,0.000174
1780621903.976204,1230,SEARCH,OK,5,INSERT,-0.000149,-0.795886,1.209428,0.000965,0.802059,0.000175
1780621904.065446,1231,SEARCH,OK,3,SEARCH,-0.000148,-0.796035,1.209698,0.000964,0.802218,0.000173
1780621904.226441,1232,SEARCH,OK,3,SEARCH,-0.000151,-0.796300,1.210335,0.000961,0.802497,0.000173
1780621904.287528,1233,SEARCH,OK,5,INSERT,-0.000150,-0.795947,1.209617,0.000962,0.802126,0.000175
1780621904.420260,1234,SEARCH,OK,3,SEARCH,-0.000149,-0.795899,1.209511,0.000959,0.802083,0.000172
1780621904.509394,1235,SEARCH,OK,3,SEARCH,-0.000148,-0.796291,1.210184,0.000967,0.802482,0.000174
1780621904.624617,1236,SEARCH,OK,4,HOVER_ABOVE_HOLE,-0.000147,-0.795300,1.208274,0.000957,0.801458,0.000173
1780621904.712493,1237,SEARCH,OK,3,SEARCH,-0.000150,-0.796634,1.210925,0.000967,0.802840,0.000173
1780621904.840371,1238,SEARCH,OK,3,SEARCH,-0.000148,-0.796196,1.210021,0.000965,0.802385,0.000173
1780621904.936703,1239,SEARCH,OK,5,INSERT,-0.000151,-0.795506,1.208820,0.000956,0.801673,0.000174
1780621905.056712,1240,SEARCH,OK,3,SEARCH,-0.000149,-0.795905,1.209508,0.000960,0.802088,0.000173
1780621905.154772,1241,SEARCH,OK,3,SEARCH,-0.000148,-0.796426,1.210444,0.000969,0.802621,0.000174
1780621905.270150,1242,SEARCH,OK,4,HOVER_ABOVE_HOLE,-0.000153,-0.796264,1.210343,0.000960,0.802459,0.000174
1780621905.366555,1243,SEARCH,OK,3,SEARCH,-0.000151,-0.796522,1.210778,0.000962,0.802729,0.000173
1780621905.488610,1244,SEARCH,OK,3,SEARCH,-0.000148,-0.796284,1.210182,0.000967,0.802475,0.000174
1780621905.581707,1245,SEARCH,OK,5,INSERT,-0.000149,-0.795494,1.208738,0.000957,0.801659,0.000174
1780621905.723175,1246,SEARCH,OK,3,SEARCH,-0.000149,-0.796081,1.209861,0.000960,0.802270,0.000173
1780621905.814414,1247,SEARCH,OK,3,SEARCH,-0.000149,-0.796320,1.210308,0.000964,0.802516,0.000173
1780621905.936709,1248,SEARCH,OK,4,HOVER_ABOVE_HOLE,-0.000152,-0.796213,1.210223,0.000960,0.802405,0.000174
1780621906.035437,1249,SEARCH,OK,4,HOVER_ABOVE_HOLE,-0.000153,-0.796393,1.210603,0.000961,0.802593,0.000174
1780621906.184668,1250,SEARCH,OK,3,SEARCH,-0.000150,-0.796204,1.210114,0.000961,0.802398,0.000173
1780621906.254503,1251,SEARCH,OK,4,HOVER_ABOVE_HOLE,-0.000150,-0.795665,1.209075,0.000959,0.801835,0.000174
1780621906.371803,1252,SEARCH,OK,4,HOVER_ABOVE_HOLE,-0.000147,-0.795742,1.209111,0.000963,0.801913,0.000174
1780621906.469432,1253,SEARCH,OK,3,SEARCH,-0.000150,-0.796511,1.210691,0.000965,0.802713,0.000173
1780621906.604990,1254,SEARCH,OK,3,SEARCH,-0.000150,-0.795011,1.207872,0.000948,0.801165,0.000172
1780621906.748734,1255,SEARCH,OK,3,SEARCH,-0.000149,-0.796480,1.210580,0.000968,0.802679,0.000174
1780621906.814002,1256,SEARCH,OK,3,SEARCH,-0.000150,-0.796859,1.211361,0.000969,0.803072,0.000174
1780621906.938693,1257,SEARCH,OK,2,APPROACH,-0.000159,-0.795907,1.210038,0.000934,0.802116,0.000169
1780621907.031008,1258,SEARCH,OK,3,SEARCH,-0.000149,-0.795892,1.209494,0.000959,0.802075,0.000172
1780621907.157841,1259,SEARCH,OK,4,HOVER_ABOVE_HOLE,-0.000153,-0.796463,1.210723,0.000962,0.802665,0.000175
1780621907.245133,1260,SEARCH,OK,4,HOVER_ABOVE_HOLE,-0.000148,-0.795581,1.208830,0.000960,0.801748,0.000173
1780621907.370008,1261,SEARCH,OK,3,SEARCH,-0.000150,-0.796084,1.209886,0.000960,0.802275,0.000172
1780621907.475365,1262,SEARCH,OK,5,INSERT,-0.000149,-0.795817,1.209302,0.000965,0.801987,0.000176
1780621907.591987,1263,SEARCH,OK,3,SEARCH,-0.000149,-0.796009,1.209716,0.000960,0.802195,0.000173
1780621907.686222,1264,SEARCH,OK,3,SEARCH,-0.000149,-0.795696,1.209145,0.000955,0.801875,0.000172
1780621907.809785,1265,SEARCH,OK,4,HOVER_ABOVE_HOLE,-0.000151,-0.796003,1.209800,0.000958,0.802190,0.000174
1780621907.897936,1266,SEARCH,OK,3,SEARCH,-0.000150,-0.796494,1.210683,0.000964,0.802697,0.000173
1780621908.052409,1267,SEARCH,OK,4,HOVER_ABOVE_HOLE,-0.000148,-0.795500,1.208702,0.000959,0.801664,0.000174
1780621908.119825,1268,SEARCH,OK,3,SEARCH,-0.000148,-0.796023,1.209676,0.000964,0.802206,0.000173
1780621908.245466,1269,SEARCH,OK,4,HOVER_ABOVE_HOLE,-0.000151,-0.794963,1.207841,0.000945,0.801118,0.000172
1780621908.336063,1270,SEARCH,OK,4,HOVER_ABOVE_HOLE,-0.000148,-0.795231,1.208195,0.000956,0.801386,0.000173
1780621908.457287,1271,SEARCH,OK,3,SEARCH,-0.000149,-0.795989,1.209661,0.000961,0.802174,0.000173
1780621908.565160,1272,SEARCH,OK,4,HOVER_ABOVE_HOLE,-0.000150,-0.795729,1.209198,0.000959,0.801902,0.000174
1780621908.669184,1273,SEARCH,OK,3,SEARCH,-0.000148,-0.796153,1.209928,0.000965,0.802340,0.000174
1780621908.774796,1274,SEARCH,OK,3,SEARCH,-0.000149,-0.796211,1.210095,0.000963,0.802404,0.000173
1780621908.894020,1275,SEARCH,OK,4,HOVER_ABOVE_HOLE,-0.000152,-0.796353,1.210497,0.000961,0.802550,0.000175
1780621908.983503,1276,SEARCH,OK,3,SEARCH,-0.000150,-0.796651,1.210949,0.000968,0.802857,0.000174
1780621909.135117,1277,SEARCH,OK,4,HOVER_ABOVE_HOLE,-0.000149,-0.795304,1.208362,0.000954,0.801465,0.000173
1780621909.207191,1278,SEARCH,OK,4,HOVER_ABOVE_HOLE,-0.000147,-0.795513,1.208678,0.000961,0.801676,0.000174
1780621909.331120,1279,SEARCH,OK,3,SEARCH,-0.000149,-0.796443,1.210540,0.000966,0.802643,0.000173
1780621909.419901,1280,SEARCH,OK,4,HOVER_ABOVE_HOLE,-0.000152,-0.796103,1.209996,0.000960,0.802291,0.000175
1780621909.541762,1281,SEARCH,OK,3,SEARCH,-0.000149,-0.795767,1.209283,0.000956,0.801948,0.000172
1780621909.635743,1282,SEARCH,OK,3,SEARCH,-0.000149,-0.795974,1.209637,0.000960,0.802159,0.000173
1780621909.754606,1283,SEARCH,OK,4,HOVER_ABOVE_HOLE,-0.000147,-0.795791,1.209192,0.000964,0.801962,0.000174
1780621909.841634,1284,SEARCH,OK,3,SEARCH,-0.000149,-0.796099,1.209902,0.000960,0.802289,0.000173
1780621909.964246,1285,SEARCH,OK,4,HOVER_ABOVE_HOLE,-0.000148,-0.795504,1.208700,0.000960,0.801666,0.000174
1780621910.055756,1286,SEARCH,OK,3,SEARCH,-0.000149,-0.796147,1.209950,0.000964,0.802335,0.000173
1780621910.178547,1287,SEARCH,OK,3,SEARCH,-0.000149,-0.795459,1.208677,0.000954,0.801627,0.000172
1780621910.309947,1288,SEARCH,OK,3,SEARCH,-0.000148,-0.795890,1.209450,0.000961,0.802071,0.000173
1780621910.429460,1289,SEARCH,OK,3,SEARCH,-0.000149,-0.796067,1.209809,0.000962,0.802254,0.000173
1780621910.524777,1290,SEARCH,OK,4,HOVER_ABOVE_HOLE,-0.000150,-0.795905,1.209531,0.000962,0.802083,0.000175
1780621910.621584,1291,SEARCH,OK,3,SEARCH,-0.000150,-0.796539,1.210777,0.000964,0.802744,0.000173
1780621910.747628,1292,SEARCH,OK,4,HOVER_ABOVE_HOLE,-0.000148,-0.795437,1.208575,0.000957,0.801601,0.000173
1780621910.843882,1293,SEARCH,OK,3,SEARCH,-0.000149,-0.796158,1.209974,0.000964,0.802347,0.000173
1780621910.963173,1294,SEARCH,OK,4,HOVER_ABOVE_HOLE,-0.000148,-0.795370,1.208465,0.000957,0.801530,0.000174
1780621911.059063,1295,SEARCH,OK,3,SEARCH,-0.000147,-0.796015,1.209634,0.000966,0.802195,0.000174
1780621911.200871,1296,SEARCH,OK,3,SEARCH,-0.000149,-0.796368,1.210358,0.000967,0.802562,0.000174
1780621911.275108,1297,SEARCH,OK,4,HOVER_ABOVE_HOLE,-0.000149,-0.795408,1.208553,0.000956,0.801571,0.000173
1780621911.400066,1298,SEARCH,OK,3,SEARCH,-0.000149,-0.795886,1.209478,0.000959,0.802068,0.000172
1780621911.492249,1299,SEARCH,OK,4,HOVER_ABOVE_HOLE,-0.000148,-0.795225,1.208187,0.000954,0.801383,0.000172
1780621911.626605,1300,SEARCH,OK,3,SEARCH,-0.000149,-0.795829,1.209353,0.000959,0.802009,0.000172
1780621911.726394,1301,SEARCH,OK,4,HOVER_ABOVE_HOLE,-0.000151,-0.795258,1.208393,0.000948,0.801423,0.000172
1780621911.845247,1302,SEARCH,OK,3,SEARCH,-0.000149,-0.796305,1.210265,0.000965,0.802499,0.000173
1780621911.936481,1303,SEARCH,OK,3,SEARCH,-0.000148,-0.796097,1.209819,0.000965,0.802282,0.000173
1780621912.052543,1304,SEARCH,OK,4,HOVER_ABOVE_HOLE,-0.000152,-0.796325,1.210418,0.000962,0.802520,0.000175
1780621912.163099,1305,SEARCH,OK,3,SEARCH,-0.000150,-0.796363,1.210446,0.000962,0.802564,0.000173
1780621912.281632,1306,SEARCH,OK,4,HOVER_ABOVE_HOLE,-0.000146,-0.795481,1.208570,0.000962,0.801641,0.000174
1780621912.386890,1307,SEARCH,OK,3,SEARCH,-0.000149,-0.796051,1.209774,0.000962,0.802238,0.000173
1780621912.505236,1308,SEARCH,OK,4,HOVER_ABOVE_HOLE,-0.000149,-0.795675,1.209068,0.000960,0.801844,0.000174
1780621912.595259,1309,SEARCH,OK,3,SEARCH,-0.000148,-0.796286,1.210193,0.000966,0.802478,0.000174
1780621912.722332,1310,SEARCH,OK,4,HOVER_ABOVE_HOLE,-0.000150,-0.795357,1.208503,0.000954,0.801519,0.000173
1780621912.818806,1311,SEARCH,OK,4,HOVER_ABOVE_HOLE,-0.000150,-0.795850,1.209435,0.000961,0.802027,0.000174
1780621912.934737,1312,SEARCH,OK,3,SEARCH,-0.000148,-0.796134,1.209906,0.000965,0.802321,0.000173
1780621913.027123,1313,SEARCH,OK,4,HOVER_ABOVE_HOLE,-0.000149,-0.795192,1.208159,0.000953,0.801350,0.000173
1780621913.147042,1314,SEARCH,OK,3,SEARCH,-0.000148,-0.796322,1.210251,0.000967,0.802514,0.000174
1780621913.241312,1315,SEARCH,OK,4,HOVER_ABOVE_HOLE,-0.000148,-0.795332,1.208393,0.000956,0.801491,0.000173
1780621913.360099,1316,SEARCH,OK,3,SEARCH,-0.000150,-0.796803,1.211260,0.000968,0.803015,0.000174
1780621913.458931,1317,SEARCH,OK,4,HOVER_ABOVE_HOLE,-0.000151,-0.795421,1.208719,0.000950,0.801590,0.000173
1780621913.583374,1318,SEARCH,OK,3,SEARCH,-0.000149,-0.796246,1.210135,0.000965,0.802437,0.000173
1780621913.678972,1319,SEARCH,OK,3,SEARCH,-0.000149,-0.796277,1.210217,0.000964,0.802471,0.000173
1780621913.802519,1320,SEARCH,OK,3,SEARCH,-0.000147,-0.796042,1.209690,0.000966,0.802224,0.000174
1780621913.938186,1321,SEARCH,OK,3,SEARCH,-0.000149,-0.796367,1.210402,0.000964,0.802564,0.000173
1780621914.021971,1322,SEARCH,OK,4,HOVER_ABOVE_HOLE,-0.000150,-0.795677,1.209086,0.000960,0.801846,0.000175
1780621914.169540,1323,SEARCH,OK,3,SEARCH,-0.000149,-0.796129,1.209924,0.000963,0.802318,0.000173
1780621914.242989,1324,SEARCH,OK,3,SEARCH,-0.000150,-0.796528,1.210748,0.000964,0.802732,0.000173
1780621914.368210,1325,SEARCH,OK,4,HOVER_ABOVE_HOLE,-0.000153,-0.796365,1.210537,0.000960,0.802564,0.000174
1780621914.450297,1326,SEARCH,OK,3,SEARCH,-0.000149,-0.796271,1.210188,0.000965,0.802464,0.000173
1780621914.576971,1327,SEARCH,OK,4,HOVER_ABOVE_HOLE,-0.000149,-0.795759,1.209244,0.000960,0.801932,0.000174
1780621914.668618,1328,SEARCH,OK,3,SEARCH,-0.000150,-0.796592,1.210860,0.000966,0.802798,0.000173
1780621914.796545,1329,SEARCH,OK,4,HOVER_ABOVE_HOLE,-0.000150,-0.795901,1.209532,0.000960,0.802083,0.000173
1780621914.879615,1330,SEARCH,OK,3,SEARCH,-0.000149,-0.796212,1.210098,0.000963,0.802404,0.000173
1780621914.998171,1331,SEARCH,OK,4,HOVER_ABOVE_HOLE,-0.000150,-0.795932,1.209566,0.000963,0.802110,0.000175
1780621915.092306,1332,SEARCH,OK,4,HOVER_ABOVE_HOLE,-0.000153,-0.796489,1.210783,0.000962,0.802692,0.000174
1780621915.251849,1333,SEARCH,OK,4,HOVER_ABOVE_HOLE,-0.000153,-0.796164,1.210175,0.000957,0.802358,0.000174
1780621915.324953,1334,SEARCH,OK,4,HOVER_ABOVE_HOLE,-0.000149,-0.795705,1.209139,0.000959,0.801877,0.000174
1780621915.447455,1335,SEARCH,OK,3,SEARCH,-0.000148,-0.796048,1.209732,0.000964,0.802231,0.000173
1780621915.541127,1336,SEARCH,OK,4,HOVER_ABOVE_HOLE,-0.000149,-0.795238,1.208254,0.000953,0.801397,0.000173
1780621915.686749,1337,SEARCH,OK,3,SEARCH,-0.000151,-0.796596,1.210919,0.000963,0.802805,0.000173
1780621915.759534,1338,SEARCH,OK,4,HOVER_ABOVE_HOLE,-0.000149,-0.795390,1.208520,0.000956,0.801553,0.000173
1780621915.881810,1339,SEARCH,OK,3,SEARCH,-0.000149,-0.796255,1.210165,0.000964,0.802447,0.000173
1780621916.000237,1340,SEARCH,OK,3,SEARCH,-0.000150,-0.796587,1.210838,0.000966,0.802792,0.000173
1780621916.111442,1341,SEARCH,OK,4,HOVER_ABOVE_HOLE,-0.000152,-0.796381,1.210530,0.000963,0.802577,0.000175
1780621916.203087,1342,SEARCH,OK,3,SEARCH,-0.000149,-0.796161,1.209979,0.000963,0.802350,0.000173
1780621916.357791,1343,SEARCH,OK,4,HOVER_ABOVE_HOLE,-0.000150,-0.795476,1.208754,0.000954,0.801643,0.000173
1780621916.425563,1344,SEARCH,OK,4,HOVER_ABOVE_HOLE,-0.000150,-0.796025,1.209777,0.000962,0.802208,0.000175
1780621916.555596,1345,SEARCH,OK,3,SEARCH,-0.000149,-0.795904,1.209504,0.000960,0.802086,0.000173
1780621916.665880,1346,SEARCH,OK,3,SEARCH,-0.000149,-0.795158,1.208105,0.000952,0.801313,0.000173
1780621916.780879,1347,SEARCH,OK,3,SEARCH,-0.000150,-0.796619,1.210907,0.000966,0.802825,0.000173
1780621916.868900,1348,SEARCH,OK,3,SEARCH,-0.000150,-0.796591,1.210856,0.000966,0.802797,0.000173
1780621916.997843,1349,SEARCH,OK,4,HOVER_ABOVE_HOLE,-0.000147,-0.795138,1.207975,0.000955,0.801291,0.000173
1780621917.093377,1350,SEARCH,OK,3,SEARCH,-0.000149,-0.796286,1.210203,0.000966,0.802479,0.000173
1780621917.218728,1351,SEARCH,OK,5,INSERT,-0.000151,-0.796191,1.210111,0.000964,0.802379,0.000175
1780621917.308762,1352,SEARCH,OK,4,HOVER_ABOVE_HOLE,-0.000149,-0.795704,1.209134,0.000958,0.801878,0.000173
1780621917.441956,1353,SEARCH,OK,3,SEARCH,-0.000148,-0.796008,1.209635,0.000965,0.802189,0.000174
1780621917.566508,1354,SEARCH,OK,3,SEARCH,-0.000150,-0.796634,1.210915,0.000968,0.802840,0.000174
1780621917.660700,1355,SEARCH,OK,3,SEARCH,-0.000150,-0.796438,1.210549,0.000965,0.802638,0.000173
1780621917.787769,1356,SEARCH,OK,4,HOVER_ABOVE_HOLE,-0.000149,-0.795609,1.208939,0.000959,0.801778,0.000174
1780621917.877549,1357,SEARCH,OK,4,HOVER_ABOVE_HOLE,-0.000149,-0.795711,1.209146,0.000959,0.801883,0.000174
1780621917.995210,1358,SEARCH,OK,4,HOVER_ABOVE_HOLE,-0.000152,-0.796546,1.210822,0.000966,0.802747,0.000175
1780621918.081254,1359,SEARCH,OK,4,HOVER_ABOVE_HOLE,-0.000152,-0.796297,1.210346,0.000964,0.802490,0.000175
1780621918.210161,1360,SEARCH,OK,3,SEARCH,-0.000149,-0.795957,1.209607,0.000960,0.802142,0.000173
1780621918.294571,1361,SEARCH,OK,4,HOVER_ABOVE_HOLE,-0.000151,-0.795287,1.208432,0.000951,0.801448,0.000174
1780621918.441637,1362,SEARCH,OK,4,HOVER_ABOVE_HOLE,-0.000151,-0.796385,1.210522,0.000962,0.802585,0.000174
1780621918.519785,1363,SEARCH,OK,4,HOVER_ABOVE_HOLE,-0.000150,-0.796315,1.210346,0.000962,0.802513,0.000173
1780621918.642221,1364,SEARCH,OK,3,SEARCH,-0.000156,-0.796363,1.210735,0.000950,0.802574,0.000172
1780621918.736835,1365,SEARCH,OK,3,SEARCH,-0.000148,-0.796276,1.210148,0.000968,0.802466,0.000174
1780621918.865095,1366,SEARCH,OK,4,HOVER_ABOVE_HOLE,-0.000149,-0.796132,1.209935,0.000963,0.802320,0.000174
1780621918.949524,1367,SEARCH,OK,5,INSERT,-0.000148,-0.795988,1.209601,0.000968,0.802162,0.000176
1780621919.106484,1368,SEARCH,OK,3,SEARCH,-0.000151,-0.796395,1.210512,0.000961,0.802597,0.000173
1780621919.171564,1369,SEARCH,OK,3,SEARCH,-0.000149,-0.796448,1.210536,0.000966,0.802647,0.000174
1780621919.292508,1370,SEARCH,OK,4,HOVER_ABOVE_HOLE,-0.000149,-0.795744,1.209177,0.000962,0.801914,0.000175
1780621919.385062,1371,SEARCH,OK,3,SEARCH,-0.000150,-0.796336,1.210397,0.000961,0.802536,0.000173
1780621919.514804,1372,SEARCH,OK,4,HOVER_ABOVE_HOLE,-0.000148,-0.795364,1.208421,0.000958,0.801523,0.000174
1780621919.599661,1373,SEARCH,OK,4,HOVER_ABOVE_HOLE,-0.000150,-0.795699,1.209144,0.000958,0.801872,0.000174
1780621919.725366,1374,SEARCH,OK,3,SEARCH,-0.000148,-0.796297,1.210211,0.000967,0.802489,0.000174
1780621919.826168,1375,SEARCH,OK,3,SEARCH,-0.000150,-0.795249,1.208326,0.000951,0.801410,0.000173
1780621919.973963,1376,SEARCH,OK,3,SEARCH,-0.000151,-0.796540,1.210791,0.000963,0.802747,0.000173
1780621920.045846,1377,SEARCH,OK,3,SEARCH,-0.000151,-0.796577,1.210891,0.000962,0.802787,0.000173
1780621920.164090,1378,SEARCH,OK,4,HOVER_ABOVE_HOLE,-0.000148,-0.795599,1.208859,0.000961,0.801766,0.000173
1780621920.263332,1379,SEARCH,OK,3,SEARCH,-0.000149,-0.795606,1.208958,0.000955,0.801781,0.000172
1780621920.385974,1380,SEARCH,OK,4,HOVER_ABOVE_HOLE,-0.000147,-0.795498,1.208648,0.000962,0.801658,0.000175
1780621920.499021,1381,SEARCH,OK,3,SEARCH,-0.000148,-0.796367,1.210347,0.000968,0.802561,0.000174
1780621920.622710,1382,SEARCH,OK,4,HOVER_ABOVE_HOLE,-0.000146,-0.795307,1.208252,0.000960,0.801462,0.000174
1780621920.706339,1383,SEARCH,OK,2,APPROACH,-0.000158,-0.796013,1.210161,0.000941,0.802218,0.000171
1780621920.856815,1384,SEARCH,OK,3,SEARCH,-0.000150,-0.796573,1.210828,0.000965,0.802779,0.000173
1780621920.925611,1385,SEARCH,OK,4,HOVER_ABOVE_HOLE,-0.000150,-0.796008,1.209730,0.000963,0.802189,0.000175
1780621921.065866,1386,SEARCH,OK,3,SEARCH,-0.000148,-0.796276,1.210167,0.000967,0.802467,0.000174
1780621921.183854,1387,SEARCH,OK,3,SEARCH,-0.000149,-0.796397,1.210457,0.000965,0.802595,0.000173
1780621921.276322,1388,SEARCH,OK,3,SEARCH,-0.000153,-0.795522,1.208998,0.000947,0.801698,0.000172
1780621921.396255,1389,SEARCH,OK,3,SEARCH,-0.000151,-0.796418,1.210572,0.000961,0.802622,0.000172
1780621921.488445,1390,SEARCH,OK,3,SEARCH,-0.000151,-0.796537,1.210799,0.000962,0.802744,0.000173
1780621921.618530,1391,SEARCH,OK,3,SEARCH,-0.000150,-0.795027,1.207901,0.000948,0.801181,0.000172
1780621921.703398,1392,SEARCH,OK,3,SEARCH,-0.000149,-0.796282,1.210193,0.000966,0.802474,0.000174
1780621921.830487,1393,SEARCH,OK,4,HOVER_ABOVE_HOLE,-0.000148,-0.795584,1.208861,0.000959,0.801753,0.000173
1780621921.922192,1394,SEARCH,OK,3,SEARCH,-0.000151,-0.795366,1.208578,0.000952,0.801531,0.000173
1780621922.044785,1395,SEARCH,OK,3,SEARCH,-0.000151,-0.796554,1.210817,0.000963,0.802761,0.000173
1780621922.139632,1396,SEARCH,OK,3,SEARCH,-0.000148,-0.796358,1.210306,0.000968,0.802550,0.000174
1780621922.260241,1397,SEARCH,OK,4,HOVER_ABOVE_HOLE,-0.000149,-0.795099,1.207970,0.000953,0.801251,0.000173
1780621922.350109,1398,SEARCH,OK,3,SEARCH,-0.000150,-0.796472,1.210621,0.000965,0.802673,0.000173
1780621922.483556,1399,SEARCH,OK,4,HOVER_ABOVE_HOLE,-0.000149,-0.795656,1.209032,0.000959,0.801826,0.000174
1780621922.574627,1400,SEARCH,OK,3,SEARCH,-0.000152,-0.795870,1.209585,0.000954,0.802055,0.000173
1780621922.699896,1401,SEARCH,OK,3,SEARCH,-0.000149,-0.795944,1.209610,0.000958,0.802130,0.000172
1780621922.788237,1402,SEARCH,OK,4,HOVER_ABOVE_HOLE,-0.000150,-0.795648,1.209056,0.000957,0.801820,0.000174
1780621922.912381,1403,SEARCH,OK,3,SEARCH,-0.000149,-0.796595,1.210826,0.000968,0.802799,0.000174
1780621923.007291,1404,SEARCH,OK,3,SEARCH,-0.000149,-0.795854,1.209435,0.000958,0.802037,0.000172
1780621923.124120,1405,SEARCH,OK,4,HOVER_ABOVE_HOLE,-0.000149,-0.795562,1.208837,0.000959,0.801729,0.000174
1780621923.215072,1406,SEARCH,OK,3,SEARCH,-0.000150,-0.796457,1.210575,0.000965,0.802657,0.000173
1780621923.358979,1407,SEARCH,OK,4,HOVER_ABOVE_HOLE,-0.000150,-0.795556,1.208885,0.000957,0.801723,0.000174
1780621923.439285,1408,SEARCH,OK,4,HOVER_ABOVE_HOLE,-0.000148,-0.795192,1.208104,0.000956,0.801346,0.000173
1780621923.565043,1409,SEARCH,OK,3,SEARCH,-0.000151,-0.796531,1.210798,0.000962,0.802739,0.000172
1780621923.656558,1410,SEARCH,OK,3,SEARCH,-0.000148,-0.795831,1.209333,0.000961,0.802008,0.000173
1780621923.778953,1411,SEARCH,OK,3,SEARCH,-0.000150,-0.794890,1.207650,0.000946,0.801042,0.000171
1780621923.865613,1412,SEARCH,OK,3,SEARCH,-0.000150,-0.796175,1.210081,0.000959,0.802370,0.000172
1780621923.993905,1413,SEARCH,OK,4,HOVER_ABOVE_HOLE,-0.000150,-0.795849,1.209432,0.000960,0.802027,0.000174
1780621924.092926,1414,SEARCH,OK,4,HOVER_ABOVE_HOLE,-0.000149,-0.795416,1.208586,0.000955,0.801582,0.000173
1780621924.242600,1415,SEARCH,OK,3,SEARCH,-0.000150,-0.796578,1.210823,0.000966,0.802783,0.000173
1780621924.343028,1416,SEARCH,OK,4,HOVER_ABOVE_HOLE,-0.000153,-0.796557,1.210888,0.000964,0.802760,0.000175
1780621924.446956,1417,SEARCH,OK,3,SEARCH,-0.000148,-0.796020,1.209698,0.000962,0.802205,0.000173
1780621924.548209,1418,SEARCH,OK,3,SEARCH,-0.000150,-0.796187,1.210070,0.000961,0.802380,0.000173
1780621924.679315,1419,SEARCH,OK,4,HOVER_ABOVE_HOLE,-0.000149,-0.795862,1.209421,0.000963,0.802036,0.000175
1780621924.797142,1420,SEARCH,OK,3,SEARCH,-0.000149,-0.796564,1.210727,0.000969,0.802764,0.000174
1780621924.896156,1421,SEARCH,OK,3,SEARCH,-0.000149,-0.796578,1.210755,0.000969,0.802778,0.000174
1780621925.015387,1422,SEARCH,OK,5,INSERT,-0.000149,-0.795904,1.209495,0.000963,0.802081,0.000175
1780621925.105419,1423,SEARCH,OK,3,SEARCH,-0.000150,-0.796596,1.210864,0.000966,0.802801,0.000173
1780621925.226232,1424,SEARCH,OK,4,HOVER_ABOVE_HOLE,-0.000151,-0.796106,1.209959,0.000961,0.802293,0.000174
1780621925.346943,1425,SEARCH,OK,3,SEARCH,-0.000149,-0.794904,1.207607,0.000950,0.801050,0.000173
1780621925.446527,1426,SEARCH,OK,3,SEARCH,-0.000150,-0.796098,1.209956,0.000957,0.802291,0.000172
1780621925.542489,1427,SEARCH,OK,3,SEARCH,-0.000149,-0.796366,1.210404,0.000964,0.802564,0.000173
1780621925.689378,1428,SEARCH,OK,4,HOVER_ABOVE_HOLE,-0.000151,-0.795480,1.208804,0.000953,0.801647,0.000174
1780621925.759001,1429,SEARCH,OK,3,SEARCH,-0.000149,-0.796366,1.210352,0.000967,0.802560,0.000174
1780621925.893105,1430,SEARCH,OK,4,HOVER_ABOVE_HOLE,-0.000149,-0.795507,1.208768,0.000956,0.801675,0.000173
1780621925.985511,1431,SEARCH,OK,4,HOVER_ABOVE_HOLE,-0.000149,-0.795253,1.208286,0.000953,0.801413,0.000173
1780621926.109714,1432,SEARCH,OK,3,SEARCH,-0.000149,-0.796468,1.210568,0.000967,0.802667,0.000174
1780621926.205380,1433,SEARCH,OK,4,HOVER_ABOVE_HOLE,-0.000150,-0.795464,1.208738,0.000954,0.801632,0.000173
1780621926.355639,1434,SEARCH,OK,3,SEARCH,-0.000149,-0.796429,1.210489,0.000967,0.802626,0.000174
1780621926.433508,1435,SEARCH,OK,3,SEARCH,-0.000149,-0.795980,1.209678,0.000959,0.802167,0.000172
1780621926.559424,1436,SEARCH,OK,3,SEARCH,-0.000147,-0.795824,1.209282,0.000963,0.802000,0.000173
1780621926.657082,1437,SEARCH,OK,3,SEARCH,-0.000150,-0.796485,1.210628,0.000966,0.802687,0.000173
1780621926.766556,1438,SEARCH,OK,5,INSERT,-0.000149,-0.795434,1.208591,0.000958,0.801596,0.000174
1780621926.859311,1439,SEARCH,OK,4,HOVER_ABOVE_HOLE,-0.000150,-0.795358,1.208508,0.000954,0.801520,0.000173
1780621926.984902,1440,SEARCH,OK,3,SEARCH,-0.000149,-0.795925,1.209546,0.000960,0.802109,0.000172
1780621927.086025,1441,SEARCH,OK,4,HOVER_ABOVE_HOLE,-0.000151,-0.795547,1.208912,0.000956,0.801715,0.000174
1780621927.204426,1442,SEARCH,OK,3,SEARCH,-0.000149,-0.796062,1.209818,0.000961,0.802250,0.000173
1780621927.289511,1443,SEARCH,OK,4,HOVER_ABOVE_HOLE,-0.000147,-0.795702,1.209027,0.000963,0.801871,0.000174
1780621927.420968,1444,SEARCH,OK,3,SEARCH,-0.000150,-0.796653,1.210956,0.000967,0.802859,0.000174
1780621927.524681,1445,SEARCH,OK,3,SEARCH,-0.000148,-0.795586,1.208882,0.000957,0.801756,0.000173
1780621927.638812,1446,SEARCH,OK,3,SEARCH,-0.000149,-0.795912,1.209530,0.000959,0.802096,0.000172
1780621927.738559,1447,SEARCH,OK,3,SEARCH,-0.000149,-0.795920,1.209547,0.000959,0.802104,0.000172
1780621927.853193,1448,SEARCH,OK,4,HOVER_ABOVE_HOLE,-0.000150,-0.795306,1.208419,0.000953,0.801468,0.000173
1780621927.943925,1449,SEARCH,OK,3,SEARCH,-0.000149,-0.796234,1.210110,0.000965,0.802426,0.000173
1780621928.071994,1450,SEARCH,OK,4,HOVER_ABOVE_HOLE,-0.000148,-0.795398,1.208485,0.000959,0.801557,0.000174
1780621928.170327,1451,SEARCH,OK,4,HOVER_ABOVE_HOLE,-0.000148,-0.795204,1.208148,0.000955,0.801360,0.000173
1780621928.290158,1452,SEARCH,OK,3,SEARCH,-0.000150,-0.796515,1.210723,0.000964,0.802719,0.000173
1780621928.413182,1453,SEARCH,OK,4,HOVER_ABOVE_HOLE,-0.000149,-0.795692,1.209122,0.000958,0.801865,0.000174
1780621928.500554,1454,SEARCH,OK,3,SEARCH,-0.000148,-0.796009,1.209662,0.000963,0.802192,0.000173
1780621928.639202,1455,SEARCH,OK,4,HOVER_ABOVE_HOLE,-0.000150,-0.795796,1.209341,0.000959,0.801972,0.000174
1780621928.733634,1456,SEARCH,OK,3,SEARCH,-0.000150,-0.796534,1.210739,0.000965,0.802737,0.000173
1780621928.854063,1457,SEARCH,OK,3,SEARCH,-0.000148,-0.796140,1.209908,0.000965,0.802327,0.000174
1780621928.941862,1458,SEARCH,OK,3,SEARCH,-0.000148,-0.796232,1.210095,0.000965,0.802422,0.000174
1780621929.072368,1459,SEARCH,OK,4,HOVER_ABOVE_HOLE,-0.000150,-0.796055,1.209804,0.000965,0.802236,0.000175
1780621929.185632,1460,SEARCH,OK,4,HOVER_ABOVE_HOLE,-0.000150,-0.795557,1.208881,0.000957,0.801726,0.000174
1780621929.312757,1461,SEARCH,OK,3,SEARCH,-0.000150,-0.796292,1.210288,0.000962,0.802489,0.000173
1780621929.378953,1462,SEARCH,OK,4,HOVER_ABOVE_HOLE,-0.000151,-0.795509,1.208820,0.000956,0.801675,0.000174
1780621929.505839,1463,SEARCH,OK,3,SEARCH,-0.000149,-0.795952,1.209609,0.000959,0.802137,0.000172
1780621929.598503,1464,SEARCH,OK,3,SEARCH,-0.000149,-0.796072,1.209821,0.000962,0.802259,0.000173
1780621929.730065,1465,SEARCH,OK,4,HOVER_ABOVE_HOLE,-0.000148,-0.795394,1.208512,0.000957,0.801556,0.000173
1780621929.818218,1466,SEARCH,OK,3,SEARCH,-0.000149,-0.796043,1.209772,0.000961,0.802230,0.000173
1780621929.944575,1467,SEARCH,OK,4,HOVER_ABOVE_HOLE,-0.000151,-0.795300,1.208476,0.000951,0.801463,0.000173
1780621930.038806,1468,SEARCH,OK,3,SEARCH,-0.000147,-0.796042,1.209675,0.000966,0.802222,0.000174
1780621930.156627,1469,SEARCH,OK,3,SEARCH,-0.000149,-0.796565,1.210760,0.000968,0.802767,0.000174
1780621930.241446,1470,SEARCH,OK,5,INSERT,-0.000149,-0.795744,1.209173,0.000963,0.801913,0.000175
1780621930.363831,1471,SEARCH,OK,3,SEARCH,-0.000149,-0.796513,1.210652,0.000967,0.802714,0.000174
1780621930.472727,1472,SEARCH,OK,3,SEARCH,-0.000149,-0.796282,1.210223,0.000964,0.802476,0.000173
1780621930.585661,1473,SEARCH,OK,5,INSERT,-0.000149,-0.795555,1.208811,0.000961,0.801718,0.000175
1780621930.686743,1474,SEARCH,OK,3,SEARCH,-0.000148,-0.796218,1.210062,0.000966,0.802408,0.000174
1780621930.816304,1475,SEARCH,OK,3,SEARCH,-0.000148,-0.795988,1.209630,0.000962,0.802171,0.000173
1780621930.906816,1476,SEARCH,OK,4,HOVER_ABOVE_HOLE,-0.000152,-0.796220,1.210207,0.000962,0.802411,0.000175
1780621931.025740,1477,SEARCH,OK,3,SEARCH,-0.000151,-0.796596,1.210889,0.000964,0.802803,0.000173
1780621931.121603,1478,SEARCH,OK,3,SEARCH,-0.000149,-0.795942,1.209558,0.000961,0.802125,0.000173
1780621931.247970,1479,SEARCH,OK,3,SEARCH,-0.000148,-0.796065,1.209774,0.000964,0.802250,0.000173
1780621931.349490,1480,SEARCH,OK,4,HOVER_ABOVE_HOLE,-0.000150,-0.796379,1.210439,0.000964,0.802577,0.000173
1780621931.476722,1481,SEARCH,OK,2,APPROACH,-0.000153,-0.795899,1.209561,0.000964,0.802068,0.000178
1780621931.572310,1482,SEARCH,OK,3,SEARCH,-0.000150,-0.796827,1.211280,0.000970,0.803038,0.000174
1780621931.702941,1483,SEARCH,OK,4,HOVER_ABOVE_HOLE,-0.000150,-0.795257,1.208342,0.000951,0.801419,0.000172
1780621931.797252,1484,SEARCH,OK,3,SEARCH,-0.000157,-0.796435,1.210932,0.000947,0.802653,0.000171
1780621931.925947,1485,SEARCH,OK,3,SEARCH,-0.000153,-0.795942,1.209783,0.000951,0.802135,0.000172
1780621932.035183,1486,SEARCH,OK,4,HOVER_ABOVE_HOLE,-0.000150,-0.795618,1.208985,0.000959,0.801786,0.000174
1780621932.136408,1487,SEARCH,OK,3,SEARCH,-0.000149,-0.796223,1.210086,0.000965,0.802413,0.000173
1780621932.263088,1488,SEARCH,OK,4,HOVER_ABOVE_HOLE,-0.000150,-0.795753,1.209241,0.000960,0.801927,0.000174
1780621932.340484,1489,SEARCH,OK,4,HOVER_ABOVE_HOLE,-0.000151,-0.796583,1.210870,0.000967,0.802785,0.000175
1780621932.510858,1490,SEARCH,OK,4,HOVER_ABOVE_HOLE,-0.000148,-0.795359,1.208417,0.000958,0.801518,0.000173
1780621932.574337,1491,SEARCH,OK,4,HOVER_ABOVE_HOLE,-0.000149,-0.795480,1.208686,0.000957,0.801645,0.000173
1780621932.701417,1492,SEARCH,OK,4,HOVER_ABOVE_HOLE,-0.000147,-0.796009,1.209602,0.000968,0.802186,0.000175
1780621932.805971,1493,SEARCH,OK,2,APPROACH,-0.000153,-0.795838,1.209450,0.000963,0.802005,0.000178
1780621932.915498,1494,SEARCH,OK,3,SEARCH,-0.000151,-0.796565,1.210858,0.000962,0.802773,0.000173
1780621933.025406,1495,SEARCH,OK,3,SEARCH,-0.000148,-0.796014,1.209662,0.000964,0.802197,0.000173
1780621933.154011,1496,SEARCH,OK,4,HOVER_ABOVE_HOLE,-0.000149,-0.795596,1.208931,0.000956,0.801768,0.000173
1780621933.262231,1497,SEARCH,OK,3,SEARCH,-0.000149,-0.796610,1.210825,0.000969,0.802813,0.000174
1780621933.400064,1498,SEARCH,OK,4,HOVER_ABOVE_HOLE,-0.000149,-0.795401,1.208552,0.000956,0.801563,0.000174
1780621933.509515,1499,SEARCH,OK,3,SEARCH,-0.000149,-0.796018,1.209722,0.000961,0.802204,0.000173
1780621933.617147,1500,SEARCH,OK,4,HOVER_ABOVE_HOLE,-0.000150,-0.796035,1.209764,0.000964,0.802217,0.000175
1780621933.706161,1501,SEARCH,OK,4,HOVER_ABOVE_HOLE,-0.000149,-0.795812,1.209298,0.000964,0.801983,0.000175
1780621933.837403,1502,SEARCH,OK,3,SEARCH,-0.000149,-0.796227,1.210117,0.000963,0.802419,0.000173
1780621933.938201,1503,SEARCH,OK,4,HOVER_ABOVE_HOLE,-0.000151,-0.796185,1.210108,0.000963,0.802374,0.000174
1780621934.072107,1504,SEARCH,OK,3,SEARCH,-0.000150,-0.796602,1.210852,0.000968,0.802806,0.000174
1780621934.168438,1505,SEARCH,OK,3,SEARCH,-0.000150,-0.796662,1.210973,0.000968,0.802868,0.000174
1780621934.330311,1506,SEARCH,OK,5,INSERT,-0.000149,-0.795729,1.209178,0.000960,0.801902,0.000174
1780621934.403519,1507,SEARCH,OK,3,SEARCH,-0.000149,-0.796031,1.209769,0.000960,0.802219,0.000172
1780621934.535945,1508,SEARCH,OK,4,HOVER_ABOVE_HOLE,-0.000154,-0.796620,1.211074,0.000961,0.802830,0.000174
1780621934.626727,1509,SEARCH,OK,4,HOVER_ABOVE_HOLE,-0.000150,-0.795803,1.209372,0.000958,0.801981,0.000174
1780621934.784536,1510,SEARCH,OK,3,SEARCH,-0.000149,-0.796310,1.210250,0.000966,0.802503,0.000174
1780621934.873999,1511,SEARCH,OK,4,HOVER_ABOVE_HOLE,-0.000147,-0.795225,1.208117,0.000958,0.801378,0.000173
1780621934.991773,1512,SEARCH,OK,3,SEARCH,-0.000151,-0.795740,1.209314,0.000953,0.801921,0.000172
1780621935.086459,1513,SEARCH,OK,4,HOVER_ABOVE_HOLE,-0.000151,-0.795986,1.209777,0.000957,0.802173,0.000173
1780621935.211707,1514,SEARCH,OK,3,SEARCH,-0.000147,-0.795995,1.209593,0.000966,0.802175,0.000174
1780621935.324020,1515,SEARCH,OK,3,SEARCH,-0.000149,-0.796188,1.210045,0.000963,0.802379,0.000173
1780621935.462216,1516,SEARCH,OK,4,HOVER_ABOVE_HOLE,-0.000153,-0.796271,1.210367,0.000959,0.802468,0.000174
1780621935.558825,1517,SEARCH,OK,4,HOVER_ABOVE_HOLE,-0.000149,-0.795801,1.209282,0.000964,0.801970,0.000176
1780621935.684943,1518,SEARCH,OK,3,SEARCH,-0.000149,-0.796264,1.210202,0.000963,0.802458,0.000173
1780621935.814363,1519,SEARCH,OK,5,INSERT,-0.000151,-0.795711,1.209221,0.000957,0.801884,0.000174
1780621935.902309,1520,SEARCH,OK,4,HOVER_ABOVE_HOLE,-0.000150,-0.795785,1.209302,0.000960,0.801961,0.000174
1780621936.033409,1521,SEARCH,OK,3,SEARCH,-0.000148,-0.795987,1.209622,0.000963,0.802170,0.000173
1780621936.136448,1522,SEARCH,OK,4,HOVER_ABOVE_HOLE,-0.000149,-0.795699,1.209095,0.000961,0.801869,0.000174
1780621936.259339,1523,SEARCH,OK,4,HOVER_ABOVE_HOLE,-0.000149,-0.796399,1.210445,0.000966,0.802596,0.000174
1780621936.352240,1524,SEARCH,OK,3,SEARCH,-0.000150,-0.796628,1.210932,0.000966,0.802836,0.000173
1780621936.473896,1525,SEARCH,OK,3,SEARCH,-0.000148,-0.796330,1.210258,0.000968,0.802522,0.000174
1780621936.568347,1526,SEARCH,OK,3,SEARCH,-0.000150,-0.796428,1.210520,0.000965,0.802627,0.000173
1780621936.688532,1527,SEARCH,OK,4,HOVER_ABOVE_HOLE,-0.000153,-0.796539,1.210902,0.000961,0.802745,0.000174
1780621936.784462,1528,SEARCH,OK,3,SEARCH,-0.000148,-0.796291,1.210179,0.000968,0.802481,0.000174
1780621936.901844,1529,SEARCH,OK,3,SEARCH,-0.000148,-0.795804,1.209266,0.000961,0.801980,0.000173
1780621937.005666,1530,SEARCH,OK,5,INSERT,-0.000150,-0.795736,1.209206,0.000960,0.801908,0.000175
1780621937.137753,1531,SEARCH,OK,3,SEARCH,-0.000148,-0.796304,1.210225,0.000966,0.802497,0.000174
1780621937.241140,1532,SEARCH,OK,3,SEARCH,-0.000150,-0.796538,1.210734,0.000966,0.802741,0.000173
1780621937.367828,1533,SEARCH,OK,3,SEARCH,-0.000157,-0.796414,1.210872,0.000948,0.802629,0.000172
1780621937.461816,1534,SEARCH,OK,3,SEARCH,-0.000158,-0.796545,1.211142,0.000948,0.802765,0.000172
1780621937.581825,1535,SEARCH,OK,3,SEARCH,-0.000148,-0.795499,1.208724,0.000956,0.801668,0.000172
1780621937.669279,1536,SEARCH,OK,5,INSERT,-0.000149,-0.795920,1.209527,0.000964,0.802095,0.000175
1780621937.796649,1537,SEARCH,OK,3,SEARCH,-0.000149,-0.796377,1.210390,0.000966,0.802573,0.000173
1780621937.887687,1538,SEARCH,OK,3,SEARCH,-0.000148,-0.795924,1.209511,0.000962,0.802105,0.000173
1780621938.039194,1539,SEARCH,OK,3,SEARCH,-0.000149,-0.796311,1.210250,0.000966,0.802504,0.000174
1780621938.095944,1540,SEARCH,OK,3,SEARCH,-0.000149,-0.795910,1.209517,0.000959,0.802093,0.000172
1780621938.221863,1541,SEARCH,OK,3,SEARCH,-0.000148,-0.795958,1.209561,0.000963,0.802138,0.000173
1780621938.317830,1542,SEARCH,OK,4,HOVER_ABOVE_HOLE,-0.000150,-0.796116,1.209956,0.000961,0.802305,0.000173
1780621938.448855,1543,SEARCH,OK,4,HOVER_ABOVE_HOLE,-0.000150,-0.795918,1.209561,0.000962,0.802096,0.000175
1780621938.548903,1544,SEARCH,OK,3,SEARCH,-0.000150,-0.796163,1.210041,0.000960,0.802356,0.000172
1780621938.677486,1545,SEARCH,OK,3,SEARCH,-0.000147,-0.796181,1.209930,0.000969,0.802366,0.000174
1780621938.759166,1546,SEARCH,OK,4,HOVER_ABOVE_HOLE,-0.000151,-0.796557,1.210840,0.000965,0.802760,0.000175
1780621938.883784,1547,SEARCH,OK,4,HOVER_ABOVE_HOLE,-0.000152,-0.796119,1.210039,0.000959,0.802309,0.000174
1780621938.969200,1548,SEARCH,OK,4,HOVER_ABOVE_HOLE,-0.000152,-0.795316,1.208519,0.000950,0.801480,0.000173
1780621939.099550,1549,SEARCH,OK,3,SEARCH,-0.000151,-0.796895,1.211462,0.000968,0.803112,0.000174
1780621939.178922,1550,SEARCH,OK,4,HOVER_ABOVE_HOLE,-0.000152,-0.796335,1.210454,0.000960,0.802536,0.000173
1780621939.304656,1551,SEARCH,OK,3,SEARCH,-0.000148,-0.796260,1.210121,0.000967,0.802449,0.000174
1780621939.427845,1552,SEARCH,OK,4,HOVER_ABOVE_HOLE,-0.000146,-0.795491,1.208587,0.000962,0.801652,0.000174
1780621939.516168,1553,SEARCH,OK,4,HOVER_ABOVE_HOLE,-0.000150,-0.795672,1.209125,0.000956,0.801847,0.000173
1780621939.645740,1554,SEARCH,OK,4,HOVER_ABOVE_HOLE,-0.000152,-0.796405,1.210601,0.000962,0.802605,0.000174
1780621939.731180,1555,SEARCH,OK,4,HOVER_ABOVE_HOLE,-0.000150,-0.795745,1.209245,0.000958,0.801920,0.000174
1780621939.852386,1556,SEARCH,OK,3,SEARCH,-0.000149,-0.796315,1.210264,0.000966,0.802508,0.000174
1780621939.947475,1557,SEARCH,OK,4,HOVER_ABOVE_HOLE,-0.000149,-0.795800,1.209303,0.000962,0.801973,0.000175
1780621940.069336,1558,SEARCH,OK,3,SEARCH,-0.000151,-0.796128,1.210038,0.000957,0.802324,0.000172
1780621940.165798,1559,SEARCH,OK,3,SEARCH,-0.000149,-0.795964,1.209619,0.000960,0.802148,0.000173
1780621940.285436,1560,SEARCH,OK,3,SEARCH,-0.000157,-0.796270,1.210589,0.000945,0.802484,0.000170
1780621940.400024,1561,SEARCH,OK,3,SEARCH,-0.000151,-0.796609,1.210910,0.000965,0.802816,0.000173
1780621940.504907,1562,SEARCH,OK,4,HOVER_ABOVE_HOLE,-0.000150,-0.795895,1.209529,0.000961,0.802074,0.000174
1780621940.600486,1563,SEARCH,OK,4,HOVER_ABOVE_HOLE,-0.000150,-0.795260,1.208329,0.000953,0.801419,0.000174
1780621940.723081,1564,SEARCH,OK,3,SEARCH,-0.000151,-0.796201,1.210163,0.000958,0.802398,0.000172
1780621940.814990,1565,SEARCH,OK,3,SEARCH,-0.000149,-0.796332,1.210304,0.000966,0.802526,0.000174
1780621940.937373,1566,SEARCH,OK,4,HOVER_ABOVE_HOLE,-0.000150,-0.795225,1.208259,0.000953,0.801383,0.000173
1780621941.028516,1567,SEARCH,OK,3,SEARCH,-0.000149,-0.796081,1.209820,0.000963,0.802268,0.000173
1780621941.154713,1568,SEARCH,OK,4,HOVER_ABOVE_HOLE,-0.000149,-0.795345,1.208468,0.000954,0.801507,0.000173
1780621941.241936,1569,SEARCH,OK,5,INSERT,-0.000149,-0.795624,1.208974,0.000959,0.801792,0.000174
1780621941.376131,1570,SEARCH,OK,3,SEARCH,-0.000150,-0.796336,1.210356,0.000963,0.802534,0.000173
1780621941.460445,1571,SEARCH,OK,3,SEARCH,-0.000149,-0.796304,1.210239,0.000966,0.802497,0.000174
1780621941.590773,1572,SEARCH,OK,4,HOVER_ABOVE_HOLE,-0.000149,-0.795630,1.208977,0.000959,0.801799,0.000174
1780621941.677916,1573,SEARCH,OK,3,SEARCH,-0.000150,-0.796341,1.210363,0.000963,0.802539,0.000173
1780621941.801220,1574,SEARCH,OK,5,INSERT,-0.000149,-0.795964,1.209622,0.000964,0.802142,0.000175
1780621941.888842,1575,SEARCH,OK,4,HOVER_ABOVE_HOLE,-0.000148,-0.795923,1.209502,0.000964,0.802100,0.000175
1780621942.013910,1576,SEARCH,OK,4,HOVER_ABOVE_HOLE,-0.000151,-0.795321,1.208504,0.000950,0.801488,0.000172
1780621942.102886,1577,SEARCH,OK,4,HOVER_ABOVE_HOLE,-0.000148,-0.795387,1.208492,0.000958,0.801547,0.000174
1780621942.230726,1578,SEARCH,OK,3,SEARCH,-0.000150,-0.796090,1.209924,0.000958,0.802283,0.000172
1780621942.325151,1579,SEARCH,OK,4,HOVER_ABOVE_HOLE,-0.000149,-0.795531,1.208804,0.000957,0.801698,0.000174
1780621942.450045,1580,SEARCH,OK,3,SEARCH,-0.000147,-0.796209,1.209998,0.000968,0.802395,0.000174
1780621942.541959,1581,SEARCH,OK,3,SEARCH,-0.000150,-0.795911,1.209594,0.000955,0.802098,0.000172
1780621942.668083,1582,SEARCH,OK,3,SEARCH,-0.000157,-0.796737,1.211463,0.000954,0.802959,0.000173
1780621942.766532,1583,SEARCH,OK,5,INSERT,-0.000149,-0.795550,1.208828,0.000959,0.801715,0.000174
1780621942.891226,1584,SEARCH,OK,3,SEARCH,-0.000149,-0.796350,1.210335,0.000966,0.802545,0.000173
1780621943.017627,1585,SEARCH,OK,3,SEARCH,-0.000158,-0.796778,1.211593,0.000952,0.803004,0.000173
1780621943.107785,1586,SEARCH,OK,4,HOVER_ABOVE_HOLE,-0.000153,-0.796162,1.210179,0.000957,0.802356,0.000174
1780621943.235893,1587,SEARCH,OK,3,SEARCH,-0.000149,-0.795969,1.209630,0.000960,0.802154,0.000173
1780621943.328378,1588,SEARCH,OK,3,SEARCH,-0.000148,-0.796319,1.210231,0.000968,0.802510,0.000174
1780621943.447149,1589,SEARCH,OK,4,HOVER_ABOVE_HOLE,-0.000149,-0.795673,1.209084,0.000959,0.801845,0.000174
1780621943.551921,1590,SEARCH,OK,3,SEARCH,-0.000149,-0.796594,1.210815,0.000968,0.802797,0.000174
1780621943.665764,1591,SEARCH,OK,4,HOVER_ABOVE_HOLE,-0.000149,-0.795343,1.208431,0.000955,0.801503,0.000173
1780621943.760472,1592,SEARCH,OK,4,HOVER_ABOVE_HOLE,-0.000149,-0.795808,1.209305,0.000963,0.801980,0.000175
1780621943.909025,1593,SEARCH,OK,3,SEARCH,-0.000150,-0.795593,1.208965,0.000953,0.801769,0.000171
1780621943.973113,1594,SEARCH,OK,3,SEARCH,-0.000149,-0.795339,1.208446,0.000952,0.801505,0.000172
1780621944.100919,1595,SEARCH,OK,3,SEARCH,-0.000149,-0.796316,1.210270,0.000966,0.802510,0.000174
1780621944.194184,1596,SEARCH,OK,3,SEARCH,-0.000148,-0.796280,1.210160,0.000967,0.802470,0.000174
1780621944.355695,1597,SEARCH,OK,4,HOVER_ABOVE_HOLE,-0.000147,-0.795636,1.208924,0.000961,0.801804,0.000174
1780621944.413576,1598,SEARCH,OK,4,HOVER_ABOVE_HOLE,-0.000148,-0.795815,1.209294,0.000962,0.801990,0.000174
1780621944.537069,1599,SEARCH,OK,4,HOVER_ABOVE_HOLE,-0.000151,-0.795650,1.209091,0.000957,0.801822,0.000174
1780621944.629588,1600,SEARCH,OK,3,SEARCH,-0.000149,-0.794957,1.207741,0.000948,0.801108,0.000172
1780621944.749732,1601,SEARCH,OK,3,SEARCH,-0.000151,-0.796640,1.210975,0.000964,0.802849,0.000173
1780621944.842061,1602,SEARCH,OK,5,INSERT,-0.000148,-0.795503,1.208663,0.000964,0.801659,0.000176
1780621944.966573,1603,SEARCH,OK,4,HOVER_ABOVE_HOLE,-0.000150,-0.795983,1.209682,0.000962,0.802163,0.000175
1780621945.056118,1604,SEARCH,OK,3,SEARCH,-0.000148,-0.796139,1.209915,0.000964,0.802327,0.000173
1780621945.178970,1605,SEARCH,OK,4,HOVER_ABOVE_HOLE,-0.000149,-0.795644,1.209000,0.000959,0.801813,0.000174
1780621945.280943,1606,SEARCH,OK,4,HOVER_ABOVE_HOLE,-0.000152,-0.796520,1.210789,0.000965,0.802719,0.000176
1780621945.409312,1607,SEARCH,OK,4,HOVER_ABOVE_HOLE,-0.000149,-0.795891,1.209498,0.000959,0.802073,0.000173
1780621945.495188,1608,SEARCH,OK,4,HOVER_ABOVE_HOLE,-0.000152,-0.795305,1.208516,0.000948,0.801472,0.000172
1780621945.616955,1609,SEARCH,OK,3,SEARCH,-0.000149,-0.795872,1.209478,0.000957,0.802056,0.000172
1780621945.707225,1610,SEARCH,OK,4,HOVER_ABOVE_HOLE,-0.000152,-0.796228,1.210243,0.000960,0.802421,0.000174
1780621945.840912,1611,SEARCH,OK,3,SEARCH,-0.000151,-0.796835,1.211340,0.000967,0.803049,0.000174
1780621945.921819,1612,SEARCH,OK,3,SEARCH,-0.000148,-0.796244,1.210119,0.000966,0.802434,0.000174
1780621946.046861,1613,SEARCH,OK,3,SEARCH,-0.000148,-0.796446,1.210489,0.000969,0.802641,0.000174
1780621946.135779,1614,SEARCH,OK,3,SEARCH,-0.000151,-0.796572,1.210856,0.000963,0.802780,0.000173
1780621946.258234,1615,SEARCH,OK,4,HOVER_ABOVE_HOLE,-0.000149,-0.795152,1.208083,0.000952,0.801308,0.000173
1780621946.351470,1616,SEARCH,OK,3,SEARCH,-0.000149,-0.795716,1.209156,0.000957,0.801893,0.000172
1780621946.477496,1617,SEARCH,OK,4,HOVER_ABOVE_HOLE,-0.000150,-0.795773,1.209276,0.000960,0.801946,0.000174
1780621946.609171,1618,SEARCH,OK,3,SEARCH,-0.000152,-0.796008,1.209851,0.000954,0.802200,0.000172
1780621946.698027,1619,SEARCH,OK,3,SEARCH,-0.000150,-0.796541,1.210756,0.000965,0.802745,0.000173
1780621946.850080,1620,SEARCH,OK,3,SEARCH,-0.000158,-0.796388,1.210840,0.000948,0.802601,0.000172
1780621946.925529,1621,SEARCH,OK,4,HOVER_ABOVE_HOLE,-0.000148,-0.795502,1.208700,0.000959,0.801666,0.000174
1780621947.049909,1622,SEARCH,OK,3,SEARCH,-0.000151,-0.796583,1.210871,0.000964,0.802790,0.000173
1780621947.135609,1623,SEARCH,OK,4,HOVER_ABOVE_HOLE,-0.000153,-0.796426,1.210650,0.000962,0.802625,0.000175
1780621947.265028,1624,SEARCH,OK,3,SEARCH,-0.000149,-0.795721,1.209174,0.000956,0.801899,0.000172
1780621947.364815,1625,SEARCH,OK,3,SEARCH,-0.000149,-0.796012,1.209714,0.000960,0.802198,0.000173
1780621947.476120,1626,SEARCH,OK,4,HOVER_ABOVE_HOLE,-0.000152,-0.796289,1.210387,0.000960,0.802486,0.000174
1780621947.572764,1627,SEARCH,OK,3,SEARCH,-0.000150,-0.796620,1.210893,0.000967,0.802826,0.000174
1780621947.699146,1628,SEARCH,OK,4,HOVER_ABOVE_HOLE,-0.000149,-0.795411,1.208571,0.000956,0.801574,0.000173
1780621947.788825,1629,SEARCH,OK,3,SEARCH,-0.000149,-0.795924,1.209576,0.000958,0.802109,0.000172
1780621947.913455,1630,SEARCH,OK,4,HOVER_ABOVE_HOLE,-0.000153,-0.796234,1.210301,0.000958,0.802430,0.000174
1780621948.009862,1631,SEARCH,OK,3,SEARCH,-0.000150,-0.796550,1.210774,0.000965,0.802754,0.000173
1780621948.139617,1632,SEARCH,OK,3,SEARCH,-0.000149,-0.794930,1.207689,0.000947,0.801082,0.000171
1780621948.230645,1633,SEARCH,OK,4,HOVER_ABOVE_HOLE,-0.000150,-0.795885,1.209500,0.000961,0.802062,0.000174
1780621948.362266,1634,SEARCH,OK,3,SEARCH,-0.000150,-0.796573,1.210826,0.000965,0.802779,0.000173
1780621948.479994,1635,SEARCH,OK,4,HOVER_ABOVE_HOLE,-0.000148,-0.795408,1.208525,0.000958,0.801570,0.000173
1780621948.578130,1636,SEARCH,OK,3,SEARCH,-0.000149,-0.795791,1.209288,0.000958,0.801970,0.000172
1780621948.671958,1637,SEARCH,OK,3,SEARCH,-0.000151,-0.796845,1.211362,0.000967,0.803060,0.000174
1780621948.796337,1638,SEARCH,OK,4,HOVER_ABOVE_HOLE,-0.000149,-0.795677,1.209085,0.000960,0.801847,0.000174
1780621948.904111,1639,SEARCH,OK,4,HOVER_ABOVE_HOLE,-0.000148,-0.795361,1.208460,0.000956,0.801523,0.000173
1780621949.045725,1640,SEARCH,OK,3,SEARCH,-0.000149,-0.796289,1.210223,0.000965,0.802483,0.000173
1780621949.125209,1641,SEARCH,OK,4,HOVER_ABOVE_HOLE,-0.000152,-0.796194,1.210191,0.000960,0.802386,0.000174
1780621949.246863,1642,SEARCH,OK,3,SEARCH,-0.000148,-0.796071,1.209789,0.000964,0.802256,0.000173
1780621949.343645,1643,SEARCH,OK,3,SEARCH,-0.000149,-0.796007,1.209703,0.000961,0.802193,0.000173
1780621949.492826,1644,SEARCH,OK,4,HOVER_ABOVE_HOLE,-0.000149,-0.795959,1.209607,0.000964,0.802138,0.000175
1780621949.590126,1645,SEARCH,OK,3,SEARCH,-0.000150,-0.796659,1.210992,0.000966,0.802868,0.000173
1780621949.709481,1646,SEARCH,OK,4,HOVER_ABOVE_HOLE,-0.000149,-0.795039,1.207853,0.000952,0.801190,0.000173
1780621949.815722,1647,SEARCH,OK,3,SEARCH,-0.000150,-0.796500,1.210674,0.000965,0.802703,0.000173
1780621949.934158,1648,SEARCH,OK,4,HOVER_ABOVE_HOLE,-0.000149,-0.795859,1.209394,0.000964,0.802033,0.000175
1780621950.030790,1649,SEARCH,OK,3,SEARCH,-0.000148,-0.796094,1.209827,0.000964,0.802280,0.000173
1780621950.158562,1650,SEARCH,OK,4,HOVER_ABOVE_HOLE,-0.000147,-0.795388,1.208443,0.000958,0.801548,0.000173
1780621950.278934,1651,SEARCH,OK,3,SEARCH,-0.000150,-0.796311,1.210306,0.000963,0.802507,0.000173
1780621950.403542,1652,SEARCH,OK,3,SEARCH,-0.000149,-0.796039,1.209763,0.000961,0.802226,0.000173
1780621950.511007,1653,SEARCH,OK,3,SEARCH,-0.000157,-0.796518,1.211064,0.000950,0.802735,0.000172
1780621950.600999,1654,SEARCH,OK,3,SEARCH,-0.000149,-0.796210,1.210092,0.000963,0.802402,0.000173
1780621950.730782,1655,SEARCH,OK,3,SEARCH,-0.000149,-0.796184,1.210019,0.000964,0.802374,0.000173
1780621950.814593,1656,SEARCH,OK,4,HOVER_ABOVE_HOLE,-0.000151,-0.795180,1.208258,0.000948,0.801340,0.000173
1780621950.938845,1657,SEARCH,OK,3,SEARCH,-0.000148,-0.796312,1.210224,0.000968,0.802504,0.000174
1780621951.055375,1658,SEARCH,OK,3,SEARCH,-0.000149,-0.796259,1.210183,0.000964,0.802453,0.000173
1780621951.167344,1659,SEARCH,OK,4,HOVER_ABOVE_HOLE,-0.000148,-0.795257,1.208226,0.000957,0.801412,0.000174
1780621951.265841,1660,SEARCH,OK,3,SEARCH,-0.000149,-0.796311,1.210248,0.000966,0.802504,0.000174
1780621951.381816,1661,SEARCH,OK,4,HOVER_ABOVE_HOLE,-0.000150,-0.795665,1.209113,0.000955,0.801841,0.000173
1780621951.478360,1662,SEARCH,OK,4,HOVER_ABOVE_HOLE,-0.000150,-0.795667,1.209116,0.000955,0.801843,0.000173
1780621951.626837,1663,SEARCH,OK,3,SEARCH,-0.000148,-0.796229,1.210088,0.000965,0.802419,0.000174
1780621951.697138,1664,SEARCH,OK,4,HOVER_ABOVE_HOLE,-0.000149,-0.795933,1.209537,0.000965,0.802108,0.000176
1780621951.822503,1665,SEARCH,OK,3,SEARCH,-0.000150,-0.796514,1.210685,0.000966,0.802716,0.000173
1780621951.925924,1666,SEARCH,OK,3,SEARCH,-0.000148,-0.795685,1.209034,0.000960,0.801857,0.000173
1780621952.076718,1667,SEARCH,OK,3,SEARCH,-0.000149,-0.796175,1.209998,0.000964,0.802365,0.000173
1780621952.155759,1668,SEARCH,OK,3,SEARCH,-0.000149,-0.796176,1.210001,0.000964,0.802365,0.000173
1780621952.286409,1669,SEARCH,OK,3,SEARCH,-0.000150,-0.796382,1.210424,0.000967,0.802575,0.000175
1780621952.382485,1670,SEARCH,OK,3,SEARCH,-0.000150,-0.796558,1.210781,0.000966,0.802762,0.000173
1780621952.507826,1671,SEARCH,OK,3,SEARCH,-0.000149,-0.795886,1.209500,0.000958,0.802070,0.000172
1780621952.660797,1672,SEARCH,OK,3,SEARCH,-0.000149,-0.795824,1.209392,0.000957,0.802006,0.000172
1780621952.784163,1673,SEARCH,OK,4,HOVER_ABOVE_HOLE,-0.000149,-0.795776,1.209263,0.000959,0.801954,0.000173
1780621952.883837,1674,SEARCH,OK,3,SEARCH,-0.000149,-0.796294,1.210220,0.000966,0.802486,0.000174
1780621953.029658,1675,SEARCH,OK,3,SEARCH,-0.000148,-0.795816,1.209305,0.000960,0.801993,0.000173
1780621953.110487,1676,SEARCH,OK,3,SEARCH,-0.000150,-0.796855,1.211311,0.000971,0.803065,0.000174
1780621953.238178,1677,SEARCH,OK,4,HOVER_ABOVE_HOLE,-0.000152,-0.796280,1.210328,0.000962,0.802474,0.000174
1780621953.341480,1678,SEARCH,OK,3,SEARCH,-0.000149,-0.796269,1.210217,0.000963,0.802464,0.000173
1780621953.466332,1679,SEARCH,OK,4,HOVER_ABOVE_HOLE,-0.000153,-0.795883,1.209651,0.000952,0.802071,0.000172
1780621953.555174,1680,SEARCH,OK,3,SEARCH,-0.000150,-0.796524,1.210695,0.000967,0.802726,0.000174
1780621953.707277,1681,SEARCH,OK,4,HOVER_ABOVE_HOLE,-0.000153,-0.796321,1.210450,0.000960,0.802518,0.000174
1780621953.780895,1682,SEARCH,OK,5,INSERT,-0.000148,-0.795679,1.209005,0.000964,0.801845,0.000175
1780621953.902230,1683,SEARCH,OK,3,SEARCH,-0.000151,-0.796371,1.210471,0.000961,0.802572,0.000172
1780621954.026024,1684,SEARCH,OK,4,HOVER_ABOVE_HOLE,-0.000149,-0.795672,1.209053,0.000960,0.801841,0.000174
1780621954.116664,1685,SEARCH,OK,4,HOVER_ABOVE_HOLE,-0.000153,-0.796495,1.210807,0.000961,0.802699,0.000175
1780621954.245401,1686,SEARCH,OK,3,SEARCH,-0.000150,-0.796259,1.210205,0.000962,0.802454,0.000173
1780621954.335972,1687,SEARCH,OK,3,SEARCH,-0.000151,-0.796886,1.211441,0.000968,0.803102,0.000174
1780621954.468940,1688,SEARCH,OK,5,INSERT,-0.000149,-0.795346,1.208443,0.000956,0.801505,0.000174
1780621954.576518,1689,SEARCH,OK,3,SEARCH,-0.000148,-0.796099,1.209809,0.000966,0.802283,0.000174
1780621954.697063,1690,SEARCH,OK,3,SEARCH,-0.000150,-0.796688,1.211026,0.000967,0.802896,0.000174
1780621954.781066,1691,SEARCH,OK,5,INSERT,-0.000150,-0.795932,1.209591,0.000962,0.802112,0.000175
1780621954.935750,1692,SEARCH,OK,3,SEARCH,-0.000148,-0.796255,1.210106,0.000968,0.802444,0.000174
1780621954.995158,1693,SEARCH,OK,3,SEARCH,-0.000150,-0.796064,1.209846,0.000959,0.802254,0.000172
1780621955.119714,1694,SEARCH,OK,4,HOVER_ABOVE_HOLE,-0.000149,-0.795872,1.209413,0.000965,0.802045,0.000175
1780621955.212903,1695,SEARCH,OK,3,SEARCH,-0.000149,-0.796270,1.210194,0.000965,0.802463,0.000173
1780621955.375808,1696,SEARCH,OK,3,SEARCH,-0.000148,-0.796120,1.209839,0.000967,0.802304,0.000174
1780621955.435596,1697,SEARCH,OK,4,HOVER_ABOVE_HOLE,-0.000150,-0.795924,1.209565,0.000962,0.802103,0.000175
1780621955.559185,1698,SEARCH,OK,4,HOVER_ABOVE_HOLE,-0.000150,-0.796307,1.210317,0.000963,0.802504,0.000173
1780621955.659181,1699,SEARCH,OK,4,HOVER_ABOVE_HOLE,-0.000150,-0.796001,1.209697,0.000964,0.802181,0.000175
1780621955.778553,1700,SEARCH,OK,3,SEARCH,-0.000149,-0.796099,1.209871,0.000962,0.802287,0.000173
1780621955.869216,1701,SEARCH,OK,3,SEARCH,-0.000149,-0.796106,1.209888,0.000962,0.802295,0.000173
1780621955.989323,1702,SEARCH,OK,5,INSERT,-0.000149,-0.795853,1.209404,0.000963,0.802027,0.000175
1780621956.103322,1703,SEARCH,OK,3,SEARCH,-0.000149,-0.795986,1.209666,0.000960,0.802171,0.000173
1780621956.218236,1704,SEARCH,OK,3,SEARCH,-0.000149,-0.796106,1.209911,0.000961,0.802296,0.000173
1780621956.309032,1705,SEARCH,OK,4,HOVER_ABOVE_HOLE,-0.000152,-0.796360,1.210506,0.000962,0.802557,0.000175
1780621956.461397,1706,SEARCH,OK,3,SEARCH,-0.000150,-0.796597,1.210871,0.000965,0.802803,0.000173
1780621956.528791,1707,SEARCH,OK,3,SEARCH,-0.000148,-0.795945,1.209510,0.000964,0.802124,0.000173
1780621956.659113,1708,SEARCH,OK,3,SEARCH,-0.000149,-0.796124,1.209933,0.000962,0.802313,0.000173
1780621956.750245,1709,SEARCH,OK,3,SEARCH,-0.000150,-0.796746,1.211153,0.000967,0.802957,0.000174
1780621956.867189,1710,SEARCH,OK,4,HOVER_ABOVE_HOLE,-0.000149,-0.795224,1.208230,0.000952,0.801384,0.000172
1780621956.963553,1711,SEARCH,OK,3,SEARCH,-0.000150,-0.796424,1.210527,0.000964,0.802624,0.000173
1780621957.077003,1712,SEARCH,OK,4,HOVER_ABOVE_HOLE,-0.000153,-0.795385,1.208699,0.000948,0.801554,0.000173
1780621957.185721,1713,SEARCH,OK,5,INSERT,-0.000149,-0.795770,1.209251,0.000961,0.801942,0.000175
1780621957.301412,1714,SEARCH,OK,3,SEARCH,-0.000150,-0.796266,1.210224,0.000962,0.802462,0.000173
1780621957.389492,1715,SEARCH,OK,4,HOVER_ABOVE_HOLE,-0.000152,-0.796224,1.210217,0.000961,0.802417,0.000174
1780621957.509284,1716,SEARCH,OK,4,HOVER_ABOVE_HOLE,-0.000152,-0.795094,1.208116,0.000946,0.801253,0.000173
1780621957.639982,1717,SEARCH,OK,3,SEARCH,-0.000150,-0.796238,1.210178,0.000961,0.802433,0.000173
1780621957.731863,1718,SEARCH,OK,4,HOVER_ABOVE_HOLE,-0.000153,-0.796355,1.210524,0.000960,0.802554,0.000174
1780621957.858192,1719,SEARCH,OK,5,INSERT,-0.000149,-0.795725,1.209168,0.000961,0.801895,0.000175
1780621957.947282,1720,SEARCH,OK,3,SEARCH,-0.000149,-0.796050,1.209807,0.000960,0.802239,0.000172
1780621958.083417,1721,SEARCH,OK,3,SEARCH,-0.000149,-0.795312,1.208392,0.000952,0.801477,0.000172
1780621958.178652,1722,SEARCH,OK,5,INSERT,-0.000149,-0.795572,1.208836,0.000961,0.801735,0.000175
1780621958.309507,1723,SEARCH,OK,3,SEARCH,-0.000150,-0.796713,1.211098,0.000967,0.802924,0.000173
1780621958.407635,1724,SEARCH,OK,3,SEARCH,-0.000149,-0.796012,1.209708,0.000961,0.802198,0.000173
1780621958.529455,1725,SEARCH,OK,4,HOVER_ABOVE_HOLE,-0.000152,-0.795446,1.208757,0.000952,0.801613,0.000174
1780621958.617941,1726,SEARCH,OK,3,SEARCH,-0.000150,-0.796974,1.211563,0.000972,0.803190,0.000174
1780621958.758818,1727,SEARCH,OK,4,HOVER_ABOVE_HOLE,-0.000151,-0.795201,1.208286,0.000948,0.801364,0.000172
1780621958.841079,1728,SEARCH,OK,3,SEARCH,-0.000150,-0.795777,1.209302,0.000956,0.801957,0.000172
1780621958.958454,1729,SEARCH,OK,3,SEARCH,-0.000149,-0.796331,1.210297,0.000966,0.802525,0.000174
1780621959.055727,1730,SEARCH,OK,4,HOVER_ABOVE_HOLE,-0.000149,-0.795310,1.208370,0.000955,0.801469,0.000173
1780621959.203263,1731,SEARCH,OK,3,SEARCH,-0.000149,-0.796087,1.209831,0.000963,0.802274,0.000173
1780621959.298265,1732,SEARCH,OK,4,HOVER_ABOVE_HOLE,-0.000150,-0.795434,1.208670,0.000953,0.801602,0.000173
1780621959.425917,1733,SEARCH,OK,3,SEARCH,-0.000149,-0.795443,1.208620,0.000956,0.801608,0.000173
1780621959.515763,1734,SEARCH,OK,3,SEARCH,-0.000149,-0.796303,1.210234,0.000966,0.802496,0.000174
1780621959.644085,1735,SEARCH,OK,4,HOVER_ABOVE_HOLE,-0.000149,-0.795604,1.208938,0.000959,0.801772,0.000174
1780621959.739619,1736,SEARCH,OK,3,SEARCH,-0.000150,-0.796581,1.210806,0.000967,0.802785,0.000174
1780621959.867505,1737,SEARCH,OK,3,SEARCH,-0.000158,-0.796380,1.210841,0.000945,0.802598,0.000171
1780621959.966058,1738,SEARCH,OK,3,SEARCH,-0.000148,-0.796198,1.209990,0.000967,0.802384,0.000174
1780621960.081363,1739,SEARCH,OK,4,HOVER_ABOVE_HOLE,-0.000150,-0.795804,1.209348,0.000960,0.801979,0.000174
1780621960.168138,1740,SEARCH,OK,4,HOVER_ABOVE_HOLE,-0.000150,-0.795781,1.209317,0.000959,0.801956,0.000174
1780621960.291278,1741,SEARCH,OK,3,SEARCH,-0.000149,-0.795953,1.209599,0.000960,0.802137,0.000173
1780621960.382063,1742,SEARCH,OK,4,HOVER_ABOVE_HOLE,-0.000148,-0.795327,1.208354,0.000958,0.801485,0.000174
1780621960.511252,1743,SEARCH,OK,3,SEARCH,-0.000150,-0.796599,1.210845,0.000967,0.802803,0.000174
1780621960.607111,1744,SEARCH,OK,3,SEARCH,-0.000150,-0.796370,1.210458,0.000961,0.802571,0.000173
1780621960.740224,1745,SEARCH,OK,3,SEARCH,-0.000155,-0.795476,1.208976,0.000942,0.801657,0.000171
1780621960.820318,1746,SEARCH,OK,3,SEARCH,-0.000155,-0.795487,1.208999,0.000942,0.801669,0.000171
1780621960.953380,1747,SEARCH,OK,3,SEARCH,-0.000149,-0.796246,1.210123,0.000966,0.802436,0.000174
1780621961.036100,1748,SEARCH,OK,4,HOVER_ABOVE_HOLE,-0.000149,-0.795229,1.208228,0.000953,0.801388,0.000173
1780621961.191953,1749,SEARCH,OK,3,SEARCH,-0.000149,-0.795916,1.209560,0.000958,0.802101,0.000172
1780621961.295374,1750,SEARCH,OK,5,INSERT,-0.000149,-0.796192,1.210030,0.000968,0.802374,0.000176
1780621961.396808,1751,SEARCH,OK,3,SEARCH,-0.000150,-0.796599,1.210889,0.000965,0.802807,0.000173
1780621961.509754,1752,SEARCH,OK,4,HOVER_ABOVE_HOLE,-0.000148,-0.795425,1.208563,0.000958,0.801587,0.000173
1780621961.603553,1753,SEARCH,OK,4,HOVER_ABOVE_HOLE,-0.000147,-0.795261,1.208198,0.000958,0.801415,0.000173
1780621961.731128,1754,SEARCH,OK,3,SEARCH,-0.000149,-0.796331,1.210289,0.000967,0.802523,0.000174
1780621961.824825,1755,SEARCH,OK,3,SEARCH,-0.000158,-0.796332,1.210756,0.000944,0.802549,0.000171
1780621961.953371,1756,SEARCH,OK,3,SEARCH,-0.000150,-0.796019,1.209774,0.000958,0.802209,0.000172
1780621962.044507,1757,SEARCH,OK,3,SEARCH,-0.000151,-0.796499,1.210718,0.000964,0.802702,0.000174
1780621962.180045,1758,SEARCH,OK,4,HOVER_ABOVE_HOLE,-0.000151,-0.795258,1.208365,0.000950,0.801419,0.000173
1780621962.271028,1759,SEARCH,OK,3,SEARCH,-0.000150,-0.796226,1.210170,0.000961,0.802422,0.000172
1780621962.406239,1760,SEARCH,OK,4,HOVER_ABOVE_HOLE,-0.000149,-0.795379,1.208501,0.000956,0.801539,0.000174
1780621962.505868,1761,SEARCH,OK,4,HOVER_ABOVE_HOLE,-0.000150,-0.795564,1.208881,0.000959,0.801729,0.000175
1780621962.611583,1762,SEARCH,OK,3,SEARCH,-0.000149,-0.796081,1.209829,0.000962,0.802269,0.000173
1780621962.707692,1763,SEARCH,OK,3,SEARCH,-0.000149,-0.795944,1.209595,0.000959,0.802129,0.000172
1780621962.825735,1764,SEARCH,OK,4,HOVER_ABOVE_HOLE,-0.000149,-0.795704,1.209112,0.000961,0.801873,0.000175
1780621962.921238,1765,SEARCH,OK,3,SEARCH,-0.000150,-0.796488,1.210654,0.000965,0.802691,0.000173
1780621963.042245,1766,SEARCH,OK,3,SEARCH,-0.000148,-0.796182,1.210003,0.000965,0.802371,0.000173
1780621963.129265,1767,SEARCH,OK,3,SEARCH,-0.000157,-0.796298,1.210643,0.000947,0.802509,0.000172
1780621963.265673,1768,SEARCH,OK,3,SEARCH,-0.000150,-0.796209,1.210133,0.000961,0.802403,0.000173
1780621963.347795,1769,SEARCH,OK,4,HOVER_ABOVE_HOLE,-0.000153,-0.796385,1.210585,0.000960,0.802586,0.000174
1780621963.481816,1770,SEARCH,OK,3,SEARCH,-0.000149,-0.796088,1.209853,0.000962,0.802276,0.000173
1780621963.563867,1771,SEARCH,OK,3,SEARCH,-0.000149,-0.796042,1.209758,0.000962,0.802229,0.000173
1780621963.692835,1772,SEARCH,OK,4,HOVER_ABOVE_HOLE,-0.000152,-0.796115,1.210072,0.000956,0.802309,0.000173
1780621963.782854,1773,SEARCH,OK,3,SEARCH,-0.000149,-0.795950,1.209589,0.000960,0.802134,0.000173
1780621963.905451,1774,SEARCH,OK,3,SEARCH,-0.000148,-0.796231,1.210088,0.000966,0.802421,0.000174
1780621963.992487,1775,SEARCH,OK,3,SEARCH,-0.000151,-0.796362,1.210471,0.000961,0.802561,0.000173
1780621964.111042,1776,SEARCH,OK,3,SEARCH,-0.000149,-0.796372,1.210389,0.000966,0.802568,0.000173
1780621964.199483,1777,SEARCH,OK,3,SEARCH,-0.000149,-0.796352,1.210346,0.000966,0.802547,0.000173
1780621964.326042,1778,SEARCH,OK,3,SEARCH,-0.000149,-0.796557,1.210746,0.000968,0.802759,0.000174
1780621964.415871,1779,SEARCH,OK,4,HOVER_ABOVE_HOLE,-0.000152,-0.796271,1.210301,0.000963,0.802463,0.000175
1780621964.542289,1780,SEARCH,OK,3,SEARCH,-0.000149,-0.796115,1.209896,0.000963,0.802303,0.000173
1780621964.637130,1781,SEARCH,OK,3,SEARCH,-0.000147,-0.795525,1.208675,0.000961,0.801689,0.000173
1780621964.761294,1782,SEARCH,OK,3,SEARCH,-0.000151,-0.796513,1.210735,0.000963,0.802719,0.000173
1780621964.885696,1783,SEARCH,OK,4,HOVER_ABOVE_HOLE,-0.000152,-0.795856,1.209584,0.000953,0.802042,0.000173
1780621964.977618,1784,SEARCH,OK,4,HOVER_ABOVE_HOLE,-0.000146,-0.795613,1.208818,0.000964,0.801777,0.000174
1780621965.100846,1785,SEARCH,OK,3,SEARCH,-0.000151,-0.796492,1.210701,0.000963,0.802697,0.000173
1780621965.193499,1786,SEARCH,OK,4,HOVER_ABOVE_HOLE,-0.000149,-0.795932,1.209554,0.000964,0.802108,0.000175
1780621965.350836,1787,SEARCH,OK,3,SEARCH,-0.000149,-0.796023,1.209742,0.000960,0.802210,0.000173
1780621965.406588,1788,SEARCH,OK,3,SEARCH,-0.000149,-0.796480,1.210597,0.000967,0.802680,0.000174
1780621965.531358,1789,SEARCH,OK,5,INSERT,-0.000150,-0.795779,1.209295,0.000960,0.801952,0.000174
1780621965.622401,1790,SEARCH,OK,5,INSERT,-0.000150,-0.795767,1.209272,0.000960,0.801941,0.000174
1780621965.748607,1791,SEARCH,OK,4,HOVER_ABOVE_HOLE,-0.000151,-0.795279,1.208432,0.000949,0.801444,0.000172
1780621965.839764,1792,SEARCH,OK,4,HOVER_ABOVE_HOLE,-0.000150,-0.795742,1.209240,0.000959,0.801916,0.000174
1780621965.977309,1793,SEARCH,OK,3,SEARCH,-0.000150,-0.796343,1.210395,0.000962,0.802542,0.000173
1780621966.060432,1794,SEARCH,OK,3,SEARCH,-0.000154,-0.796306,1.210529,0.000952,0.802514,0.000171
1780621966.191167,1795,SEARCH,OK,3,SEARCH,-0.000148,-0.796113,1.209874,0.000964,0.802300,0.000173
1780621966.292066,1796,SEARCH,OK,4,HOVER_ABOVE_HOLE,-0.000149,-0.795832,1.209374,0.000962,0.802007,0.000175
1780621966.426528,1797,SEARCH,OK,3,SEARCH,-0.000150,-0.795894,1.209527,0.000957,0.802079,0.000172
1780621966.519987,1798,SEARCH,OK,4,HOVER_ABOVE_HOLE,-0.000149,-0.795473,1.208690,0.000957,0.801637,0.000174
1780621966.643261,1799,SEARCH,OK,3,SEARCH,-0.000150,-0.796565,1.210776,0.000967,0.802768,0.000174
1780621966.745556,1800,HOVER_ABOVE_HOLE,OK,5,INSERT,-0.000146,-0.795362,1.208341,0.000961,0.801519,0.000174
1780621966.856902,1801,HOVER_ABOVE_HOLE,OK,4,HOVER_ABOVE_HOLE,-0.000149,-0.796085,1.209841,0.000962,0.802272,0.000173
1780621966.949615,1802,HOVER_ABOVE_HOLE,OK,3,SEARCH,-0.000150,-0.796560,1.210790,0.000966,0.802764,0.000173
1780621967.077792,1803,HOVER_ABOVE_HOLE,OK,4,HOVER_ABOVE_HOLE,-0.000149,-0.794988,1.207782,0.000951,0.801137,0.000173
1780621967.165250,1804,HOVER_ABOVE_HOLE,OK,4,HOVER_ABOVE_HOLE,-0.000150,-0.795095,1.208004,0.000951,0.801249,0.000173
1780621967.294984,1805,HOVER_ABOVE_HOLE,OK,4,HOVER_ABOVE_HOLE,-0.000148,-0.796225,1.210058,0.000967,0.802414,0.000174
1780621967.383226,1806,HOVER_ABOVE_HOLE,OK,4,HOVER_ABOVE_HOLE,-0.000150,-0.795058,1.207963,0.000950,0.801211,0.000173
1780621967.512870,1807,HOVER_ABOVE_HOLE,OK,4,HOVER_ABOVE_HOLE,-0.000150,-0.796182,1.210083,0.000961,0.802376,0.000173
1780621967.607452,1808,HOVER_ABOVE_HOLE,OK,4,HOVER_ABOVE_HOLE,-0.000151,-0.796424,1.210585,0.000961,0.802627,0.000172
1780621967.729713,1809,HOVER_ABOVE_HOLE,OK,4,HOVER_ABOVE_HOLE,-0.000157,-0.796565,1.211175,0.000949,0.802786,0.000172
1780621967.825613,1810,HOVER_ABOVE_HOLE,OK,5,INSERT,-0.000149,-0.794974,1.207750,0.000950,0.801125,0.000172
1780621967.949012,1811,HOVER_ABOVE_HOLE,OK,4,HOVER_ABOVE_HOLE,-0.000150,-0.796215,1.210145,0.000961,0.802410,0.000173
1780621968.042846,1812,HOVER_ABOVE_HOLE,OK,5,INSERT,-0.000152,-0.796292,1.210377,0.000961,0.802488,0.000174
1780621968.160377,1813,HOVER_ABOVE_HOLE,OK,5,INSERT,-0.000151,-0.795466,1.208755,0.000955,0.801631,0.000174
1780621968.257988,1814,HOVER_ABOVE_HOLE,OK,4,HOVER_ABOVE_HOLE,-0.000149,-0.796520,1.210670,0.000968,0.802721,0.000174
1780621968.380186,1815,HOVER_ABOVE_HOLE,OK,5,INSERT,-0.000153,-0.796417,1.210665,0.000960,0.802620,0.000174
1780621968.517714,1816,HOVER_ABOVE_HOLE,OK,4,HOVER_ABOVE_HOLE,-0.000149,-0.795712,1.209174,0.000956,0.801890,0.000172
1780621968.613259,1817,HOVER_ABOVE_HOLE,OK,3,SEARCH,-0.000148,-0.796311,1.210235,0.000967,0.802503,0.000174
1780621968.734004,1818,HOVER_ABOVE_HOLE,OK,5,INSERT,-0.000152,-0.796300,1.210364,0.000963,0.802494,0.000175
1780621968.844485,1819,HOVER_ABOVE_HOLE,OK,5,INSERT,-0.000152,-0.796273,1.210328,0.000961,0.802468,0.000174
1780621968.948537,1820,HOVER_ABOVE_HOLE,OK,4,HOVER_ABOVE_HOLE,-0.000148,-0.795901,1.209469,0.000962,0.802081,0.000173
1780621969.048203,1821,HOVER_ABOVE_HOLE,OK,5,INSERT,-0.000148,-0.795202,1.208119,0.000957,0.801356,0.000174
1780621969.206077,1822,HOVER_ABOVE_HOLE,OK,4,HOVER_ABOVE_HOLE,-0.000149,-0.796572,1.210785,0.000967,0.802775,0.000174
1780621969.272380,1823,HOVER_ABOVE_HOLE,OK,5,INSERT,-0.000148,-0.795436,1.208592,0.000957,0.801599,0.000173
1780621969.396142,1824,HOVER_ABOVE_HOLE,OK,4,HOVER_ABOVE_HOLE,-0.000149,-0.796006,1.209687,0.000962,0.802191,0.000173
1780621969.487180,1825,HOVER_ABOVE_HOLE,OK,4,HOVER_ABOVE_HOLE,-0.000150,-0.796637,1.210938,0.000967,0.802844,0.000173
1780621969.610676,1826,HOVER_ABOVE_HOLE,OK,3,SEARCH,-0.000154,-0.795374,1.208741,0.000944,0.801548,0.000171
1780621969.703717,1827,HOVER_ABOVE_HOLE,OK,4,HOVER_ABOVE_HOLE,-0.000149,-0.796118,1.209919,0.000962,0.802307,0.000173
1780621969.827255,1828,HOVER_ABOVE_HOLE,OK,4,HOVER_ABOVE_HOLE,-0.000148,-0.796374,1.210350,0.000968,0.802568,0.000174
1780621969.919277,1829,HOVER_ABOVE_HOLE,OK,4,HOVER_ABOVE_HOLE,-0.000150,-0.795140,1.208135,0.000949,0.801299,0.000173
1780621970.056381,1830,HOVER_ABOVE_HOLE,OK,4,HOVER_ABOVE_HOLE,-0.000149,-0.796109,1.209908,0.000962,0.802299,0.000173
1780621970.139459,1831,HOVER_ABOVE_HOLE,OK,3,SEARCH,-0.000151,-0.796771,1.211267,0.000964,0.802986,0.000173
1780621970.259035,1832,HOVER_ABOVE_HOLE,OK,3,SEARCH,-0.000154,-0.795693,1.209327,0.000949,0.801875,0.000173
1780621970.350608,1833,HOVER_ABOVE_HOLE,OK,5,INSERT,-0.000147,-0.795510,1.208666,0.000962,0.801671,0.000174
1780621970.481830,1834,HOVER_ABOVE_HOLE,OK,4,HOVER_ABOVE_HOLE,-0.000148,-0.796712,1.210990,0.000973,0.802916,0.000175
1780621970.569650,1835,HOVER_ABOVE_HOLE,OK,5,INSERT,-0.000149,-0.795087,1.207953,0.000952,0.801240,0.000173
1780621970.697095,1836,HOVER_ABOVE_HOLE,OK,4,HOVER_ABOVE_HOLE,-0.000149,-0.795844,1.209389,0.000959,0.802025,0.000172
1780621970.786140,1837,HOVER_ABOVE_HOLE,OK,3,SEARCH,-0.000150,-0.796478,1.210623,0.000965,0.802679,0.000173
1780621970.918262,1838,HOVER_ABOVE_HOLE,OK,5,INSERT,-0.000147,-0.795363,1.208392,0.000959,0.801522,0.000173
1780621971.002866,1839,HOVER_ABOVE_HOLE,OK,4,HOVER_ABOVE_HOLE,-0.000148,-0.796179,1.209985,0.000966,0.802367,0.000174
1780621971.125420,1840,HOVER_ABOVE_HOLE,OK,5,INSERT,-0.000150,-0.795830,1.209422,0.000959,0.802008,0.000174
1780621971.234709,1841,HOVER_ABOVE_HOLE,OK,4,HOVER_ABOVE_HOLE,-0.000150,-0.796550,1.210785,0.000965,0.802755,0.000173
1780621971.347007,1842,HOVER_ABOVE_HOLE,OK,5,INSERT,-0.000150,-0.795238,1.208323,0.000951,0.801399,0.000173
1780621971.446931,1843,HOVER_ABOVE_HOLE,OK,4,HOVER_ABOVE_HOLE,-0.000149,-0.796168,1.209995,0.000964,0.802358,0.000173
1780621971.585502,1844,HOVER_ABOVE_HOLE,OK,5,INSERT,-0.000151,-0.795230,1.208323,0.000951,0.801390,0.000173
1780621971.662239,1845,HOVER_ABOVE_HOLE,OK,4,HOVER_ABOVE_HOLE,-0.000148,-0.796172,1.209970,0.000965,0.802360,0.000173
1780621971.786115,1846,HOVER_ABOVE_HOLE,OK,5,INSERT,-0.000150,-0.795887,1.209503,0.000961,0.802065,0.000174
1780621971.885220,1847,HOVER_ABOVE_HOLE,OK,5,INSERT,-0.000150,-0.795860,1.209448,0.000961,0.802037,0.000174
1780621972.009131,1848,HOVER_ABOVE_HOLE,OK,4,HOVER_ABOVE_HOLE,-0.000149,-0.796003,1.209710,0.000960,0.802190,0.000172
1780621972.130534,1849,HOVER_ABOVE_HOLE,OK,5,INSERT,-0.000152,-0.796185,1.210199,0.000959,0.802378,0.000174
1780621972.224819,1850,HOVER_ABOVE_HOLE,OK,4,HOVER_ABOVE_HOLE,-0.000150,-0.796327,1.210372,0.000962,0.802526,0.000173
1780621972.351131,1851,HOVER_ABOVE_HOLE,OK,4,HOVER_ABOVE_HOLE,-0.000148,-0.795985,1.209639,0.000962,0.802169,0.000173
1780621972.450853,1852,HOVER_ABOVE_HOLE,OK,4,HOVER_ABOVE_HOLE,-0.000157,-0.796492,1.211046,0.000947,0.802713,0.000171
1780621972.567110,1853,HOVER_ABOVE_HOLE,OK,4,HOVER_ABOVE_HOLE,-0.000148,-0.795961,1.209557,0.000964,0.802141,0.000174
1780621972.656681,1854,HOVER_ABOVE_HOLE,OK,5,INSERT,-0.000152,-0.796402,1.210582,0.000962,0.802602,0.000174
1780621972.779426,1855,HOVER_ABOVE_HOLE,OK,5,INSERT,-0.000147,-0.795564,1.208791,0.000961,0.801730,0.000173
1780621972.885674,1856,HOVER_ABOVE_HOLE,OK,5,INSERT,-0.000148,-0.795763,1.209200,0.000961,0.801937,0.000173
1780621972.992008,1857,HOVER_ABOVE_HOLE,OK,5,INSERT,-0.000154,-0.796629,1.211097,0.000962,0.802838,0.000175
1780621973.081912,1858,HOVER_ABOVE_HOLE,OK,5,INSERT,-0.000149,-0.796172,1.209991,0.000969,0.802354,0.000176
1780621973.207232,1859,HOVER_ABOVE_HOLE,OK,3,SEARCH,-0.000150,-0.796263,1.210221,0.000962,0.802459,0.000173
1780621973.298169,1860,HOVER_ABOVE_HOLE,OK,4,HOVER_ABOVE_HOLE,-0.000148,-0.795972,1.209615,0.000961,0.802155,0.000173
1780621973.440828,1861,HOVER_ABOVE_HOLE,OK,5,INSERT,-0.000152,-0.796441,1.210625,0.000966,0.802638,0.000175
1780621973.511741,1862,HOVER_ABOVE_HOLE,OK,5,INSERT,-0.000152,-0.796553,1.210857,0.000966,0.802754,0.000175
1780621973.660605,1863,HOVER_ABOVE_HOLE,OK,4,HOVER_ABOVE_HOLE,-0.000148,-0.796044,1.209748,0.000963,0.802229,0.000173
1780621973.733295,1864,HOVER_ABOVE_HOLE,OK,5,INSERT,-0.000148,-0.795390,1.208466,0.000959,0.801548,0.000174
1780621973.877744,1865,HOVER_ABOVE_HOLE,OK,4,HOVER_ABOVE_HOLE,-0.000153,-0.796521,1.210862,0.000960,0.802728,0.000174
1780621973.953751,1866,HOVER_ABOVE_HOLE,OK,2,APPROACH,-0.000154,-0.796190,1.210166,0.000966,0.802369,0.000179
1780621974.072326,1867,HOVER_ABOVE_HOLE,OK,4,HOVER_ABOVE_HOLE,-0.000149,-0.796233,1.210123,0.000964,0.802425,0.000173
1780621974.171408,1868,HOVER_ABOVE_HOLE,OK,4,HOVER_ABOVE_HOLE,-0.000149,-0.796271,1.210201,0.000964,0.802464,0.000173
1780621974.308365,1869,HOVER_ABOVE_HOLE,OK,5,INSERT,-0.000151,-0.795501,1.208806,0.000956,0.801666,0.000175
1780621974.386307,1870,HOVER_ABOVE_HOLE,OK,5,INSERT,-0.000150,-0.795481,1.208766,0.000956,0.801645,0.000175
1780621974.540404,1871,HOVER_ABOVE_HOLE,OK,4,HOVER_ABOVE_HOLE,-0.000148,-0.796345,1.210283,0.000969,0.802537,0.000174
1780621974.608495,1872,HOVER_ABOVE_HOLE,OK,4,HOVER_ABOVE_HOLE,-0.000149,-0.794989,1.207796,0.000950,0.801140,0.000173
1780621974.726011,1873,HOVER_ABOVE_HOLE,OK,4,HOVER_ABOVE_HOLE,-0.000149,-0.796462,1.210584,0.000966,0.802662,0.000173
1780621974.818329,1874,HOVER_ABOVE_HOLE,OK,4,HOVER_ABOVE_HOLE,-0.000149,-0.796610,1.210849,0.000969,0.802814,0.000174
1780621974.955805,1875,HOVER_ABOVE_HOLE,OK,4,HOVER_ABOVE_HOLE,-0.000148,-0.795942,1.209549,0.000962,0.802124,0.000173
1780621975.027008,1876,HOVER_ABOVE_HOLE,OK,4,HOVER_ABOVE_HOLE,-0.000149,-0.796133,1.209929,0.000963,0.802322,0.000173
1780621975.152645,1877,HOVER_ABOVE_HOLE,OK,5,INSERT,-0.000149,-0.795331,1.208427,0.000956,0.801489,0.000174
1780621975.242589,1878,HOVER_ABOVE_HOLE,OK,5,INSERT,-0.000149,-0.795385,1.208537,0.000957,0.801546,0.000174
1780621975.358425,1879,HOVER_ABOVE_HOLE,OK,5,INSERT,-0.000150,-0.795939,1.209623,0.000961,0.802119,0.000174
1780621975.446917,1880,HOVER_ABOVE_HOLE,OK,5,INSERT,-0.000152,-0.796330,1.210439,0.000962,0.802526,0.000175
1780621975.603438,1881,HOVER_ABOVE_HOLE,OK,4,HOVER_ABOVE_HOLE,-0.000148,-0.796655,1.210886,0.000972,0.802857,0.000174
1780621975.705712,1882,HOVER_ABOVE_HOLE,OK,4,HOVER_ABOVE_HOLE,-0.000149,-0.796482,1.210614,0.000967,0.802683,0.000174
1780621975.794674,1883,HOVER_ABOVE_HOLE,OK,4,HOVER_ABOVE_HOLE,-0.000150,-0.796511,1.210706,0.000965,0.802715,0.000173
1780621975.915587,1884,HOVER_ABOVE_HOLE,OK,4,HOVER_ABOVE_HOLE,-0.000147,-0.796069,1.209732,0.000967,0.802251,0.000174
1780621976.026555,1885,HOVER_ABOVE_HOLE,OK,3,SEARCH,-0.000149,-0.795777,1.209286,0.000957,0.801957,0.000172
1780621976.137447,1886,HOVER_ABOVE_HOLE,OK,5,INSERT,-0.000149,-0.796056,1.209787,0.000966,0.802236,0.000176
1780621976.230764,1887,HOVER_ABOVE_HOLE,OK,4,HOVER_ABOVE_HOLE,-0.000148,-0.796441,1.210480,0.000969,0.802637,0.000174
1780621976.356703,1888,HOVER_ABOVE_HOLE,OK,5,INSERT,-0.000146,-0.795645,1.208887,0.000965,0.801810,0.000174
1780621976.448149,1889,HOVER_ABOVE_HOLE,OK,4,HOVER_ABOVE_HOLE,-0.000148,-0.796334,1.210272,0.000968,0.802527,0.000174
1780621976.567554,1890,HOVER_ABOVE_HOLE,OK,5,INSERT,-0.000149,-0.795312,1.208385,0.000955,0.801473,0.000173
1780621976.668326,1891,HOVER_ABOVE_HOLE,OK,4,HOVER_ABOVE_HOLE,-0.000149,-0.796162,1.209978,0.000964,0.802352,0.000173
1780621976.790983,1892,HOVER_ABOVE_HOLE,OK,5,INSERT,-0.000149,-0.795769,1.209223,0.000963,0.801940,0.000175
1780621976.879546,1893,HOVER_ABOVE_HOLE,OK,6,INSERTED,-0.000149,-0.795372,1.208467,0.000959,0.801529,0.000175
1780621977.005391,1894,HOVER_ABOVE_HOLE,OK,5,INSERT,-0.000150,-0.796319,1.210331,0.000964,0.802516,0.000173
1780621977.095400,1895,HOVER_ABOVE_HOLE,OK,6,INSERTED,-0.000149,-0.795759,1.209228,0.000962,0.801931,0.000175
1780621977.227882,1896,HOVER_ABOVE_HOLE,OK,4,HOVER_ABOVE_HOLE,-0.000148,-0.796335,1.210293,0.000967,0.802528,0.000174
1780621977.318532,1897,HOVER_ABOVE_HOLE,OK,4,HOVER_ABOVE_HOLE,-0.000150,-0.796483,1.210674,0.000963,0.802687,0.000173
1780621977.480817,1898,HOVER_ABOVE_HOLE,OK,5,INSERT,-0.000148,-0.795284,1.208301,0.000956,0.801443,0.000173
1780621977.554539,1899,HOVER_ABOVE_HOLE,OK,4,HOVER_ABOVE_HOLE,-0.000148,-0.795875,1.209405,0.000962,0.802054,0.000173
1780621977.677684,1900,HOVER_ABOVE_HOLE,OK,5,INSERT,-0.000150,-0.796172,1.210079,0.000963,0.802361,0.000174
1780621977.771937,1901,HOVER_ABOVE_HOLE,OK,5,INSERT,-0.000150,-0.796197,1.210071,0.000966,0.802383,0.000175
1780621977.897989,1902,HOVER_ABOVE_HOLE,OK,4,HOVER_ABOVE_HOLE,-0.000148,-0.796004,1.209668,0.000962,0.802188,0.000173
1780621978.004487,1903,HOVER_ABOVE_HOLE,OK,5,INSERT,-0.000149,-0.795455,1.208686,0.000956,0.801620,0.000173
1780621978.125282,1904,HOVER_ABOVE_HOLE,OK,5,INSERT,-0.000150,-0.796503,1.210676,0.000966,0.802705,0.000174
1780621978.211810,1905,HOVER_ABOVE_HOLE,OK,5,INSERT,-0.000150,-0.796163,1.210032,0.000965,0.802350,0.000175
1780621978.356310,1906,HOVER_ABOVE_HOLE,OK,4,HOVER_ABOVE_HOLE,-0.000149,-0.796045,1.209778,0.000961,0.802233,0.000173
1780621978.432145,1907,HOVER_ABOVE_HOLE,OK,4,HOVER_ABOVE_HOLE,-0.000148,-0.796393,1.210396,0.000968,0.802588,0.000174
1780621978.555736,1908,HOVER_ABOVE_HOLE,OK,5,INSERT,-0.000151,-0.796346,1.210437,0.000965,0.802539,0.000175
1780621978.648229,1909,HOVER_ABOVE_HOLE,OK,4,HOVER_ABOVE_HOLE,-0.000150,-0.796534,1.210733,0.000966,0.802738,0.000173
1780621978.796095,1910,HOVER_ABOVE_HOLE,OK,4,HOVER_ABOVE_HOLE,-0.000149,-0.795790,1.209299,0.000958,0.801969,0.000172
1780621978.862091,1911,HOVER_ABOVE_HOLE,OK,5,INSERT,-0.000148,-0.795418,1.208565,0.000958,0.801580,0.000174
1780621978.992535,1912,HOVER_ABOVE_HOLE,OK,4,HOVER_ABOVE_HOLE,-0.000151,-0.796128,1.210034,0.000957,0.802324,0.000172
1780621979.088895,1913,HOVER_ABOVE_HOLE,OK,4,HOVER_ABOVE_HOLE,-0.000148,-0.796313,1.210245,0.000967,0.802506,0.000174
1780621979.206093,1914,HOVER_ABOVE_HOLE,OK,4,HOVER_ABOVE_HOLE,-0.000148,-0.796116,1.209860,0.000965,0.802302,0.000174
1780621979.378104,1915,HOVER_ABOVE_HOLE,OK,5,INSERT,-0.000150,-0.796124,1.209969,0.000963,0.802311,0.000175
1780621979.435754,1916,HOVER_ABOVE_HOLE,OK,5,INSERT,-0.000148,-0.795562,1.208803,0.000960,0.801729,0.000173
1780621979.562920,1917,HOVER_ABOVE_HOLE,OK,4,HOVER_ABOVE_HOLE,-0.000148,-0.795985,1.209646,0.000962,0.802169,0.000173
1780621979.649822,1918,HOVER_ABOVE_HOLE,OK,5,INSERT,-0.000153,-0.796476,1.210758,0.000962,0.802679,0.000174
1780621979.775844,1919,HOVER_ABOVE_HOLE,OK,4,HOVER_ABOVE_HOLE,-0.000150,-0.796522,1.210741,0.000964,0.802727,0.000173
1780621979.875749,1920,HOVER_ABOVE_HOLE,OK,4,HOVER_ABOVE_HOLE,-0.000148,-0.795982,1.209631,0.000962,0.802165,0.000173
1780621979.999008,1921,HOVER_ABOVE_HOLE,OK,4,HOVER_ABOVE_HOLE,-0.000148,-0.796302,1.210190,0.000969,0.802492,0.000174
1780621980.109804,1922,HOVER_ABOVE_HOLE,OK,4,HOVER_ABOVE_HOLE,-0.000150,-0.796604,1.210887,0.000966,0.802811,0.000173
1780621980.243985,1923,HOVER_ABOVE_HOLE,OK,4,HOVER_ABOVE_HOLE,-0.000150,-0.794844,1.207561,0.000945,0.800994,0.000172
1780621980.336440,1924,HOVER_ABOVE_HOLE,OK,4,HOVER_ABOVE_HOLE,-0.000149,-0.796174,1.210010,0.000963,0.802365,0.000173
1780621980.488291,1925,HOVER_ABOVE_HOLE,OK,5,INSERT,-0.000152,-0.796342,1.210464,0.000962,0.802538,0.000175
1780621980.568804,1926,HOVER_ABOVE_HOLE,OK,5,INSERT,-0.000149,-0.795786,1.209297,0.000961,0.801960,0.000174
1780621980.707829,1927,HOVER_ABOVE_HOLE,OK,4,HOVER_ABOVE_HOLE,-0.000149,-0.796429,1.210481,0.000967,0.802626,0.000174
1780621980.809411,1928,HOVER_ABOVE_HOLE,OK,4,HOVER_ABOVE_HOLE,-0.000148,-0.796026,1.209723,0.000962,0.802212,0.000173
1780621980.939812,1929,HOVER_ABOVE_HOLE,OK,5,INSERT,-0.000152,-0.796378,1.210562,0.000961,0.802578,0.000174
1780621981.030057,1930,HOVER_ABOVE_HOLE,OK,4,HOVER_ABOVE_HOLE,-0.000150,-0.796525,1.210714,0.000966,0.802728,0.000173
1780621981.186549,1931,HOVER_ABOVE_HOLE,OK,5,INSERT,-0.000148,-0.795336,1.208393,0.000957,0.801496,0.000173
1780621981.238997,1932,HOVER_ABOVE_HOLE,OK,4,HOVER_ABOVE_HOLE,-0.000148,-0.796330,1.210253,0.000969,0.802522,0.000174
1780621981.380452,1933,HOVER_ABOVE_HOLE,OK,5,INSERT,-0.000153,-0.796417,1.210644,0.000961,0.802618,0.000174
1780621981.466971,1934,HOVER_ABOVE_HOLE,OK,5,INSERT,-0.000149,-0.795631,1.208983,0.000959,0.801800,0.000174
1780621981.590723,1935,HOVER_ABOVE_HOLE,OK,4,HOVER_ABOVE_HOLE,-0.000148,-0.796001,1.209658,0.000963,0.802185,0.000173
1780621981.687318,1936,HOVER_ABOVE_HOLE,OK,5,INSERT,-0.000148,-0.795597,1.208895,0.000961,0.801763,0.000175
1780621981.805302,1937,HOVER_ABOVE_HOLE,OK,3,SEARCH,-0.000150,-0.796579,1.210852,0.000965,0.802786,0.000173
1780621981.893205,1938,HOVER_ABOVE_HOLE,OK,4,HOVER_ABOVE_HOLE,-0.000148,-0.796170,1.209965,0.000966,0.802358,0.000174
1780621982.019648,1939,HOVER_ABOVE_HOLE,OK,5,INSERT,-0.000150,-0.795304,1.208435,0.000951,0.801468,0.000172
1780621982.111437,1940,HOVER_ABOVE_HOLE,OK,4,HOVER_ABOVE_HOLE,-0.000149,-0.796201,1.210070,0.000963,0.802393,0.000173
1780621982.236894,1941,HOVER_ABOVE_HOLE,OK,5,INSERT,-0.000152,-0.795320,1.208563,0.000948,0.801487,0.000173
1780621982.336067,1942,HOVER_ABOVE_HOLE,OK,5,INSERT,-0.000150,-0.796085,1.209903,0.000963,0.802270,0.000175
1780621982.466025,1943,HOVER_ABOVE_HOLE,OK,4,HOVER_ABOVE_HOLE,-0.000149,-0.796132,1.209935,0.000963,0.802322,0.000173
1780621982.544538,1944,HOVER_ABOVE_HOLE,OK,5,INSERT,-0.000151,-0.795369,1.208597,0.000952,0.801534,0.000173
1780621982.662726,1945,HOVER_ABOVE_HOLE,OK,4,HOVER_ABOVE_HOLE,-0.000149,-0.796844,1.211297,0.000971,0.803055,0.000174
1780621982.758794,1946,HOVER_ABOVE_HOLE,OK,4,HOVER_ABOVE_HOLE,-0.000150,-0.796146,1.210004,0.000962,0.802336,0.000173
1780621982.879811,1947,HOVER_ABOVE_HOLE,OK,4,HOVER_ABOVE_HOLE,-0.000149,-0.795796,1.209296,0.000959,0.801975,0.000172
1780621983.010087,1948,HOVER_ABOVE_HOLE,OK,5,INSERT,-0.000150,-0.795454,1.208683,0.000957,0.801617,0.000174
1780621983.091265,1949,HOVER_ABOVE_HOLE,OK,5,INSERT,-0.000149,-0.795342,1.208445,0.000955,0.801504,0.000173
1780621983.222230,1950,HOVER_ABOVE_HOLE,OK,4,HOVER_ABOVE_HOLE,-0.000149,-0.795798,1.209324,0.000957,0.801979,0.000172
1780621983.310344,1951,HOVER_ABOVE_HOLE,OK,5,INSERT,-0.000149,-0.795767,1.209223,0.000962,0.801940,0.000174
1780621983.439872,1952,HOVER_ABOVE_HOLE,OK,4,HOVER_ABOVE_HOLE,-0.000149,-0.795540,1.208859,0.000953,0.801714,0.000171
1780621983.555550,1953,HOVER_ABOVE_HOLE,OK,3,SEARCH,-0.000149,-0.796352,1.210328,0.000967,0.802547,0.000174
1780621983.660712,1954,HOVER_ABOVE_HOLE,OK,3,SEARCH,-0.000159,-0.796288,1.210711,0.000944,0.802501,0.000172
1780621983.741742,1955,HOVER_ABOVE_HOLE,OK,5,INSERT,-0.000148,-0.795387,1.208478,0.000958,0.801547,0.000174
1780621983.873855,1956,HOVER_ABOVE_HOLE,OK,3,SEARCH,-0.000151,-0.796380,1.210522,0.000959,0.802584,0.000172
1780621983.963106,1957,HOVER_ABOVE_HOLE,OK,5,INSERT,-0.000147,-0.795754,1.209139,0.000963,0.801926,0.000173
1780621984.095257,1958,HOVER_ABOVE_HOLE,OK,4,HOVER_ABOVE_HOLE,-0.000148,-0.795885,1.209435,0.000962,0.802064,0.000173
1780621984.176284,1959,HOVER_ABOVE_HOLE,OK,4,HOVER_ABOVE_HOLE,-0.000149,-0.796623,1.210872,0.000968,0.802827,0.000174
1780621984.301377,1960,HOVER_ABOVE_HOLE,OK,5,INSERT,-0.000150,-0.795864,1.209464,0.000961,0.802041,0.000175
1780621984.392132,1961,HOVER_ABOVE_HOLE,OK,5,INSERT,-0.000149,-0.795808,1.209335,0.000962,0.801982,0.000175
1780621984.518386,1962,HOVER_ABOVE_HOLE,OK,4,HOVER_ABOVE_HOLE,-0.000148,-0.796087,1.209825,0.000964,0.802274,0.000173
1780621984.619514,1963,HOVER_ABOVE_HOLE,OK,5,INSERT,-0.000151,-0.795534,1.208877,0.000956,0.801702,0.000174
1780621984.741607,1964,HOVER_ABOVE_HOLE,OK,4,HOVER_ABOVE_HOLE,-0.000150,-0.796840,1.211326,0.000969,0.803053,0.000174
1780621984.825103,1965,HOVER_ABOVE_HOLE,OK,5,INSERT,-0.000148,-0.795369,1.208436,0.000958,0.801529,0.000173
1780621984.993207,1966,HOVER_ABOVE_HOLE,OK,4,HOVER_ABOVE_HOLE,-0.000150,-0.795868,1.209483,0.000957,0.802052,0.000172
1780621985.075612,1967,HOVER_ABOVE_HOLE,OK,4,HOVER_ABOVE_HOLE,-0.000148,-0.796343,1.210311,0.000967,0.802537,0.000174
1780621985.196979,1968,HOVER_ABOVE_HOLE,OK,5,INSERT,-0.000146,-0.795662,1.208926,0.000964,0.801829,0.000174
1780621985.296142,1969,HOVER_ABOVE_HOLE,OK,4,HOVER_ABOVE_HOLE,-0.000149,-0.796195,1.210065,0.000963,0.802387,0.000173
1780621985.412369,1970,HOVER_ABOVE_HOLE,OK,5,INSERT,-0.000149,-0.795630,1.208993,0.000960,0.801799,0.000174
1780621985.515558,1971,HOVER_ABOVE_HOLE,OK,4,HOVER_ABOVE_HOLE,-0.000153,-0.796233,1.210347,0.000956,0.802432,0.000173
1780621985.650347,1972,HOVER_ABOVE_HOLE,OK,3,SEARCH,-0.000150,-0.796346,1.210415,0.000961,0.802547,0.000172
1780621985.736394,1973,HOVER_ABOVE_HOLE,OK,5,INSERT,-0.000149,-0.795300,1.208358,0.000955,0.801460,0.000173
1780621985.859305,1974,HOVER_ABOVE_HOLE,OK,4,HOVER_ABOVE_HOLE,-0.000148,-0.796304,1.210219,0.000967,0.802495,0.000174
1780621985.952175,1975,HOVER_ABOVE_HOLE,OK,4,HOVER_ABOVE_HOLE,-0.000149,-0.796429,1.210492,0.000967,0.802627,0.000174
1780621986.070375,1976,HOVER_ABOVE_HOLE,OK,5,INSERT,-0.000149,-0.795975,1.209618,0.000965,0.802152,0.000175
1780621986.160990,1977,HOVER_ABOVE_HOLE,OK,4,HOVER_ABOVE_HOLE,-0.000150,-0.796860,1.211341,0.000971,0.803072,0.000174
1780621986.285621,1978,HOVER_ABOVE_HOLE,OK,4,HOVER_ABOVE_HOLE,-0.000153,-0.795486,1.208935,0.000945,0.801664,0.000171
1780621986.373381,1979,HOVER_ABOVE_HOLE,OK,4,HOVER_ABOVE_HOLE,-0.000148,-0.795825,1.209348,0.000959,0.802005,0.000173
1780621986.494534,1980,HOVER_ABOVE_HOLE,OK,5,INSERT,-0.000152,-0.796329,1.210464,0.000960,0.802527,0.000174
1780621986.625040,1981,HOVER_ABOVE_HOLE,OK,4,HOVER_ABOVE_HOLE,-0.000148,-0.795999,1.209670,0.000962,0.802183,0.000173
1780621986.736556,1982,HOVER_ABOVE_HOLE,OK,4,HOVER_ABOVE_HOLE,-0.000149,-0.796217,1.210092,0.000964,0.802409,0.000173
1780621986.844131,1983,HOVER_ABOVE_HOLE,OK,5,INSERT,-0.000151,-0.795370,1.208575,0.000953,0.801534,0.000174
1780621986.943082,1984,HOVER_ABOVE_HOLE,OK,4,HOVER_ABOVE_HOLE,-0.000148,-0.795780,1.209256,0.000959,0.801958,0.000173
1780621987.088213,1985,HOVER_ABOVE_HOLE,OK,4,HOVER_ABOVE_HOLE,-0.000148,-0.796052,1.209737,0.000964,0.802236,0.000173
1780621987.196240,1986,HOVER_ABOVE_HOLE,OK,5,INSERT,-0.000149,-0.795772,1.209231,0.000963,0.801942,0.000175
1780621987.322705,1987,HOVER_ABOVE_HOLE,OK,4,HOVER_ABOVE_HOLE,-0.000150,-0.796733,1.211116,0.000968,0.802943,0.000174
1780621987.406450,1988,HOVER_ABOVE_HOLE,OK,4,HOVER_ABOVE_HOLE,-0.000148,-0.796120,1.209890,0.000964,0.802307,0.000173
1780621987.535833,1989,HOVER_ABOVE_HOLE,OK,4,HOVER_ABOVE_HOLE,-0.000148,-0.796275,1.210136,0.000968,0.802464,0.000174
1780621987.627112,1990,HOVER_ABOVE_HOLE,OK,4,HOVER_ABOVE_HOLE,-0.000150,-0.796614,1.210901,0.000966,0.802820,0.000173
1780621987.776332,1991,HOVER_ABOVE_HOLE,OK,5,INSERT,-0.000149,-0.795724,1.209174,0.000960,0.801897,0.000174
1780621987.849750,1992,HOVER_ABOVE_HOLE,OK,4,HOVER_ABOVE_HOLE,-0.000149,-0.795956,1.209626,0.000959,0.802142,0.000172
1780621987.972853,1993,HOVER_ABOVE_HOLE,OK,4,HOVER_ABOVE_HOLE,-0.000148,-0.796241,1.210078,0.000968,0.802429,0.000174
1780621988.055612,1994,HOVER_ABOVE_HOLE,OK,5,INSERT,-0.000148,-0.795661,1.208973,0.000966,0.801823,0.000176
1780621988.185558,1995,HOVER_ABOVE_HOLE,OK,4,HOVER_ABOVE_HOLE,-0.000148,-0.796256,1.210150,0.000966,0.802448,0.000174
1780621988.288728,1996,HOVER_ABOVE_HOLE,OK,4,HOVER_ABOVE_HOLE,-0.000152,-0.795897,1.209653,0.000954,0.802084,0.000173
1780621988.412860,1997,HOVER_ABOVE_HOLE,OK,4,HOVER_ABOVE_HOLE,-0.000149,-0.795931,1.209598,0.000958,0.802117,0.000172
1780621988.510050,1998,HOVER_ABOVE_HOLE,OK,3,SEARCH,-0.000149,-0.795834,1.209399,0.000957,0.802016,0.000172
1780621988.657096,1999,HOVER_ABOVE_HOLE,OK,4,HOVER_ABOVE_HOLE,-0.000153,-0.795890,1.209701,0.000950,0.802081,0.000172
1780621988.726541,2000,HOVER_ABOVE_HOLE,OK,4,HOVER_ABOVE_HOLE,-0.000148,-0.796462,1.210520,0.000969,0.802658,0.000174
1780621988.852186,2001,HOVER_ABOVE_HOLE,OK,5,INSERT,-0.000149,-0.795872,1.209463,0.000961,0.802050,0.000174
1780621988.941522,2002,HOVER_ABOVE_HOLE,OK,5,INSERT,-0.000147,-0.795566,1.208765,0.000962,0.801730,0.000174
1780621989.065969,2003,HOVER_ABOVE_HOLE,OK,4,HOVER_ABOVE_HOLE,-0.000150,-0.796640,1.210941,0.000967,0.802847,0.000174
1780621989.153511,2004,HOVER_ABOVE_HOLE,OK,5,INSERT,-0.000152,-0.796360,1.210487,0.000963,0.802555,0.000175
1780621989.277880,2005,HOVER_ABOVE_HOLE,OK,3,SEARCH,-0.000150,-0.796421,1.210518,0.000964,0.802621,0.000173
1780621989.372477,2006,HOVER_ABOVE_HOLE,OK,3,SEARCH,-0.000150,-0.796501,1.210680,0.000965,0.802704,0.000173
1780621989.501488,2007,HOVER_ABOVE_HOLE,OK,5,INSERT,-0.000150,-0.795667,1.209081,0.000960,0.801836,0.000175
1780621989.593483,2008,HOVER_ABOVE_HOLE,OK,5,INSERT,-0.000150,-0.795435,1.208650,0.000957,0.801597,0.000175
1780621989.714332,2009,HOVER_ABOVE_HOLE,OK,3,SEARCH,-0.000149,-0.796271,1.210210,0.000964,0.802465,0.000173
1780621989.809588,2010,HOVER_ABOVE_HOLE,OK,3,SEARCH,-0.000152,-0.796266,1.210353,0.000956,0.802470,0.000171
1780621989.928293,2011,HOVER_ABOVE_HOLE,OK,5,INSERT,-0.000153,-0.796500,1.210798,0.000963,0.802703,0.000175
1780621990.026751,2012,HOVER_ABOVE_HOLE,OK,4,HOVER_ABOVE_HOLE,-0.000150,-0.796254,1.210249,0.000960,0.802452,0.000172
1780621990.165737,2013,HOVER_ABOVE_HOLE,OK,5,INSERT,-0.000148,-0.795536,1.208777,0.000959,0.801702,0.000174
1780621990.290282,2014,HOVER_ABOVE_HOLE,OK,4,HOVER_ABOVE_HOLE,-0.000149,-0.796116,1.209941,0.000961,0.802306,0.000173
1780621990.381412,2015,HOVER_ABOVE_HOLE,OK,4,HOVER_ABOVE_HOLE,-0.000149,-0.796231,1.210153,0.000963,0.802424,0.000173
1780621990.540227,2016,HOVER_ABOVE_HOLE,OK,5,INSERT,-0.000149,-0.795608,1.208928,0.000960,0.801774,0.000174
1780621990.609732,2017,HOVER_ABOVE_HOLE,OK,5,INSERT,-0.000149,-0.795706,1.209129,0.000961,0.801877,0.000174
1780621990.729142,2018,HOVER_ABOVE_HOLE,OK,4,HOVER_ABOVE_HOLE,-0.000150,-0.796504,1.210696,0.000965,0.802707,0.000173
1780621990.833228,2019,HOVER_ABOVE_HOLE,OK,5,INSERT,-0.000149,-0.795885,1.209459,0.000965,0.802058,0.000176
1780621990.945812,2020,HOVER_ABOVE_HOLE,OK,5,INSERT,-0.000148,-0.795300,1.208301,0.000958,0.801457,0.000174
1780621991.037789,2021,HOVER_ABOVE_HOLE,OK,4,HOVER_ABOVE_HOLE,-0.000148,-0.795733,1.209160,0.000959,0.801909,0.000172
1780621991.162432,2022,HOVER_ABOVE_HOLE,OK,4,HOVER_ABOVE_HOLE,-0.000149,-0.796596,1.210802,0.000970,0.802798,0.000174
1780621991.260196,2023,HOVER_ABOVE_HOLE,OK,5,INSERT,-0.000149,-0.795835,1.209356,0.000963,0.802008,0.000175
1780621991.383783,2024,HOVER_ABOVE_HOLE,OK,3,SEARCH,-0.000149,-0.795810,1.209328,0.000958,0.801990,0.000172
1780621991.473289,2025,HOVER_ABOVE_HOLE,OK,4,HOVER_ABOVE_HOLE,-0.000149,-0.796543,1.210725,0.000967,0.802745,0.000174
1780621991.601760,2026,HOVER_ABOVE_HOLE,OK,5,INSERT,-0.000151,-0.796216,1.210216,0.000960,0.802411,0.000173
1780621991.700799,2027,HOVER_ABOVE_HOLE,OK,5,INSERT,-0.000152,-0.795248,1.208425,0.000948,0.801412,0.000173
1780621991.817986,2028,HOVER_ABOVE_HOLE,OK,4,HOVER_ABOVE_HOLE,-0.000149,-0.796212,1.210115,0.000962,0.802406,0.000173
1780621991.908767,2029,HOVER_ABOVE_HOLE,OK,5,INSERT,-0.000150,-0.796029,1.209781,0.000963,0.802211,0.000175
1780621992.031461,2030,HOVER_ABOVE_HOLE,OK,4,HOVER_ABOVE_HOLE,-0.000150,-0.796375,1.210470,0.000962,0.802576,0.000173
1780621992.127996,2031,HOVER_ABOVE_HOLE,OK,4,HOVER_ABOVE_HOLE,-0.000149,-0.795970,1.209640,0.000960,0.802155,0.000172
1780621992.250874,2032,HOVER_ABOVE_HOLE,OK,5,INSERT,-0.000148,-0.795357,1.208435,0.000957,0.801517,0.000174
1780621992.348394,2033,HOVER_ABOVE_HOLE,OK,4,HOVER_ABOVE_HOLE,-0.000150,-0.796540,1.210768,0.000965,0.802745,0.000173
1780621992.468360,2034,HOVER_ABOVE_HOLE,OK,5,INSERT,-0.000149,-0.796061,1.209803,0.000966,0.802242,0.000175
1780621992.564050,2035,HOVER_ABOVE_HOLE,OK,3,SEARCH,-0.000155,-0.795661,1.209333,0.000944,0.801847,0.000171
1780621992.685733,2036,HOVER_ABOVE_HOLE,OK,3,SEARCH,-0.000150,-0.796402,1.210516,0.000962,0.802604,0.000173
1780621992.783091,2037,HOVER_ABOVE_HOLE,OK,3,SEARCH,-0.000150,-0.796284,1.210277,0.000961,0.802481,0.000173
1780621992.902797,2038,HOVER_ABOVE_HOLE,OK,4,HOVER_ABOVE_HOLE,-0.000147,-0.796139,1.209869,0.000967,0.802324,0.000174
1780621993.003653,2039,HOVER_ABOVE_HOLE,OK,4,HOVER_ABOVE_HOLE,-0.000149,-0.796303,1.210265,0.000965,0.802498,0.000173
1780621993.119020,2040,HOVER_ABOVE_HOLE,OK,5,INSERT,-0.000151,-0.795341,1.208549,0.000952,0.801505,0.000174
1780621993.210695,2041,HOVER_ABOVE_HOLE,OK,4,HOVER_ABOVE_HOLE,-0.000148,-0.795975,1.209603,0.000962,0.802157,0.000173
1780621993.334590,2042,HOVER_ABOVE_HOLE,OK,5,INSERT,-0.000153,-0.796464,1.210729,0.000962,0.802667,0.000174
1780621993.445616,2043,HOVER_ABOVE_HOLE,OK,5,INSERT,-0.000150,-0.795911,1.209535,0.000963,0.802088,0.000175
1780621993.560513,2044,HOVER_ABOVE_HOLE,OK,4,HOVER_ABOVE_HOLE,-0.000149,-0.796269,1.210185,0.000965,0.802462,0.000173
1780621993.648138,2045,HOVER_ABOVE_HOLE,OK,4,HOVER_ABOVE_HOLE,-0.000148,-0.796095,1.209839,0.000964,0.802281,0.000173
1780621993.778960,2046,HOVER_ABOVE_HOLE,OK,5,INSERT,-0.000150,-0.795988,1.209682,0.000964,0.802168,0.000175
1780621993.901752,2047,HOVER_ABOVE_HOLE,OK,4,HOVER_ABOVE_HOLE,-0.000148,-0.796182,1.210002,0.000965,0.802371,0.000173
1780621993.996987,2048,HOVER_ABOVE_HOLE,OK,3,SEARCH,-0.000159,-0.796058,1.210321,0.000937,0.802270,0.000170
1780621994.119144,2049,HOVER_ABOVE_HOLE,OK,4,HOVER_ABOVE_HOLE,-0.000150,-0.796584,1.210826,0.000967,0.802789,0.000173
1780621994.204987,2050,HOVER_ABOVE_HOLE,OK,5,INSERT,-0.000150,-0.795654,1.209084,0.000956,0.801829,0.000173
1780621994.327750,2051,HOVER_ABOVE_HOLE,OK,4,HOVER_ABOVE_HOLE,-0.000148,-0.796129,1.209879,0.000965,0.802315,0.000173
1780621994.415871,2052,HOVER_ABOVE_HOLE,OK,4,HOVER_ABOVE_HOLE,-0.000150,-0.796408,1.210533,0.000962,0.802610,0.000173
1780621994.556421,2053,HOVER_ABOVE_HOLE,OK,5,INSERT,-0.000150,-0.795531,1.208851,0.000954,0.801702,0.000172
1780621994.647552,2054,HOVER_ABOVE_HOLE,OK,4,HOVER_ABOVE_HOLE,-0.000148,-0.796169,1.209985,0.000964,0.802358,0.000173
1780621994.800405,2055,HOVER_ABOVE_HOLE,OK,5,INSERT,-0.000151,-0.795542,1.208925,0.000954,0.801713,0.000174
1780621994.860624,2056,HOVER_ABOVE_HOLE,OK,4,HOVER_ABOVE_HOLE,-0.000148,-0.796161,1.209947,0.000966,0.802349,0.000174
1780621994.990775,2057,HOVER_ABOVE_HOLE,OK,5,INSERT,-0.000147,-0.795667,1.208979,0.000962,0.801835,0.000174
1780621995.079060,2058,HOVER_ABOVE_HOLE,OK,5,INSERT,-0.000148,-0.795355,1.208452,0.000955,0.801518,0.000173
1780621995.205484,2059,HOVER_ABOVE_HOLE,OK,5,INSERT,-0.000153,-0.796455,1.210716,0.000962,0.802656,0.000175
1780621995.296261,2060,HOVER_ABOVE_HOLE,OK,4,HOVER_ABOVE_HOLE,-0.000148,-0.795636,1.208951,0.000960,0.801807,0.000173
1780621995.423437,2061,HOVER_ABOVE_HOLE,OK,5,INSERT,-0.000147,-0.795551,1.208760,0.000960,0.801718,0.000173
1780621995.526065,2062,HOVER_ABOVE_HOLE,OK,5,INSERT,-0.000149,-0.795922,1.209550,0.000963,0.802100,0.000175
1780621995.646668,2063,HOVER_ABOVE_HOLE,OK,4,HOVER_ABOVE_HOLE,-0.000150,-0.796593,1.210849,0.000967,0.802798,0.000174
1780621995.741792,2064,HOVER_ABOVE_HOLE,OK,5,INSERT,-0.000148,-0.795580,1.208836,0.000962,0.801744,0.000175
1780621995.865874,2065,HOVER_ABOVE_HOLE,OK,4,HOVER_ABOVE_HOLE,-0.000148,-0.795964,1.209588,0.000962,0.802146,0.000173
1780621995.959390,2066,HOVER_ABOVE_HOLE,OK,4,HOVER_ABOVE_HOLE,-0.000150,-0.796556,1.210777,0.000966,0.802760,0.000173
1780621996.083286,2067,HOVER_ABOVE_HOLE,OK,5,INSERT,-0.000152,-0.796400,1.210568,0.000964,0.802597,0.000175
1780621996.185641,2068,HOVER_ABOVE_HOLE,OK,5,INSERT,-0.000152,-0.796550,1.210877,0.000964,0.802753,0.000175
1780621996.293276,2069,HOVER_ABOVE_HOLE,OK,5,INSERT,-0.000148,-0.795369,1.208442,0.000958,0.801529,0.000173
1780621996.394251,2070,HOVER_ABOVE_HOLE,OK,5,INSERT,-0.000149,-0.795498,1.208714,0.000959,0.801661,0.000174
1780621996.525416,2071,HOVER_ABOVE_HOLE,OK,4,HOVER_ABOVE_HOLE,-0.000149,-0.796271,1.210187,0.000965,0.802464,0.000173
1780621996.610399,2072,HOVER_ABOVE_HOLE,OK,5,INSERT,-0.000148,-0.795559,1.208811,0.000960,0.801724,0.000174
1780621996.740049,2073,HOVER_ABOVE_HOLE,OK,4,HOVER_ABOVE_HOLE,-0.000149,-0.796271,1.210183,0.000965,0.802464,0.000173
1780621996.830430,2074,HOVER_ABOVE_HOLE,OK,4,HOVER_ABOVE_HOLE,-0.000149,-0.796459,1.210561,0.000966,0.802658,0.000174
1780621996.952272,2075,HOVER_ABOVE_HOLE,OK,5,INSERT,-0.000148,-0.795732,1.209109,0.000965,0.801899,0.000175
1780621997.042101,2076,HOVER_ABOVE_HOLE,OK,4,HOVER_ABOVE_HOLE,-0.000149,-0.796282,1.210221,0.000965,0.802475,0.000173
1780621997.172204,2077,HOVER_ABOVE_HOLE,OK,4,HOVER_ABOVE_HOLE,-0.000148,-0.796277,1.210164,0.000967,0.802467,0.000174
1780621997.272437,2078,HOVER_ABOVE_HOLE,OK,5,INSERT,-0.000148,-0.795445,1.208562,0.000961,0.801604,0.000175
1780621997.404041,2079,HOVER_ABOVE_HOLE,OK,4,HOVER_ABOVE_HOLE,-0.000148,-0.796241,1.210112,0.000966,0.802431,0.000174
1780621997.538301,2080,HOVER_ABOVE_HOLE,OK,5,INSERT,-0.000148,-0.795314,1.208344,0.000957,0.801472,0.000174
1780621997.629820,2081,HOVER_ABOVE_HOLE,OK,4,HOVER_ABOVE_HOLE,-0.000148,-0.796314,1.210211,0.000969,0.802504,0.000174
1780621997.753645,2082,HOVER_ABOVE_HOLE,OK,4,HOVER_ABOVE_HOLE,-0.000148,-0.796179,1.209992,0.000965,0.802367,0.000173
1780621997.870244,2083,HOVER_ABOVE_HOLE,OK,4,HOVER_ABOVE_HOLE,-0.000151,-0.795339,1.208515,0.000952,0.801503,0.000173
1780621997.989641,2084,HOVER_ABOVE_HOLE,OK,3,SEARCH,-0.000149,-0.796330,1.210335,0.000964,0.802527,0.000173
1780621998.079586,2085,HOVER_ABOVE_HOLE,OK,3,SEARCH,-0.000150,-0.796496,1.210675,0.000965,0.802700,0.000173
1780621998.207068,2086,HOVER_ABOVE_HOLE,OK,5,INSERT,-0.000149,-0.795533,1.208797,0.000959,0.801698,0.000174
1780621998.299137,2087,HOVER_ABOVE_HOLE,OK,4,HOVER_ABOVE_HOLE,-0.000148,-0.796078,1.209805,0.000963,0.802264,0.000173
1780621998.422818,2088,HOVER_ABOVE_HOLE,OK,5,INSERT,-0.000148,-0.795099,1.207969,0.000953,0.801252,0.000173
1780621998.516507,2089,HOVER_ABOVE_HOLE,OK,5,INSERT,-0.000146,-0.795691,1.208964,0.000965,0.801858,0.000174
1780621998.675572,2090,HOVER_ABOVE_HOLE,OK,4,HOVER_ABOVE_HOLE,-0.000148,-0.796274,1.210159,0.000967,0.802465,0.000174
1780621998.735196,2091,HOVER_ABOVE_HOLE,OK,6,INSERTED,-0.000149,-0.795919,1.209507,0.000965,0.802094,0.000175
1780621998.856500,2092,HOVER_ABOVE_HOLE,OK,4,HOVER_ABOVE_HOLE,-0.000149,-0.796245,1.210165,0.000963,0.802438,0.000173
1780621998.957252,2093,HOVER_ABOVE_HOLE,OK,4,HOVER_ABOVE_HOLE,-0.000149,-0.796026,1.209777,0.000959,0.802215,0.000172
1780621999.074135,2094,HOVER_ABOVE_HOLE,OK,5,INSERT,-0.000149,-0.795702,1.209109,0.000961,0.801873,0.000174
1780621999.170838,2095,HOVER_ABOVE_HOLE,OK,4,HOVER_ABOVE_HOLE,-0.000148,-0.796347,1.210293,0.000968,0.802539,0.000174
1780621999.292800,2096,HOVER_ABOVE_HOLE,OK,5,INSERT,-0.000148,-0.795624,1.208920,0.000960,0.801792,0.000173
1780621999.395131,2097,HOVER_ABOVE_HOLE,OK,5,INSERT,-0.000148,-0.795541,1.208796,0.000959,0.801708,0.000173
1780621999.520907,2098,HOVER_ABOVE_HOLE,OK,4,HOVER_ABOVE_HOLE,-0.000149,-0.795840,1.209392,0.000959,0.802021,0.000172
1780621999.613278,2099,HOVER_ABOVE_HOLE,OK,5,INSERT,-0.000151,-0.795070,1.208036,0.000947,0.801228,0.000172
1780621999.747129,2100,INSERT,OK,5,INSERT,-0.000149,-0.796190,1.210058,0.000963,0.802382,0.000173
1780621999.847976,2101,INSERT,OK,6,INSERTED,-0.000149,-0.795657,1.209058,0.000959,0.801829,0.000174
1780621999.996944,2102,INSERT,OK,5,INSERT,-0.000150,-0.796540,1.210773,0.000965,0.802746,0.000173
1780622000.078294,2103,INSERT,OK,5,INSERT,-0.000149,-0.796400,1.210480,0.000964,0.802599,0.000173
1780622000.208557,2104,INSERT,OK,6,INSERTED,-0.000148,-0.795412,1.208524,0.000959,0.801573,0.000174
1780622000.301920,2105,INSERT,OK,5,INSERT,-0.000149,-0.796478,1.210618,0.000966,0.802679,0.000173
1780622000.426691,2106,INSERT,OK,6,INSERTED,-0.000147,-0.795545,1.208758,0.000961,0.801709,0.000174
1780622000.524874,2107,INSERT,OK,5,INSERT,-0.000148,-0.795941,1.209550,0.000962,0.802123,0.000173
1780622000.661637,2108,INSERT,OK,6,INSERTED,-0.000149,-0.795969,1.209650,0.000963,0.802149,0.000175
1780622000.751915,2109,INSERT,OK,5,INSERT,-0.000152,-0.795795,1.209444,0.000954,0.801979,0.000173
1780622000.883390,2110,INSERT,OK,4,HOVER_ABOVE_HOLE,-0.000149,-0.796021,1.209750,0.000960,0.802209,0.000172
1780622000.966423,2111,INSERT,OK,6,INSERTED,-0.000149,-0.795912,1.209496,0.000965,0.802087,0.000175
1780622001.094104,2112,INSERT,OK,5,INSERT,-0.000149,-0.796098,1.209892,0.000961,0.802288,0.000173
1780622001.222212,2113,INSERT,OK,6,INSERTED,-0.000147,-0.795633,1.208919,0.000963,0.801798,0.000175
1780622001.312218,2114,INSERT,OK,6,INSERTED,-0.000147,-0.795660,1.208956,0.000965,0.801823,0.000175
1780622001.448033,2115,INSERT,OK,4,HOVER_ABOVE_HOLE,-0.000149,-0.796230,1.210150,0.000963,0.802425,0.000173
1780622001.549040,2116,INSERT,OK,5,INSERT,-0.000148,-0.795588,1.208891,0.000957,0.801760,0.000172
1780622001.663074,2117,INSERT,OK,5,INSERT,-0.000148,-0.796252,1.210103,0.000968,0.802441,0.000174
1780622001.755838,2118,INSERT,OK,5,INSERT,-0.000149,-0.796058,1.209847,0.000959,0.802248,0.000172
1780622001.882169,2119,INSERT,OK,6,INSERTED,-0.000148,-0.795073,1.207928,0.000952,0.801226,0.000173
1780622001.971189,2120,INSERT,OK,5,INSERT,-0.000148,-0.796168,1.209949,0.000967,0.802355,0.000174
1780622002.096675,2121,INSERT,OK,5,INSERT,-0.000147,-0.795726,1.209079,0.000963,0.801897,0.000173
1780622002.198009,2122,INSERT,OK,4,HOVER_ABOVE_HOLE,-0.000158,-0.796169,1.210460,0.000943,0.802378,0.000171
1780622002.315563,2123,INSERT,OK,5,INSERT,-0.000148,-0.796462,1.210541,0.000968,0.802660,0.000174
1780622002.421261,2124,INSERT,OK,5,INSERT,-0.000148,-0.796188,1.210010,0.000965,0.802376,0.000173
1780622002.551898,2125,INSERT,OK,6,INSERTED,-0.000148,-0.795314,1.208328,0.000959,0.801470,0.000174
1780622002.649158,2126,INSERT,OK,4,HOVER_ABOVE_HOLE,-0.000149,-0.796077,1.209862,0.000961,0.802267,0.000172
1780622002.768317,2127,INSERT,OK,5,INSERT,-0.000152,-0.795734,1.209332,0.000953,0.801915,0.000173
1780622002.871537,2128,INSERT,OK,6,INSERTED,-0.000152,-0.796321,1.210427,0.000962,0.802517,0.000174
1780622002.993286,2129,INSERT,OK,5,INSERT,-0.000149,-0.796457,1.210570,0.000966,0.802657,0.000174
1780622003.089497,2130,INSERT,OK,4,HOVER_ABOVE_HOLE,-0.000158,-0.795964,1.210085,0.000940,0.802169,0.000171
1780622003.208101,2131,INSERT,OK,4,HOVER_ABOVE_HOLE,-0.000148,-0.796216,1.210080,0.000965,0.802407,0.000173
1780622003.298202,2132,INSERT,OK,4,HOVER_ABOVE_HOLE,-0.000150,-0.796485,1.210642,0.000965,0.802687,0.000173
1780622003.459941,2133,INSERT,OK,6,INSERTED,-0.000147,-0.795510,1.208689,0.000961,0.801673,0.000174
1780622003.548658,2134,INSERT,OK,5,INSERT,-0.000149,-0.795992,1.209676,0.000961,0.802178,0.000173
1780622003.667828,2135,INSERT,OK,6,INSERTED,-0.000150,-0.795876,1.209488,0.000961,0.802055,0.000174
1780622003.757664,2136,INSERT,OK,6,INSERTED,-0.000147,-0.795554,1.208762,0.000962,0.801717,0.000174
1780622003.905748,2137,INSERT,OK,4,HOVER_ABOVE_HOLE,-0.000149,-0.795908,1.209536,0.000959,0.802092,0.000172
1780622003.968625,2138,INSERT,OK,5,INSERT,-0.000149,-0.795771,1.209256,0.000958,0.801950,0.000172
1780622004.091806,2139,INSERT,OK,5,INSERT,-0.000149,-0.796024,1.209743,0.000961,0.802211,0.000173
1780622004.177344,2140,INSERT,OK,5,INSERT,-0.000149,-0.796349,1.210380,0.000964,0.802547,0.000173
1780622004.301467,2141,INSERT,OK,6,INSERTED,-0.000147,-0.795519,1.208704,0.000962,0.801680,0.000175
1780622004.392943,2142,INSERT,OK,5,INSERT,-0.000147,-0.796051,1.209696,0.000967,0.802233,0.000174
1780622004.532917,2143,INSERT,OK,5,INSERT,-0.000147,-0.796295,1.210171,0.000969,0.802484,0.000174
1780622004.616880,2144,INSERT,OK,6,INSERTED,-0.000148,-0.795445,1.208605,0.000959,0.801607,0.000174
1780622004.743615,2145,INSERT,OK,5,INSERT,-0.000148,-0.796299,1.210227,0.000966,0.802492,0.000174
1780622004.897005,2146,INSERT,OK,5,INSERT,-0.000154,-0.796569,1.211007,0.000960,0.802777,0.000175
1780622004.970704,2147,INSERT,OK,6,INSERTED,-0.000152,-0.796245,1.210307,0.000960,0.802441,0.000174
1780622005.097145,2148,INSERT,OK,4,HOVER_ABOVE_HOLE,-0.000148,-0.796165,1.209960,0.000965,0.802353,0.000173
1780622005.213465,2149,INSERT,OK,5,INSERT,-0.000150,-0.794966,1.207786,0.000947,0.801119,0.000172
1780622005.343449,2150,INSERT,OK,5,INSERT,-0.000149,-0.796704,1.211023,0.000970,0.802910,0.000174
1780622005.435405,2151,INSERT,OK,5,INSERT,-0.000150,-0.796585,1.210856,0.000966,0.802791,0.000173
1780622005.566566,2152,INSERT,OK,5,INSERT,-0.000147,-0.795978,1.209585,0.000965,0.802159,0.000173
1780622005.653696,2153,INSERT,OK,5,INSERT,-0.000149,-0.796396,1.210430,0.000967,0.802593,0.000174
1780622005.783574,2154,INSERT,OK,6,INSERTED,-0.000149,-0.795570,1.208865,0.000961,0.801734,0.000175
1780622005.895848,2155,INSERT,OK,6,INSERTED,-0.000148,-0.795055,1.207870,0.000953,0.801207,0.000173
1780622006.008827,2156,INSERT,OK,5,INSERT,-0.000148,-0.796247,1.210141,0.000965,0.802439,0.000173
1780622006.104839,2157,INSERT,OK,6,INSERTED,-0.000150,-0.796100,1.209940,0.000963,0.802286,0.000175
1780622006.226007,2158,INSERT,OK,5,INSERT,-0.000148,-0.795900,1.209491,0.000960,0.802082,0.000173
1780622006.320110,2159,INSERT,OK,4,HOVER_ABOVE_HOLE,-0.000149,-0.796546,1.210739,0.000967,0.802749,0.000174
1780622006.466551,2160,INSERT,OK,6,INSERTED,-0.000149,-0.795861,1.209419,0.000963,0.802036,0.000175
1780622006.535167,2161,INSERT,OK,5,INSERT,-0.000148,-0.796095,1.209845,0.000964,0.802282,0.000173
1780622006.662194,2162,INSERT,OK,6,INSERTED,-0.000148,-0.795417,1.208535,0.000959,0.801578,0.000174
1780622006.755440,2163,INSERT,OK,6,INSERTED,-0.000148,-0.795812,1.209284,0.000965,0.801983,0.000175
1780622006.890660,2164,INSERT,OK,4,HOVER_ABOVE_HOLE,-0.000150,-0.796028,1.209804,0.000958,0.802219,0.000172
1780622006.968685,2165,INSERT,OK,5,INSERT,-0.000148,-0.796068,1.209791,0.000963,0.802254,0.000173
1780622007.092516,2166,INSERT,OK,6,INSERTED,-0.000149,-0.795737,1.209176,0.000962,0.801908,0.000174
1780622007.183834,2167,INSERT,OK,4,HOVER_ABOVE_HOLE,-0.000150,-0.796494,1.210692,0.000964,0.802698,0.000173
1780622007.306152,2168,INSERT,OK,6,INSERTED,-0.000147,-0.795654,1.208949,0.000964,0.801819,0.000175
1780622007.404446,2169,INSERT,OK,5,INSERT,-0.000148,-0.796041,1.209714,0.000965,0.802224,0.000173
1780622007.531052,2170,INSERT,OK,5,INSERT,-0.000148,-0.796184,1.209995,0.000966,0.802372,0.000174
1780622007.627776,2171,INSERT,OK,4,HOVER_ABOVE_HOLE,-0.000153,-0.795457,1.208889,0.000945,0.801633,0.000172
1780622007.749835,2172,INSERT,OK,5,INSERT,-0.000149,-0.796480,1.210594,0.000967,0.802680,0.000174
1780622007.840003,2173,INSERT,OK,4,HOVER_ABOVE_HOLE,-0.000149,-0.795853,1.209429,0.000958,0.802035,0.000172
1780622007.973727,2174,INSERT,OK,6,INSERTED,-0.000149,-0.795922,1.209512,0.000965,0.802097,0.000175
1780622008.059883,2175,INSERT,OK,5,INSERT,-0.000148,-0.796676,1.210922,0.000972,0.802879,0.000175
1780622008.200900,2176,INSERT,OK,5,INSERT,-0.000149,-0.795052,1.207910,0.000951,0.801205,0.000173
1780622008.276592,2177,INSERT,OK,6,INSERTED,-0.000149,-0.795195,1.208183,0.000954,0.801351,0.000173
1780622008.425975,2178,INSERT,OK,5,INSERT,-0.000149,-0.796313,1.210279,0.000965,0.802507,0.000173
1780622008.533771,2179,INSERT,OK,6,INSERTED,-0.000147,-0.795507,1.208670,0.000963,0.801667,0.000175
1780622008.631636,2180,INSERT,OK,5,INSERT,-0.000148,-0.796326,1.210284,0.000967,0.802520,0.000174
1780622008.755798,2181,INSERT,OK,5,INSERT,-0.000147,-0.796098,1.209793,0.000967,0.802281,0.000174
1780622008.837311,2182,INSERT,OK,5,INSERT,-0.000147,-0.796071,1.209738,0.000967,0.802253,0.000174
1780622008.993745,2183,INSERT,OK,5,INSERT,-0.000148,-0.796613,1.210817,0.000971,0.802815,0.000174
1780622009.054204,2184,INSERT,OK,5,INSERT,-0.000147,-0.795983,1.209555,0.000967,0.802161,0.000174
1780622009.185483,2185,INSERT,OK,5,INSERT,-0.000148,-0.796311,1.210240,0.000967,0.802503,0.000174
1780622009.266468,2186,INSERT,OK,4,HOVER_ABOVE_HOLE,-0.000149,-0.796808,1.211240,0.000970,0.803019,0.000174
1780622009.393608,2187,INSERT,OK,6,INSERTED,-0.000149,-0.795629,1.209007,0.000960,0.801797,0.000175
1780622009.493707,2188,INSERT,OK,5,INSERT,-0.000148,-0.796266,1.210145,0.000967,0.802456,0.000174
1780622009.626115,2189,INSERT,OK,5,INSERT,-0.000148,-0.796157,1.209971,0.000964,0.802346,0.000173
1780622009.704643,2190,INSERT,OK,6,INSERTED,-0.000149,-0.796004,1.209693,0.000965,0.802184,0.000175
1780622009.827769,2191,INSERT,OK,4,HOVER_ABOVE_HOLE,-0.000149,-0.796150,1.209964,0.000963,0.802340,0.000173
1780622009.920487,2192,INSERT,OK,5,INSERT,-0.000147,-0.796350,1.210281,0.000970,0.802541,0.000174
1780622010.046374,2193,INSERT,OK,5,INSERT,-0.000147,-0.795925,1.209485,0.000964,0.802104,0.000174
1780622010.138599,2194,INSERT,OK,4,HOVER_ABOVE_HOLE,-0.000149,-0.796172,1.210036,0.000962,0.802364,0.000173
1780622010.257733,2195,INSERT,OK,6,INSERTED,-0.000148,-0.795872,1.209378,0.000967,0.802043,0.000176
1780622010.349734,2196,INSERT,OK,6,INSERTED,-0.000150,-0.795148,1.208158,0.000949,0.801307,0.000172
1780622010.509565,2197,INSERT,OK,4,HOVER_ABOVE_HOLE,-0.000148,-0.796280,1.210198,0.000966,0.802473,0.000173
1780622010.585366,2198,INSERT,OK,6,INSERTED,-0.000149,-0.796016,1.209712,0.000965,0.802196,0.000175
1780622010.704820,2199,INSERT,OK,5,INSERT,-0.000148,-0.795859,1.209405,0.000960,0.802039,0.000173
1780622010.805454,2200,INSERT,OK,5,INSERT,-0.000148,-0.796067,1.209790,0.000963,0.802253,0.000173
1780622010.912852,2201,INSERT,OK,6,INSERTED,-0.000152,-0.796484,1.210733,0.000965,0.802684,0.000175
1780622011.007767,2202,INSERT,OK,5,INSERT,-0.000150,-0.796390,1.210496,0.000963,0.802590,0.000173
1780622011.128648,2203,INSERT,OK,6,INSERTED,-0.000153,-0.796388,1.210604,0.000960,0.802589,0.000174
1780622011.221391,2204,INSERT,OK,6,INSERTED,-0.000147,-0.795274,1.208226,0.000960,0.801428,0.000174
1780622011.346485,2205,INSERT,OK,4,HOVER_ABOVE_HOLE,-0.000149,-0.796213,1.210128,0.000962,0.802407,0.000173
1780622011.443400,2206,INSERT,OK,6,INSERTED,-0.000153,-0.796567,1.210944,0.000962,0.802774,0.000174
1780622011.559359,2207,INSERT,OK,5,INSERT,-0.000150,-0.796450,1.210594,0.000967,0.802647,0.000175
1780622011.645914,2208,INSERT,OK,5,INSERT,-0.000149,-0.796521,1.210674,0.000968,0.802722,0.000174
1780622011.774038,2209,INSERT,OK,5,INSERT,-0.000147,-0.796017,1.209619,0.000967,0.802197,0.000174
1780622011.863069,2210,INSERT,OK,5,INSERT,-0.000147,-0.796459,1.210481,0.000971,0.802654,0.000175
1780622011.982757,2211,INSERT,OK,5,INSERT,-0.000147,-0.796114,1.209796,0.000969,0.802296,0.000174
1780622012.119905,2212,INSERT,OK,5,INSERT,-0.000150,-0.796592,1.210873,0.000965,0.802799,0.000173
1780622012.206638,2213,INSERT,OK,5,INSERT,-0.000148,-0.796538,1.210654,0.000971,0.802736,0.000174
1780622012.365796,2214,INSERT,OK,6,INSERTED,-0.000148,-0.795433,1.208588,0.000958,0.801596,0.000173
1780622012.431444,2215,INSERT,OK,4,HOVER_ABOVE_HOLE,-0.000149,-0.796225,1.210105,0.000964,0.802416,0.000173
1780622012.558294,2216,INSERT,OK,6,INSERTED,-0.000149,-0.795413,1.208591,0.000956,0.801577,0.000174
1780622012.658044,2217,INSERT,OK,5,INSERT,-0.000147,-0.796225,1.210045,0.000968,0.802413,0.000174
1780622012.769603,2218,INSERT,OK,6,INSERTED,-0.000149,-0.795856,1.209439,0.000961,0.802034,0.000174
1780622012.867513,2219,INSERT,OK,6,INSERTED,-0.000150,-0.795562,1.208906,0.000957,0.801730,0.000174
1780622012.985260,2220,INSERT,OK,5,INSERT,-0.000148,-0.796030,1.209705,0.000964,0.802214,0.000173
1780622013.083777,2221,INSERT,OK,5,INSERT,-0.000149,-0.794774,1.207402,0.000947,0.800920,0.000172
1780622013.202498,2222,INSERT,OK,5,INSERT,-0.000150,-0.796786,1.211225,0.000969,0.802998,0.000174
1780622013.291683,2223,INSERT,OK,6,INSERTED,-0.000151,-0.795203,1.208293,0.000949,0.801365,0.000173
1780622013.414917,2224,INSERT,OK,5,INSERT,-0.000149,-0.794917,1.207686,0.000948,0.801068,0.000172
1780622013.508135,2225,INSERT,OK,5,INSERT,-0.000148,-0.796353,1.210321,0.000968,0.802547,0.000174
1780622013.635194,2226,INSERT,OK,4,HOVER_ABOVE_HOLE,-0.000155,-0.796220,1.210398,0.000950,0.802426,0.000172
1780622013.722791,2227,INSERT,OK,5,INSERT,-0.000148,-0.796200,1.210033,0.000966,0.802390,0.000174
1780622013.841759,2228,INSERT,OK,6,INSERTED,-0.000149,-0.795929,1.209556,0.000964,0.802106,0.000175
1780622013.941507,2229,INSERT,OK,5,INSERT,-0.000149,-0.796274,1.210225,0.000964,0.802469,0.000173
1780622014.063668,2230,INSERT,OK,6,INSERTED,-0.000146,-0.795475,1.208553,0.000963,0.801634,0.000174
1780622014.162465,2231,INSERT,OK,6,INSERTED,-0.000148,-0.795611,1.208921,0.000960,0.801780,0.000173
1780622014.279531,2232,INSERT,OK,6,INSERTED,-0.000148,-0.795401,1.208518,0.000957,0.801564,0.000173
1780622014.372097,2233,INSERT,OK,5,INSERT,-0.000147,-0.796314,1.210212,0.000969,0.802505,0.000174
1780622014.518928,2234,INSERT,OK,6,INSERTED,-0.000149,-0.795707,1.209154,0.000959,0.801880,0.000174
1780622014.592666,2235,INSERT,OK,6,INSERTED,-0.000149,-0.795407,1.208562,0.000956,0.801571,0.000173
1780622014.715344,2236,INSERT,OK,5,INSERT,-0.000147,-0.795992,1.209596,0.000966,0.802172,0.000174
1780622014.806904,2237,INSERT,OK,6,INSERTED,-0.000150,-0.796002,1.209715,0.000964,0.802182,0.000175
1780622014.926112,2238,INSERT,OK,5,INSERT,-0.000148,-0.796016,1.209690,0.000963,0.802200,0.000173
1780622015.019393,2239,INSERT,OK,6,INSERTED,-0.000148,-0.795504,1.208739,0.000958,0.801670,0.000174
1780622015.165381,2240,INSERT,OK,5,INSERT,-0.000150,-0.797019,1.211670,0.000971,0.803237,0.000174
1780622015.238518,2241,INSERT,OK,4,HOVER_ABOVE_HOLE,-0.000150,-0.796593,1.210870,0.000966,0.802800,0.000173
1780622015.361918,2242,INSERT,OK,5,INSERT,-0.000146,-0.795983,1.209545,0.000967,0.802161,0.000174
1780622015.441811,2243,INSERT,OK,5,INSERT,-0.000149,-0.796217,1.210088,0.000964,0.802408,0.000173
1780622015.577807,2244,INSERT,OK,6,INSERTED,-0.000147,-0.795379,1.208437,0.000960,0.801537,0.000174
1780622015.698408,2245,INSERT,OK,5,INSERT,-0.000148,-0.796237,1.210111,0.000966,0.802428,0.000173
1780622015.800598,2246,INSERT,OK,4,HOVER_ABOVE_HOLE,-0.000150,-0.796639,1.210959,0.000966,0.802847,0.000173
1780622015.925655,2247,INSERT,OK,6,INSERTED,-0.000148,-0.795674,1.208996,0.000965,0.801838,0.000175
1780622016.026907,2248,INSERT,OK,5,INSERT,-0.000148,-0.795923,1.209514,0.000962,0.802105,0.000173
1780622016.147117,2249,INSERT,OK,5,INSERT,-0.000148,-0.796303,1.210233,0.000967,0.802496,0.000174
1780622016.246315,2250,INSERT,OK,6,INSERTED,-0.000150,-0.795450,1.208696,0.000956,0.801614,0.000174
1780622016.388097,2251,INSERT,OK,5,INSERT,-0.000148,-0.795922,1.209525,0.000961,0.802104,0.000173
1780622016.467514,2252,INSERT,OK,4,HOVER_ABOVE_HOLE,-0.000149,-0.796293,1.210262,0.000964,0.802489,0.000173
1780622016.591733,2253,INSERT,OK,5,INSERT,-0.000153,-0.796184,1.210215,0.000958,0.802378,0.000174
1780622016.707734,2254,INSERT,OK,6,INSERTED,-0.000148,-0.795428,1.208548,0.000960,0.801589,0.000174
1780622016.834466,2255,INSERT,OK,5,INSERT,-0.000148,-0.796340,1.210296,0.000968,0.802534,0.000174
1780622016.923899,2256,INSERT,OK,6,INSERTED,-0.000147,-0.795493,1.208664,0.000961,0.801655,0.000174
1780622017.080532,2257,INSERT,OK,5,INSERT,-0.000149,-0.796274,1.210203,0.000965,0.802467,0.000173
1780622017.151955,2258,INSERT,OK,4,HOVER_ABOVE_HOLE,-0.000150,-0.795919,1.209588,0.000957,0.802105,0.000172
1780622017.272546,2259,INSERT,OK,5,INSERT,-0.000154,-0.795966,1.209862,0.000951,0.802159,0.000172
1780622017.375590,2260,INSERT,OK,5,INSERT,-0.000147,-0.796289,1.210150,0.000970,0.802477,0.000174
1780622017.486740,2261,INSERT,OK,5,INSERT,-0.000147,-0.796039,1.209694,0.000966,0.802221,0.000174
1780622017.585287,2262,INSERT,OK,6,INSERTED,-0.000147,-0.795425,1.208513,0.000961,0.801583,0.000174
1780622017.747863,2263,INSERT,OK,4,HOVER_ABOVE_HOLE,-0.000150,-0.796557,1.210805,0.000965,0.802762,0.000173
1780622017.823974,2264,INSERT,OK,6,INSERTED,-0.000152,-0.796486,1.210736,0.000964,0.802687,0.000175
1780622017.942392,2265,INSERT,OK,5,INSERT,-0.000148,-0.795982,1.209614,0.000963,0.802165,0.000173
1780622018.038346,2266,INSERT,OK,4,HOVER_ABOVE_HOLE,-0.000149,-0.796244,1.210142,0.000965,0.802437,0.000173
1780622018.158417,2267,INSERT,OK,6,INSERTED,-0.000149,-0.795795,1.209309,0.000962,0.801968,0.000175
1780622018.247750,2268,INSERT,OK,6,INSERTED,-0.000149,-0.795851,1.209401,0.000963,0.802025,0.000175
1780622018.373714,2269,INSERT,OK,5,INSERT,-0.000148,-0.796192,1.210013,0.000966,0.802381,0.000174
1780622018.475135,2270,INSERT,OK,6,INSERTED,-0.000148,-0.795773,1.209210,0.000964,0.801943,0.000175
1780622018.604712,2271,INSERT,OK,4,HOVER_ABOVE_HOLE,-0.000150,-0.796530,1.210736,0.000966,0.802734,0.000173
1780622018.688202,2272,INSERT,OK,5,INSERT,-0.000148,-0.796086,1.209829,0.000964,0.802272,0.000173
1780622018.822034,2273,INSERT,OK,5,INSERT,-0.000147,-0.795963,1.209552,0.000965,0.802143,0.000173
1780622018.935446,2274,INSERT,OK,4,HOVER_ABOVE_HOLE,-0.000151,-0.796684,1.211087,0.000964,0.802896,0.000173
1780622019.063967,2275,INSERT,OK,6,INSERTED,-0.000149,-0.795625,1.208965,0.000960,0.801793,0.000174
1780622019.162678,2276,INSERT,OK,6,INSERTED,-0.000148,-0.795620,1.208918,0.000961,0.801787,0.000174
1780622019.291528,2277,INSERT,OK,5,INSERT,-0.000150,-0.796849,1.211351,0.000969,0.803063,0.000174
1780622019.418205,2278,INSERT,OK,6,INSERTED,-0.000151,-0.796324,1.210418,0.000963,0.802520,0.000175
1780622019.507811,2279,INSERT,OK,5,INSERT,-0.000148,-0.796108,1.209863,0.000964,0.802295,0.000173
1780622019.645666,2280,INSERT,OK,6,INSERTED,-0.000147,-0.795346,1.208378,0.000959,0.801503,0.000174
1780622019.745823,2281,INSERT,OK,6,INSERTED,-0.000148,-0.795602,1.208882,0.000962,0.801768,0.000174
1780622019.868392,2282,INSERT,OK,5,INSERT,-0.000149,-0.796357,1.210358,0.000966,0.802553,0.000174
1780622019.957035,2283,INSERT,OK,6,INSERTED,-0.000148,-0.795204,1.208185,0.000953,0.801363,0.000173
1780622020.089377,2284,INSERT,OK,5,INSERT,-0.000149,-0.795984,1.209653,0.000961,0.802168,0.000173
1780622020.197427,2285,INSERT,OK,5,INSERT,-0.000147,-0.795465,1.208612,0.000959,0.801629,0.000173
1780622020.308138,2286,INSERT,OK,5,INSERT,-0.000148,-0.796026,1.209715,0.000963,0.802212,0.000173
1780622020.396299,2287,INSERT,OK,5,INSERT,-0.000147,-0.796313,1.210207,0.000969,0.802503,0.000174
1780622020.531655,2288,INSERT,OK,5,INSERT,-0.000147,-0.796109,1.209826,0.000967,0.802293,0.000174
1780622020.617542,2289,INSERT,OK,5,INSERT,-0.000150,-0.795891,1.209570,0.000955,0.802079,0.000172
1780622020.776721,2290,INSERT,OK,6,INSERTED,-0.000148,-0.795293,1.208297,0.000958,0.801448,0.000174
1780622020.834867,2291,INSERT,OK,5,INSERT,-0.000148,-0.796212,1.210055,0.000966,0.802401,0.000174
1780622020.962894,2292,INSERT,OK,6,INSERTED,-0.000149,-0.795224,1.208261,0.000952,0.801383,0.000173
1780622021.052487,2293,INSERT,OK,5,INSERT,-0.000150,-0.794821,1.207516,0.000946,0.800970,0.000172
1780622021.174768,2294,INSERT,OK,4,HOVER_ABOVE_HOLE,-0.000149,-0.796013,1.209756,0.000959,0.802202,0.000172
1780622021.268951,2295,INSERT,OK,6,INSERTED,-0.000149,-0.795930,1.209562,0.000964,0.802107,0.000175
1780622021.387807,2296,INSERT,OK,5,INSERT,-0.000148,-0.796007,1.209698,0.000962,0.802193,0.000173
1780622021.485023,2297,INSERT,OK,4,HOVER_ABOVE_HOLE,-0.000148,-0.796292,1.210217,0.000966,0.802485,0.000173
1780622021.608233,2298,INSERT,OK,6,INSERTED,-0.000148,-0.795660,1.208984,0.000963,0.801827,0.000175
1780622021.713978,2299,INSERT,OK,5,INSERT,-0.000146,-0.795906,1.209365,0.000969,0.802079,0.000175
1780622021.824168,2300,INSERT,OK,4,HOVER_ABOVE_HOLE,-0.000150,-0.796699,1.211039,0.000969,0.802907,0.000174
1780622021.912703,2301,INSERT,OK,4,HOVER_ABOVE_HOLE,-0.000149,-0.796670,1.210982,0.000968,0.802877,0.000174
1780622022.035205,2302,INSERT,OK,5,INSERT,-0.000147,-0.796145,1.209897,0.000967,0.802331,0.000174
1780622022.152975,2303,INSERT,OK,4,HOVER_ABOVE_HOLE,-0.000148,-0.796272,1.210183,0.000966,0.802465,0.000173
1780622022.285159,2304,INSERT,OK,6,INSERTED,-0.000150,-0.795474,1.208739,0.000956,0.801639,0.000174
1780622022.356062,2305,INSERT,OK,6,INSERTED,-0.000148,-0.795776,1.209206,0.000965,0.801946,0.000175
1780622022.480388,2306,INSERT,OK,4,HOVER_ABOVE_HOLE,-0.000148,-0.796275,1.210179,0.000966,0.802467,0.000173
1780622022.577157,2307,INSERT,OK,6,INSERTED,-0.000153,-0.796387,1.210600,0.000961,0.802588,0.000174
1780622022.699723,2308,INSERT,OK,5,INSERT,-0.000148,-0.796148,1.209919,0.000966,0.802335,0.000174
1780622022.784510,2309,INSERT,OK,5,INSERT,-0.000148,-0.796180,1.209985,0.000966,0.802368,0.000174
1780622022.906607,2310,INSERT,OK,6,INSERTED,-0.000148,-0.795522,1.208755,0.000960,0.801686,0.000174
1780622023.031942,2311,INSERT,OK,5,INSERT,-0.000148,-0.796054,1.209778,0.000962,0.802240,0.000173
1780622023.136873,2312,INSERT,OK,5,INSERT,-0.000148,-0.796281,1.210169,0.000968,0.802472,0.000174
1780622023.263107,2313,INSERT,OK,6,INSERTED,-0.000146,-0.795626,1.208873,0.000963,0.801792,0.000174
1780622023.351991,2314,INSERT,OK,5,INSERT,-0.000149,-0.795825,1.209360,0.000959,0.802006,0.000172
1780622023.481586,2315,INSERT,OK,6,INSERTED,-0.000148,-0.795408,1.208543,0.000959,0.801568,0.000174
1780622023.564616,2316,INSERT,OK,5,INSERT,-0.000148,-0.796079,1.209779,0.000966,0.802263,0.000174
1780622023.684919,2317,INSERT,OK,6,INSERTED,-0.000147,-0.795382,1.208441,0.000958,0.801543,0.000173
1780622023.777142,2318,INSERT,OK,5,INSERT,-0.000147,-0.795719,1.209085,0.000962,0.801891,0.000173
1780622023.899029,2319,INSERT,OK,5,INSERT,-0.000148,-0.796463,1.210526,0.000969,0.802659,0.000174
1780622024.005867,2320,INSERT,OK,6,INSERTED,-0.000148,-0.795154,1.208076,0.000953,0.801310,0.000173
1780622024.129620,2321,INSERT,OK,4,HOVER_ABOVE_HOLE,-0.000148,-0.795890,1.209462,0.000961,0.802071,0.000173
1780622024.256185,2322,INSERT,OK,5,INSERT,-0.000149,-0.796315,1.210278,0.000966,0.802508,0.000174
1780622024.335475,2323,INSERT,OK,5,INSERT,-0.000148,-0.796096,1.209810,0.000966,0.802281,0.000174
1780622024.424337,2324,INSERT,OK,4,HOVER_ABOVE_HOLE,-0.000149,-0.795813,1.209340,0.000958,0.801993,0.000172
1780622024.558339,2325,INSERT,OK,6,INSERTED,-0.000150,-0.795565,1.208898,0.000958,0.801731,0.000174
1780622024.647660,2326,INSERT,OK,6,INSERTED,-0.000149,-0.795648,1.209026,0.000959,0.801820,0.000174
1780622024.777385,2327,INSERT,OK,5,INSERT,-0.000148,-0.796142,1.209927,0.000964,0.802330,0.000173
1780622024.875973,2328,INSERT,OK,6,INSERTED,-0.000149,-0.795985,1.209625,0.000967,0.802160,0.000176
1780622024.996929,2329,INSERT,OK,5,INSERT,-0.000148,-0.796394,1.210395,0.000968,0.802589,0.000174
1780622025.086155,2330,INSERT,OK,5,INSERT,-0.000148,-0.796201,1.210037,0.000965,0.802391,0.000173
1780622025.211670,2331,INSERT,OK,6,INSERTED,-0.000149,-0.795767,1.209274,0.000960,0.801941,0.000174
1780622025.302544,2332,INSERT,OK,5,INSERT,-0.000150,-0.796594,1.210856,0.000966,0.802799,0.000173
1780622025.424841,2333,INSERT,OK,6,INSERTED,-0.000147,-0.795330,1.208348,0.000959,0.801486,0.000174
1780622025.517823,2334,INSERT,OK,5,INSERT,-0.000148,-0.795584,1.208869,0.000958,0.801755,0.000173
1780622025.648344,2335,INSERT,OK,5,INSERT,-0.000148,-0.796361,1.210306,0.000970,0.802553,0.000174
1780622025.738068,2336,INSERT,OK,6,INSERTED,-0.000148,-0.795874,1.209374,0.000967,0.802045,0.000176
1780622025.864997,2337,INSERT,OK,5,INSERT,-0.000150,-0.796343,1.210382,0.000963,0.802542,0.000173
1780622025.947192,2338,INSERT,OK,4,HOVER_ABOVE_HOLE,-0.000150,-0.796521,1.210753,0.000964,0.802727,0.000173
1780622026.072010,2339,INSERT,OK,6,INSERTED,-0.000147,-0.795376,1.208422,0.000961,0.801533,0.000174
1780622026.174157,2340,INSERT,OK,5,INSERT,-0.000147,-0.796272,1.210133,0.000969,0.802461,0.000174
1780622026.292252,2341,INSERT,OK,5,INSERT,-0.000148,-0.796084,1.209832,0.000964,0.802270,0.000173
1780622026.378917,2342,INSERT,OK,6,INSERTED,-0.000148,-0.795941,1.209533,0.000967,0.802115,0.000176
1780622026.528043,2343,INSERT,OK,5,INSERT,-0.000149,-0.796014,1.209719,0.000961,0.802201,0.000173
1780622026.631648,2344,INSERT,OK,6,INSERTED,-0.000152,-0.796397,1.210574,0.000963,0.802596,0.000175
1780622026.722434,2345,INSERT,OK,6,INSERTED,-0.000148,-0.795890,1.209444,0.000966,0.802063,0.000176
1780622026.854726,2346,INSERT,OK,4,HOVER_ABOVE_HOLE,-0.000148,-0.796232,1.210082,0.000967,0.802422,0.000174
1780622026.955503,2347,INSERT,OK,4,HOVER_ABOVE_HOLE,-0.000148,-0.796241,1.210099,0.000967,0.802431,0.000174
1780622027.063860,2348,INSERT,OK,6,INSERTED,-0.000149,-0.795746,1.209208,0.000962,0.801917,0.000175
1780622027.159365,2349,INSERT,OK,5,INSERT,-0.000147,-0.796319,1.210219,0.000969,0.802509,0.000174
1780622027.287191,2350,INSERT,OK,6,INSERTED,-0.000149,-0.795641,1.209015,0.000959,0.801812,0.000173
1780622027.367595,2351,INSERT,OK,6,INSERTED,-0.000148,-0.795727,1.209120,0.000965,0.801893,0.000176
1780622027.519252,2352,INSERT,OK,4,HOVER_ABOVE_HOLE,-0.000149,-0.795810,1.209333,0.000958,0.801990,0.000172
1780622027.588641,2353,INSERT,OK,6,INSERTED,-0.000146,-0.795523,1.208642,0.000964,0.801684,0.000174
1780622027.712343,2354,INSERT,OK,5,INSERT,-0.000150,-0.796772,1.211196,0.000969,0.802983,0.000174
1780622027.800153,2355,INSERT,OK,5,INSERT,-0.000148,-0.796342,1.210303,0.000967,0.802536,0.000174
1780622027.934820,2356,INSERT,OK,6,INSERTED,-0.000148,-0.795409,1.208558,0.000957,0.801571,0.000174
1780622028.038114,2357,INSERT,OK,5,INSERT,-0.000149,-0.795962,1.209653,0.000959,0.802149,0.000172
1780622028.155950,2358,INSERT,OK,6,INSERTED,-0.000147,-0.795288,1.208272,0.000959,0.801443,0.000174
1780622028.251632,2359,INSERT,OK,5,INSERT,-0.000147,-0.796235,1.210042,0.000969,0.802422,0.000174
1780622028.383529,2360,INSERT,OK,6,INSERTED,-0.000149,-0.795808,1.209325,0.000962,0.801982,0.000175
1780622028.485054,2361,INSERT,OK,6,INSERTED,-0.000150,-0.796016,1.209748,0.000963,0.802198,0.000175
1780622028.607449,2362,INSERT,OK,5,INSERT,-0.000148,-0.795846,1.209348,0.000962,0.802024,0.000173
1780622028.712270,2363,INSERT,OK,6,INSERTED,-0.000150,-0.795604,1.208995,0.000957,0.801773,0.000174
1780622028.830202,2364,INSERT,OK,4,HOVER_ABOVE_HOLE,-0.000149,-0.796345,1.210375,0.000964,0.802543,0.000173
1780622028.916167,2365,INSERT,OK,4,HOVER_ABOVE_HOLE,-0.000149,-0.796260,1.210204,0.000963,0.802455,0.000173
1780622029.044947,2366,INSERT,OK,5,INSERT,-0.000148,-0.795968,1.209617,0.000961,0.802152,0.000173
1780622029.140104,2367,INSERT,OK,4,HOVER_ABOVE_HOLE,-0.000150,-0.796535,1.210734,0.000966,0.802738,0.000173
1780622029.261181,2368,INSERT,OK,6,INSERTED,-0.000149,-0.795580,1.208888,0.000959,0.801747,0.000174
1780622029.355804,2369,INSERT,OK,6,INSERTED,-0.000146,-0.795478,1.208556,0.000963,0.801638,0.000174
1780622029.478704,2370,INSERT,OK,5,INSERT,-0.000149,-0.796305,1.210269,0.000965,0.802500,0.000173
1780622029.568884,2371,INSERT,OK,6,INSERTED,-0.000148,-0.795516,1.208727,0.000962,0.801678,0.000175
1780622029.724474,2372,INSERT,OK,5,INSERT,-0.000149,-0.795682,1.209103,0.000956,0.801859,0.000172
1780622029.798951,2373,INSERT,OK,4,HOVER_ABOVE_HOLE,-0.000148,-0.796283,1.210203,0.000966,0.802476,0.000173
1780622029.918799,2374,INSERT,OK,6,INSERTED,-0.000148,-0.795733,1.209157,0.000963,0.801904,0.000175
1780622030.011038,2375,INSERT,OK,5,INSERT,-0.000148,-0.795988,1.209624,0.000964,0.802171,0.000173
1780622030.139390,2376,INSERT,OK,6,INSERTED,-0.000147,-0.795285,1.208279,0.000957,0.801444,0.000173
1780622030.292508,2377,INSERT,OK,5,INSERT,-0.000149,-0.796199,1.210081,0.000964,0.802390,0.000173
1780622030.370952,2378,INSERT,OK,4,HOVER_ABOVE_HOLE,-0.000150,-0.796558,1.210786,0.000966,0.802762,0.000173
1780622030.497228,2379,INSERT,OK,6,INSERTED,-0.000148,-0.795477,1.208647,0.000960,0.801639,0.000174
1780622030.585075,2380,INSERT,OK,5,INSERT,-0.000147,-0.796651,1.210838,0.000974,0.802850,0.000175
1780622030.712547,2381,INSERT,OK,6,INSERTED,-0.000149,-0.795270,1.208316,0.000954,0.801430,0.000173
1780622030.799717,2382,INSERT,OK,5,INSERT,-0.000156,-0.796341,1.210716,0.000948,0.802553,0.000172
1780622030.927529,2383,INSERT,OK,4,HOVER_ABOVE_HOLE,-0.000150,-0.796404,1.210490,0.000964,0.802604,0.000173
1780622031.035471,2384,INSERT,OK,5,INSERT,-0.000147,-0.795897,1.209393,0.000966,0.802073,0.000174
1780622031.146804,2385,INSERT,OK,5,INSERT,-0.000148,-0.796094,1.209814,0.000965,0.802278,0.000174
1780622031.252327,2386,INSERT,OK,4,HOVER_ABOVE_HOLE,-0.000150,-0.796436,1.210576,0.000963,0.802638,0.000173
1780622031.363250,2387,INSERT,OK,6,INSERTED,-0.000148,-0.795941,1.209540,0.000966,0.802117,0.000175
1780622031.468976,2388,INSERT,OK,6,INSERTED,-0.000148,-0.795385,1.208488,0.000958,0.801547,0.000173
1780622031.575838,2389,INSERT,OK,5,INSERT,-0.000149,-0.796602,1.210846,0.000968,0.802806,0.000174
1780622031.669635,2390,INSERT,OK,6,INSERTED,-0.000147,-0.795691,1.209016,0.000965,0.801857,0.000175
1780622031.792344,2391,INSERT,OK,5,INSERT,-0.000149,-0.796271,1.210221,0.000964,0.802466,0.000173
1780622031.882230,2392,INSERT,OK,5,INSERT,-0.000148,-0.796403,1.210403,0.000969,0.802598,0.000174
1780622032.008975,2393,INSERT,OK,5,INSERT,-0.000147,-0.796117,1.209828,0.000967,0.802301,0.000174
1780622032.098412,2394,INSERT,OK,4,HOVER_ABOVE_HOLE,-0.000151,-0.796546,1.210820,0.000963,0.802753,0.000173
1780622032.218312,2395,INSERT,OK,6,INSERTED,-0.000149,-0.795517,1.208778,0.000958,0.801682,0.000174
1780622032.311909,2396,INSERT,OK,6,INSERTED,-0.000149,-0.795492,1.208727,0.000958,0.801656,0.000174
1780622032.462243,2397,INSERT,OK,5,INSERT,-0.000148,-0.796250,1.210140,0.000966,0.802442,0.000173
1780622032.529112,2398,INSERT,OK,5,INSERT,-0.000148,-0.796229,1.210097,0.000965,0.802420,0.000173
1780622032.652197,2399,INSERT,OK,5,INSERT,-0.000147,-0.796369,1.210307,0.000970,0.802560,0.000174
1780622032.744841,2400,INSERT,OK,5,INSERT,-0.000149,-0.796489,1.210619,0.000967,0.802690,0.000174
1780622032.896384,2401,INSERT,OK,6,INSERTED,-0.000151,-0.795543,1.208911,0.000956,0.801712,0.000174
1780622032.968875,2402,INSERT,OK,5,INSERT,-0.000149,-0.795640,1.209051,0.000955,0.801818,0.000172
1780622033.091895,2403,INSERT,OK,5,INSERT,-0.000148,-0.796055,1.209749,0.000965,0.802239,0.000173
1780622033.192249,2404,INSERT,OK,6,INSERTED,-0.000148,-0.795064,1.207903,0.000953,0.801216,0.000173
1780622033.316652,2405,INSERT,OK,5,INSERT,-0.000149,-0.796576,1.210787,0.000968,0.802779,0.000174
1780622033.418937,2406,INSERT,OK,5,INSERT,-0.000147,-0.795716,1.209088,0.000962,0.801888,0.000173
1780622033.534997,2407,INSERT,OK,5,INSERT,-0.000148,-0.795778,1.209268,0.000958,0.801957,0.000172
1780622033.625582,2408,INSERT,OK,4,HOVER_ABOVE_HOLE,-0.000150,-0.796478,1.210630,0.000965,0.802680,0.000173
1780622033.751014,2409,INSERT,OK,6,INSERTED,-0.000149,-0.795665,1.209046,0.000962,0.801832,0.000175
1780622033.866886,2410,INSERT,OK,5,INSERT,-0.000148,-0.796271,1.210167,0.000966,0.802463,0.000174
1780622033.953455,2411,INSERT,OK,4,HOVER_ABOVE_HOLE,-0.000148,-0.796311,1.210248,0.000967,0.802504,0.000174
1780622034.075146,2412,INSERT,OK,6,INSERTED,-0.000149,-0.795764,1.209222,0.000962,0.801935,0.000175
1780622034.161897,2413,INSERT,OK,5,INSERT,-0.000149,-0.796240,1.210137,0.000964,0.802432,0.000173
1780622034.287586,2414,INSERT,OK,6,INSERTED,-0.000148,-0.795589,1.208898,0.000959,0.801758,0.000173
1780622034.389153,2415,INSERT,OK,6,INSERTED,-0.000148,-0.795459,1.208650,0.000958,0.801623,0.000173
1780622034.510311,2416,INSERT,OK,4,HOVER_ABOVE_HOLE,-0.000148,-0.796044,1.209753,0.000963,0.802230,0.000173
1780622034.590133,2417,INSERT,OK,6,INSERTED,-0.000149,-0.795388,1.208575,0.000954,0.801553,0.000173
1780622034.713648,2418,INSERT,OK,5,INSERT,-0.000149,-0.796444,1.210551,0.000966,0.802644,0.000173
1780622034.804694,2419,INSERT,OK,5,INSERT,-0.000148,-0.796223,1.210093,0.000965,0.802414,0.000173
1780622034.924583,2420,INSERT,OK,6,INSERTED,-0.000149,-0.795663,1.209064,0.000959,0.801833,0.000174
1780622035.016107,2421,INSERT,OK,4,HOVER_ABOVE_HOLE,-0.000149,-0.796041,1.209771,0.000961,0.802228,0.000173
1780622035.137641,2422,INSERT,OK,6,INSERTED,-0.000148,-0.795711,1.209108,0.000962,0.801880,0.000174
1780622035.234286,2423,INSERT,OK,6,INSERTED,-0.000149,-0.795839,1.209395,0.000962,0.802014,0.000175
1780622035.356705,2424,INSERT,OK,5,INSERT,-0.000149,-0.796504,1.210627,0.000968,0.802704,0.000174
1780622035.447924,2425,INSERT,OK,6,INSERTED,-0.000147,-0.795593,1.208848,0.000961,0.801760,0.000173
1780622035.575019,2426,INSERT,OK,5,INSERT,-0.000148,-0.795757,1.209220,0.000959,0.801934,0.000172
1780622035.669761,2427,INSERT,OK,4,HOVER_ABOVE_HOLE,-0.000149,-0.795988,1.209709,0.000959,0.802176,0.000172
1780622035.795700,2428,INSERT,OK,6,INSERTED,-0.000149,-0.795821,1.209343,0.000963,0.801994,0.000175
1780622035.881657,2429,INSERT,OK,6,INSERTED,-0.000152,-0.796427,1.210622,0.000964,0.802626,0.000175
1780622036.007399,2430,INSERT,OK,5,INSERT,-0.000148,-0.795954,1.209567,0.000963,0.802136,0.000173
1780622036.103370,2431,INSERT,OK,6,INSERTED,-0.000148,-0.795585,1.208897,0.000959,0.801754,0.000173
1780622036.230366,2432,INSERT,OK,5,INSERT,-0.000149,-0.796220,1.210145,0.000962,0.802414,0.000173
1780622036.327119,2433,INSERT,OK,6,INSERTED,-0.000152,-0.796184,1.210181,0.000959,0.802378,0.000174
1780622036.467518,2434,INSERT,OK,5,INSERT,-0.000148,-0.795976,1.209628,0.000962,0.802160,0.000173
1780622036.539050,2435,INSERT,OK,5,INSERT,-0.000149,-0.796075,1.209830,0.000962,0.802262,0.000173
1780622036.674614,2436,INSERT,OK,6,INSERTED,-0.000148,-0.795596,1.208894,0.000961,0.801762,0.000175
1780622036.767942,2437,INSERT,OK,5,INSERT,-0.000146,-0.795685,1.208981,0.000964,0.801854,0.000174
1780622036.896353,2438,INSERT,OK,5,INSERT,-0.000148,-0.796169,1.209959,0.000966,0.802357,0.000174
1780622036.987215,2439,INSERT,OK,6,INSERTED,-0.000150,-0.796046,1.209803,0.000964,0.802228,0.000175
1780622037.116302,2440,INSERT,OK,5,INSERT,-0.000148,-0.796554,1.210713,0.000970,0.802754,0.000174
1780622037.204664,2441,INSERT,OK,4,HOVER_ABOVE_HOLE,-0.000149,-0.796268,1.210201,0.000964,0.802462,0.000173
1780622037.329923,2442,INSERT,OK,6,INSERTED,-0.000150,-0.795428,1.208680,0.000955,0.801592,0.000174
1780622037.455204,2443,INSERT,OK,5,INSERT,-0.000149,-0.796422,1.210498,0.000967,0.802619,0.000174
1780622037.560707,2444,INSERT,OK,6,INSERTED,-0.000149,-0.795944,1.209588,0.000964,0.802121,0.000175
1780622037.662096,2445,INSERT,OK,5,INSERT,-0.000148,-0.796227,1.210052,0.000968,0.802415,0.000174
1780622037.750427,2446,INSERT,OK,5,INSERT,-0.000150,-0.796565,1.210794,0.000966,0.802769,0.000173
1780622037.878618,2447,INSERT,OK,6,INSERTED,-0.000150,-0.795622,1.209013,0.000958,0.801793,0.000174
1780622037.967408,2448,INSERT,OK,5,INSERT,-0.000148,-0.796145,1.209916,0.000966,0.802332,0.000173
1780622038.092158,2449,INSERT,OK,6,INSERTED,-0.000149,-0.795794,1.209276,0.000963,0.801967,0.000175
1780622038.183475,2450,INSERT,OK,5,INSERT,-0.000149,-0.796691,1.210996,0.000970,0.802896,0.000174
1780622038.311183,2451,INSERT,OK,6,INSERTED,-0.000149,-0.795872,1.209461,0.000962,0.802050,0.000174
1780622038.410222,2452,INSERT,OK,5,INSERT,-0.000149,-0.795933,1.209588,0.000959,0.802118,0.000172
1780622038.545687,2453,INSERT,OK,5,INSERT,-0.000148,-0.796114,1.209884,0.000964,0.802302,0.000173
1780622038.622547,2454,INSERT,OK,6,INSERTED,-0.000153,-0.796585,1.210965,0.000964,0.802790,0.000175
1780622038.746217,2455,INSERT,OK,5,INSERT,-0.000152,-0.795911,1.209692,0.000953,0.802100,0.000172
1780622038.854847,2456,INSERT,OK,5,INSERT,-0.000146,-0.795685,1.208982,0.000964,0.801853,0.000174
1780622038.991556,2457,INSERT,OK,5,INSERT,-0.000148,-0.795862,1.209399,0.000961,0.802042,0.000173
1780622039.079881,2458,INSERT,OK,4,HOVER_ABOVE_HOLE,-0.000149,-0.796339,1.210316,0.000966,0.802534,0.000173
1780622039.202274,2459,INSERT,OK,6,INSERTED,-0.000150,-0.795892,1.209550,0.000960,0.802071,0.000175
1780622039.294420,2460,INSERT,OK,6,INSERTED,-0.000151,-0.795999,1.209770,0.000961,0.802182,0.000175
1780622039.423128,2461,INSERT,OK,6,INSERTED,-0.000146,-0.795620,1.208857,0.000964,0.801785,0.000174
1780622039.525678,2462,INSERT,OK,6,INSERTED,-0.000150,-0.795283,1.208418,0.000951,0.801445,0.000173
1780622039.648011,2463,INSERT,OK,5,INSERT,-0.000149,-0.796097,1.209897,0.000961,0.802287,0.000173
1780622039.755752,2464,INSERT,OK,6,INSERTED,-0.000147,-0.795669,1.208975,0.000964,0.801835,0.000175
1780622039.874399,2465,INSERT,OK,5,INSERT,-0.000148,-0.796289,1.210209,0.000966,0.802481,0.000174
1780622039.958020,2466,INSERT,OK,5,INSERT,-0.000147,-0.795126,1.207968,0.000954,0.801280,0.000172
1780622040.106368,2467,INSERT,OK,5,INSERT,-0.000150,-0.796630,1.210923,0.000967,0.802837,0.000174
1780622040.191536,2468,INSERT,OK,5,INSERT,-0.000150,-0.796369,1.210420,0.000966,0.802564,0.000174
1780622040.326946,2469,INSERT,OK,5,INSERT,-0.000152,-0.795937,1.209709,0.000956,0.802124,0.000173
1780622040.411951,2470,INSERT,OK,5,INSERT,-0.000148,-0.795996,1.209675,0.000961,0.802181,0.000173
1780622040.541461,2471,INSERT,OK,6,INSERTED,-0.000153,-0.796639,1.211098,0.000963,0.802848,0.000175
1780622040.633732,2472,INSERT,OK,5,INSERT,-0.000149,-0.795798,1.209315,0.000958,0.801978,0.000172
1780622040.747644,2473,INSERT,OK,5,INSERT,-0.000147,-0.796120,1.209807,0.000969,0.802302,0.000174
1780622040.835661,2474,INSERT,OK,6,INSERTED,-0.000149,-0.795854,1.209422,0.000962,0.802030,0.000175
1780622040.971612,2475,INSERT,OK,5,INSERT,-0.000148,-0.796360,1.210323,0.000968,0.802553,0.000174
1780622041.105497,2476,INSERT,OK,5,INSERT,-0.000148,-0.796095,1.209819,0.000965,0.802280,0.000174
1780622041.200632,2477,INSERT,OK,5,INSERT,-0.000148,-0.796332,1.210291,0.000967,0.802526,0.000174
1780622041.309870,2478,INSERT,OK,6,INSERTED,-0.000151,-0.795058,1.208017,0.000947,0.801214,0.000173
1780622041.401941,2479,INSERT,OK,5,INSERT,-0.000148,-0.795996,1.209659,0.000962,0.802180,0.000173
1780622041.523841,2480,INSERT,OK,6,INSERTED,-0.000148,-0.795285,1.208311,0.000956,0.801443,0.000173
1780622041.621972,2481,INSERT,OK,6,INSERTED,-0.000149,-0.795284,1.208369,0.000952,0.801448,0.000172
1780622041.749034,2482,INSERT,OK,5,INSERT,-0.000148,-0.796056,1.209765,0.000963,0.802241,0.000173
1780622041.841894,2483,INSERT,OK,6,INSERTED,-0.000148,-0.795894,1.209440,0.000966,0.802068,0.000175
1780622041.977611,2484,INSERT,OK,5,INSERT,-0.000149,-0.796322,1.210285,0.000966,0.802517,0.000173
1780622042.059435,2485,INSERT,OK,5,INSERT,-0.000148,-0.795937,1.209555,0.000961,0.802120,0.000173
1780622042.180678,2486,INSERT,OK,5,INSERT,-0.000148,-0.796321,1.210242,0.000968,0.802513,0.000174
1780622042.279577,2487,INSERT,OK,4,HOVER_ABOVE_HOLE,-0.000150,-0.796561,1.210819,0.000965,0.802768,0.000173
1780622042.406471,2488,INSERT,OK,5,INSERT,-0.000150,-0.795053,1.207969,0.000948,0.801210,0.000172
1780622042.506368,2489,INSERT,OK,6,INSERTED,-0.000145,-0.795502,1.208577,0.000965,0.801661,0.000174
1780622042.633062,2490,INSERT,OK,4,HOVER_ABOVE_HOLE,-0.000149,-0.796598,1.210839,0.000968,0.802802,0.000174
1780622042.724771,2491,INSERT,OK,6,INSERTED,-0.000148,-0.795519,1.208758,0.000959,0.801685,0.000173
1780622042.842487,2492,INSERT,OK,5,INSERT,-0.000149,-0.796129,1.209950,0.000962,0.802320,0.000173
1780622042.939161,2493,INSERT,OK,4,HOVER_ABOVE_HOLE,-0.000148,-0.796298,1.210194,0.000968,0.802489,0.000174
1780622043.063205,2494,INSERT,OK,6,INSERTED,-0.000148,-0.795933,1.209500,0.000967,0.802107,0.000176
1780622043.156868,2495,INSERT,OK,5,INSERT,-0.000148,-0.796162,1.209964,0.000965,0.802351,0.000173
1780622043.288316,2496,INSERT,OK,5,INSERT,-0.000148,-0.796365,1.210342,0.000968,0.802559,0.000174
1780622043.377441,2497,INSERT,OK,6,INSERTED,-0.000148,-0.795616,1.208925,0.000962,0.801781,0.000175
1780622043.517668,2498,INSERT,OK,5,INSERT,-0.000148,-0.796266,1.210137,0.000968,0.802456,0.000174
1780622043.633356,2499,INSERT,OK,4,HOVER_ABOVE_HOLE,-0.000148,-0.796297,1.210227,0.000966,0.802490,0.000173
1780622043.757762,2500,INSERT,OK,6,INSERTED,-0.000149,-0.795550,1.208838,0.000959,0.801716,0.000174
1780622043.850041,2501,INSERT,OK,6,INSERTED,-0.000148,-0.795294,1.208311,0.000957,0.801452,0.000173
1780622043.975194,2502,INSERT,OK,4,HOVER_ABOVE_HOLE,-0.000149,-0.796004,1.209710,0.000960,0.802191,0.000173
1780622044.071029,2503,INSERT,OK,6,INSERTED,-0.000151,-0.795600,1.209043,0.000954,0.801772,0.000174
1780622044.206139,2504,INSERT,OK,5,INSERT,-0.000148,-0.796100,1.209817,0.000966,0.802284,0.000174
1780622044.298241,2505,INSERT,OK,4,HOVER_ABOVE_HOLE,-0.000149,-0.796278,1.210223,0.000964,0.802472,0.000173
1780622044.423414,2506,INSERT,OK,6,INSERTED,-0.000148,-0.795596,1.208867,0.000963,0.801760,0.000175
1780622044.519786,2507,INSERT,OK,5,INSERT,-0.000147,-0.796313,1.210208,0.000969,0.802503,0.000174
1780622044.650583,2508,INSERT,OK,5,INSERT,-0.000148,-0.796443,1.210495,0.000969,0.802640,0.000174
1780622044.783300,2509,INSERT,OK,6,INSERTED,-0.000147,-0.795368,1.208426,0.000959,0.801527,0.000174
1780622044.866945,2510,INSERT,OK,4,HOVER_ABOVE_HOLE,-0.000148,-0.796179,1.210002,0.000965,0.802369,0.000173
1780622044.991991,2511,INSERT,OK,6,INSERTED,-0.000148,-0.795752,1.209154,0.000966,0.801919,0.000176
1780622045.082365,2512,INSERT,OK,6,INSERTED,-0.000148,-0.795479,1.208666,0.000959,0.801642,0.000174
1780622045.212342,2513,INSERT,OK,5,INSERT,-0.000147,-0.796263,1.210114,0.000968,0.802451,0.000174
1780622045.295912,2514,INSERT,OK,6,INSERTED,-0.000150,-0.795709,1.209169,0.000960,0.801880,0.000175
1780622045.449855,2515,INSERT,OK,5,INSERT,-0.000149,-0.796278,1.210254,0.000963,0.802473,0.000173
1780622045.514647,2516,INSERT,OK,6,INSERTED,-0.000148,-0.795422,1.208571,0.000958,0.801584,0.000174
1780622045.642236,2517,INSERT,OK,5,INSERT,-0.000148,-0.795746,1.209164,0.000960,0.801921,0.000173
1780622045.738640,2518,INSERT,OK,5,INSERT,-0.000148,-0.796105,1.209855,0.000964,0.802291,0.000173
1780622045.857603,2519,INSERT,OK,5,INSERT,-0.000148,-0.796316,1.210246,0.000968,0.802508,0.000174
1780622045.949706,2520,INSERT,OK,5,INSERT,-0.000148,-0.795916,1.209527,0.000960,0.802099,0.000172
1780622046.069974,2521,INSERT,OK,5,INSERT,-0.000148,-0.795705,1.209091,0.000960,0.801878,0.000173
1780622046.167893,2522,INSERT,OK,4,HOVER_ABOVE_HOLE,-0.000149,-0.795862,1.209445,0.000958,0.802045,0.000172
1780622046.326500,2523,INSERT,OK,5,INSERT,-0.000152,-0.795912,1.209688,0.000954,0.802100,0.000173
1780622046.384344,2524,INSERT,OK,5,INSERT,-0.000148,-0.796279,1.210171,0.000967,0.802470,0.000174
1780622046.516483,2525,INSERT,OK,5,INSERT,-0.000148,-0.795579,1.208843,0.000959,0.801748,0.000173
1780622046.625385,2526,INSERT,OK,6,INSERTED,-0.000149,-0.795856,1.209432,0.000962,0.802032,0.000175
1780622046.748741,2527,INSERT,OK,5,INSERT,-0.000149,-0.796577,1.210808,0.000967,0.802781,0.000173
1780622046.839990,2528,INSERT,OK,5,INSERT,-0.000147,-0.795615,1.208896,0.000961,0.801784,0.000173
1780622046.959969,2529,INSERT,OK,5,INSERT,-0.000148,-0.796355,1.210312,0.000968,0.802548,0.000174
1780622047.061064,2530,INSERT,OK,4,HOVER_ABOVE_HOLE,-0.000149,-0.795614,1.208972,0.000956,0.801789,0.000172
1780622047.180715,2531,INSERT,OK,6,INSERTED,-0.000148,-0.795603,1.208889,0.000962,0.801769,0.000174
1780622047.279116,2532,INSERT,OK,5,INSERT,-0.000149,-0.796026,1.209748,0.000961,0.802213,0.000173
1780622047.398758,2533,INSERT,OK,6,INSERTED,-0.000147,-0.795446,1.208565,0.000961,0.801606,0.000174
1780622047.491296,2534,INSERT,OK,6,INSERTED,-0.000147,-0.795452,1.208579,0.000961,0.801613,0.000174
1780622047.638425,2535,INSERT,OK,6,INSERTED,-0.000147,-0.795277,1.208255,0.000957,0.801435,0.000173
1780622047.719546,2536,INSERT,OK,5,INSERT,-0.000147,-0.796092,1.209761,0.000968,0.802274,0.000174
1780622047.849539,2537,INSERT,OK,5,INSERT,-0.000147,-0.796113,1.209824,0.000967,0.802296,0.000174
1780622047.945748,2538,INSERT,OK,6,INSERTED,-0.000149,-0.795768,1.209249,0.000962,0.801941,0.000174
1780622048.062371,2539,INSERT,OK,5,INSERT,-0.000148,-0.796264,1.210161,0.000966,0.802456,0.000173
1780622048.151946,2540,INSERT,OK,5,INSERT,-0.000148,-0.796259,1.210149,0.000966,0.802450,0.000173
1780622048.275996,2541,INSERT,OK,5,INSERT,-0.000148,-0.796135,1.209903,0.000965,0.802322,0.000174
1780622048.406973,2542,INSERT,OK,5,INSERT,-0.000147,-0.796022,1.209666,0.000965,0.802204,0.000174
1780622048.496362,2543,INSERT,OK,6,INSERTED,-0.000150,-0.796093,1.209887,0.000965,0.802276,0.000175
1780622048.626126,2544,INSERT,OK,5,INSERT,-0.000150,-0.796632,1.210919,0.000968,0.802838,0.000174
1780622048.742411,2545,INSERT,OK,6,INSERTED,-0.000149,-0.795890,1.209500,0.000962,0.802068,0.000174
1780622048.842296,2546,INSERT,OK,5,INSERT,-0.000149,-0.795882,1.209465,0.000960,0.802065,0.000172
1780622048.932942,2547,INSERT,OK,5,INSERT,-0.000147,-0.795721,1.209054,0.000964,0.801890,0.000174
1780622049.056156,2548,INSERT,OK,5,INSERT,-0.000149,-0.796451,1.210561,0.000966,0.802651,0.000173
1780622049.143901,2549,INSERT,OK,5,INSERT,-0.000148,-0.796126,1.209916,0.000964,0.802314,0.000173
1780622049.286179,2550,INSERT,OK,5,INSERT,-0.000148,-0.796275,1.210178,0.000967,0.802467,0.000174
1780622049.358400,2551,INSERT,OK,5,INSERT,-0.000148,-0.796326,1.210285,0.000967,0.802520,0.000174
1780622049.479754,2552,INSERT,OK,6,INSERTED,-0.000152,-0.796370,1.210498,0.000965,0.802564,0.000175
1780622049.569009,2553,INSERT,OK,5,INSERT,-0.000149,-0.796390,1.210419,0.000966,0.802586,0.000173
1780622049.712007,2554,INSERT,OK,6,INSERTED,-0.000147,-0.795432,1.208543,0.000960,0.801592,0.000174
1780622049.797098,2555,INSERT,OK,6,INSERTED,-0.000149,-0.796012,1.209687,0.000967,0.802189,0.000176
1780622049.913280,2556,INSERT,OK,5,INSERT,-0.000149,-0.797036,1.211660,0.000974,0.803252,0.000175
1780622049.999650,2557,INSERT,OK,6,INSERTED,-0.000148,-0.795261,1.208261,0.000956,0.801418,0.000173
1780622050.124678,2558,INSERT,OK,4,HOVER_ABOVE_HOLE,-0.000149,-0.795869,1.209443,0.000959,0.802051,0.000172
1780622050.217125,2559,INSERT,OK,5,INSERT,-0.000148,-0.796423,1.210461,0.000968,0.802619,0.000174
1780622050.339822,2560,INSERT,OK,6,INSERTED,-0.000148,-0.795613,1.208934,0.000961,0.801780,0.000174
1780622050.433058,2561,INSERT,OK,6,INSERTED,-0.000149,-0.795755,1.209227,0.000961,0.801928,0.000174
1780622050.555783,2562,INSERT,OK,6,INSERTED,-0.000146,-0.795525,1.208680,0.000962,0.801688,0.000174
1780622050.652460,2563,INSERT,OK,6,INSERTED,-0.000148,-0.795504,1.208687,0.000961,0.801666,0.000174
1780622050.780894,2564,INSERT,OK,5,INSERT,-0.000150,-0.796629,1.210932,0.000966,0.802836,0.000173
1780622050.883047,2565,INSERT,OK,5,INSERT,-0.000149,-0.795891,1.209498,0.000959,0.802074,0.000172
1780622051.002517,2566,INSERT,OK,5,INSERT,-0.000146,-0.795704,1.209007,0.000965,0.801873,0.000174
1780622051.098474,2567,INSERT,OK,5,INSERT,-0.000149,-0.796018,1.209732,0.000961,0.802205,0.000173
1780622051.223397,2568,INSERT,OK,6,INSERTED,-0.000150,-0.796005,1.209736,0.000962,0.802188,0.000174
1780622051.319813,2569,INSERT,OK,6,INSERTED,-0.000147,-0.795469,1.208592,0.000962,0.801628,0.000174
1780622051.468630,2570,INSERT,OK,4,HOVER_ABOVE_HOLE,-0.000149,-0.796195,1.210066,0.000963,0.802387,0.000173
1780622051.535739,2571,INSERT,OK,6,INSERTED,-0.000149,-0.795816,1.209321,0.000964,0.801988,0.000175
1780622051.661248,2572,INSERT,OK,4,HOVER_ABOVE_HOLE,-0.000149,-0.795720,1.209183,0.000956,0.801898,0.000172
1780622051.760533,2573,INSERT,OK,5,INSERT,-0.000149,-0.795771,1.209271,0.000958,0.801951,0.000172
1780622051.900452,2574,INSERT,OK,6,INSERTED,-0.000149,-0.796014,1.209699,0.000966,0.802193,0.000175
1780622052.006903,2575,INSERT,OK,5,INSERT,-0.000148,-0.796344,1.210311,0.000967,0.802537,0.000174
1780622052.102492,2576,INSERT,OK,6,INSERTED,-0.000149,-0.795083,1.207981,0.000951,0.801238,0.000172
1780622052.224667,2577,INSERT,OK,6,INSERTED,-0.000150,-0.795247,1.208318,0.000951,0.801409,0.000172
1780622052.314247,2578,INSERT,OK,5,INSERT,-0.000149,-0.796631,1.210896,0.000969,0.802836,0.000174
1780622052.446751,2579,INSERT,OK,6,INSERTED,-0.000147,-0.795376,1.208416,0.000961,0.801532,0.000174
1780622052.567293,2580,INSERT,OK,5,INSERT,-0.000149,-0.796118,1.209907,0.000963,0.802307,0.000173
1780622052.661299,2581,INSERT,OK,6,INSERTED,-0.000151,-0.796128,1.210007,0.000964,0.802313,0.000176
1780622052.750976,2582,INSERT,OK,6,INSERTED,-0.000152,-0.796227,1.210250,0.000961,0.802419,0.000174
1780622052.880519,2583,INSERT,OK,4,HOVER_ABOVE_HOLE,-0.000148,-0.796233,1.210100,0.000966,0.802423,0.000173
1780622052.970114,2584,INSERT,OK,5,INSERT,-0.000147,-0.796287,1.210137,0.000970,0.802475,0.000174
1780622053.116021,2585,INSERT,OK,6,INSERTED,-0.000148,-0.795677,1.209035,0.000961,0.801848,0.000174
1780622053.191843,2586,INSERT,OK,5,INSERT,-0.000149,-0.796622,1.210878,0.000968,0.802826,0.000174
1780622053.328844,2587,INSERT,OK,5,INSERT,-0.000148,-0.795037,1.207852,0.000952,0.801188,0.000173
1780622053.407638,2588,INSERT,OK,5,INSERT,-0.000147,-0.796324,1.210217,0.000970,0.802513,0.000174
1780622053.542167,2589,INSERT,OK,6,INSERTED,-0.000150,-0.795878,1.209533,0.000958,0.802060,0.000173
1780622053.627470,2590,INSERT,OK,6,INSERTED,-0.000152,-0.796420,1.210616,0.000964,0.802618,0.000175
1780622053.754649,2591,INSERT,OK,4,HOVER_ABOVE_HOLE,-0.000148,-0.796205,1.210053,0.000965,0.802396,0.000173
1780622053.840582,2592,INSERT,OK,6,INSERTED,-0.000146,-0.795500,1.208606,0.000963,0.801661,0.000174
1780622053.963047,2593,INSERT,OK,5,INSERT,-0.000149,-0.796634,1.210911,0.000968,0.802840,0.000174
1780622054.054532,2594,INSERT,OK,5,INSERT,-0.000150,-0.796490,1.210664,0.000965,0.802693,0.000173
1780622054.178902,2595,INSERT,OK,6,INSERTED,-0.000148,-0.795631,1.208960,0.000960,0.801800,0.000174
1780622054.271640,2596,INSERT,OK,4,HOVER_ABOVE_HOLE,-0.000149,-0.795860,1.209450,0.000958,0.802043,0.000172
1780622054.397867,2597,INSERT,OK,6,INSERTED,-0.000150,-0.795533,1.208844,0.000957,0.801701,0.000174
1780622054.486277,2598,INSERT,OK,6,INSERTED,-0.000147,-0.795310,1.208304,0.000959,0.801465,0.000174
1780622054.616465,2599,INSERT,OK,5,INSERT,-0.000147,-0.796307,1.210194,0.000969,0.802497,0.000174
1780622054.713185,2600,INSERT,OK,5,INSERT,-0.000148,-0.795950,1.209547,0.000964,0.802130,0.000173
1780622054.828118,2601,INSERT,OK,6,INSERTED,-0.000146,-0.795686,1.208947,0.000966,0.801851,0.000174
1780622054.918611,2602,INSERT,OK,4,HOVER_ABOVE_HOLE,-0.000149,-0.796097,1.209877,0.000962,0.802286,0.000173
1780622055.046010,2603,INSERT,OK,6,INSERTED,-0.000148,-0.795374,1.208462,0.000958,0.801534,0.000174
1780622055.144653,2604,INSERT,OK,5,INSERT,-0.000149,-0.795197,1.208189,0.000952,0.801356,0.000173
1780622055.263611,2605,INSERT,OK,5,INSERT,-0.000150,-0.796393,1.210482,0.000964,0.802593,0.000173
1780622055.358358,2606,INSERT,OK,6,INSERTED,-0.000151,-0.796316,1.210396,0.000963,0.802511,0.000175
1780622055.487506,2607,INSERT,OK,5,INSERT,-0.000148,-0.796229,1.210097,0.000966,0.802420,0.000173
1780622055.612571,2608,INSERT,OK,6,INSERTED,-0.000147,-0.795326,1.208322,0.000959,0.801483,0.000173
1780622055.706403,2609,INSERT,OK,6,INSERTED,-0.000148,-0.795699,1.209071,0.000964,0.801866,0.000175
1780622055.841591,2610,INSERT,OK,5,INSERT,-0.000150,-0.796704,1.211068,0.000968,0.802913,0.000174
1780622055.926718,2611,INSERT,OK,6,INSERTED,-0.000147,-0.795111,1.207931,0.000956,0.801261,0.000173
1780622056.057184,2612,INSERT,OK,5,INSERT,-0.000148,-0.796094,1.209858,0.000963,0.802282,0.000173
1780622056.136567,2613,INSERT,OK,4,HOVER_ABOVE_HOLE,-0.000150,-0.796502,1.210704,0.000964,0.802707,0.000173
1780622056.290473,2614,INSERT,OK,6,INSERTED,-0.000146,-0.795260,1.208177,0.000959,0.801414,0.000173
1780622056.359055,2615,INSERT,OK,5,INSERT,-0.000149,-0.796113,1.209905,0.000962,0.802302,0.000173
1780622056.480195,2616,INSERT,OK,5,INSERT,-0.000147,-0.796600,1.210746,0.000973,0.802798,0.000175
1780622056.575308,2617,INSERT,OK,6,INSERTED,-0.000148,-0.795591,1.208863,0.000962,0.801756,0.000175
1780622056.713727,2618,INSERT,OK,5,INSERT,-0.000149,-0.796200,1.210068,0.000964,0.802391,0.000173
1780622056.795548,2619,INSERT,OK,6,INSERTED,-0.000148,-0.795656,1.209017,0.000960,0.801826,0.000174
1780622056.923602,2620,INSERT,OK,5,INSERT,-0.000147,-0.795764,1.209173,0.000962,0.801938,0.000173
1780622057.012150,2621,INSERT,OK,4,HOVER_ABOVE_HOLE,-0.000148,-0.796270,1.210178,0.000966,0.802462,0.000173
1780622057.131124,2622,INSERT,OK,6,INSERTED,-0.000149,-0.795993,1.209680,0.000965,0.802172,0.000175
1780622057.218854,2623,INSERT,OK,6,INSERTED,-0.000152,-0.796349,1.210495,0.000962,0.802547,0.000174
1780622057.347985,2624,INSERT,OK,5,INSERT,-0.000148,-0.796154,1.209972,0.000964,0.802343,0.000173
1780622057.443146,2625,INSERT,OK,6,INSERTED,-0.000147,-0.795130,1.207948,0.000958,0.801279,0.000174
1780622057.577571,2626,INSERT,OK,5,INSERT,-0.000150,-0.796338,1.210425,0.000961,0.802540,0.000172
1780622057.659261,2627,INSERT,OK,6,INSERTED,-0.000152,-0.796103,1.210027,0.000959,0.802293,0.000174
1780622057.784991,2628,INSERT,OK,5,INSERT,-0.000148,-0.796086,1.209812,0.000965,0.802272,0.000173
1780622057.877659,2629,INSERT,OK,5,INSERT,-0.000149,-0.796308,1.210267,0.000965,0.802502,0.000173
1780622057.999813,2630,INSERT,OK,6,INSERTED,-0.000149,-0.795646,1.209032,0.000960,0.801816,0.000174
1780622058.096613,2631,INSERT,OK,5,INSERT,-0.000149,-0.796376,1.210408,0.000967,0.802570,0.000174
1780622058.217768,2632,INSERT,OK,6,INSERTED,-0.000148,-0.795425,1.208573,0.000957,0.801589,0.000173
1780622058.309113,2633,INSERT,OK,5,INSERT,-0.000152,-0.795818,1.209499,0.000953,0.802003,0.000172
1780622058.437065,2634,INSERT,OK,5,INSERT,-0.000149,-0.796219,1.210150,0.000962,0.802413,0.000173
1780622058.523684,2635,INSERT,OK,6,INSERTED,-0.000148,-0.795537,1.208733,0.000964,0.801695,0.000176
1780622058.675414,2636,INSERT,OK,5,INSERT,-0.000147,-0.796033,1.209640,0.000968,0.802213,0.000174
1780622058.756357,2637,INSERT,OK,4,HOVER_ABOVE_HOLE,-0.000149,-0.796035,1.209762,0.000961,0.802222,0.000173
1780622058.875205,2638,INSERT,OK,6,INSERTED,-0.000149,-0.795966,1.209601,0.000966,0.802142,0.000175
1780622058.964154,2639,INSERT,OK,6,INSERTED,-0.000152,-0.796392,1.210568,0.000963,0.802590,0.000175
1780622059.092140,2640,INSERT,OK,4,HOVER_ABOVE_HOLE,-0.000148,-0.796221,1.210052,0.000967,0.802410,0.000174
1780622059.222183,2641,INSERT,OK,6,INSERTED,-0.000148,-0.795712,1.209118,0.000962,0.801882,0.000174
1780622059.314481,2642,INSERT,OK,5,INSERT,-0.000152,-0.795939,1.209715,0.000956,0.802126,0.000173
1780622059.449004,2643,INSERT,OK,6,INSERTED,-0.000149,-0.795448,1.208623,0.000960,0.801607,0.000175
1780622059.535387,2644,INSERT,OK,6,INSERTED,-0.000148,-0.795890,1.209419,0.000967,0.802062,0.000176
1780622059.658222,2645,INSERT,OK,5,INSERT,-0.000148,-0.796302,1.210212,0.000967,0.802493,0.000174
1780622059.766564,2646,INSERT,OK,5,INSERT,-0.000148,-0.796475,1.210560,0.000969,0.802673,0.000174
1780622059.875170,2647,INSERT,OK,6,INSERTED,-0.000148,-0.795815,1.209250,0.000968,0.801981,0.000176
1780622059.968502,2648,INSERT,OK,5,INSERT,-0.000148,-0.796356,1.210324,0.000968,0.802550,0.000174
1780622060.106456,2649,INSERT,OK,5,INSERT,-0.000149,-0.795281,1.208337,0.000954,0.801440,0.000173
1780622060.193821,2650,INSERT,OK,5,INSERT,-0.000149,-0.795213,1.208197,0.000954,0.801369,0.000173
1780622060.340237,2651,INSERT,OK,5,INSERT,-0.000148,-0.796379,1.210389,0.000967,0.802574,0.000174
1780622060.419015,2652,INSERT,OK,6,INSERTED,-0.000147,-0.795417,1.208501,0.000961,0.801575,0.000174
1780622060.559814,2653,INSERT,OK,4,HOVER_ABOVE_HOLE,-0.000148,-0.796264,1.210144,0.000967,0.802454,0.000174
1780622060.655898,2654,INSERT,OK,5,INSERT,-0.000147,-0.796358,1.210285,0.000970,0.802549,0.000174
1780622060.773281,2655,INSERT,OK,5,INSERT,-0.000148,-0.796205,1.210034,0.000966,0.802394,0.000174
1780622060.890962,2656,INSERT,OK,5,INSERT,-0.000149,-0.796209,1.210089,0.000964,0.802401,0.000173
1780622061.003795,2657,INSERT,OK,6,INSERTED,-0.000147,-0.795356,1.208394,0.000960,0.801513,0.000174
1780622061.099140,2658,INSERT,OK,5,INSERT,-0.000148,-0.796184,1.209995,0.000966,0.802372,0.000174
1780622061.223279,2659,INSERT,OK,5,INSERT,-0.000153,-0.796616,1.211054,0.000962,0.802825,0.000174
1780622061.314446,2660,INSERT,OK,6,INSERTED,-0.000152,-0.796494,1.210741,0.000966,0.802693,0.000176
1780622061.446277,2661,INSERT,OK,5,INSERT,-0.000148,-0.796206,1.210039,0.000966,0.802396,0.000174
1780622061.529495,2662,INSERT,OK,6,INSERTED,-0.000147,-0.795333,1.208360,0.000959,0.801491,0.000174
1780622061.659384,2663,INSERT,OK,5,INSERT,-0.000149,-0.796491,1.210627,0.000967,0.802692,0.000174
1780622061.756528,2664,INSERT,OK,6,INSERTED,-0.000149,-0.795614,1.208977,0.000958,0.801784,0.000174
1780622061.876614,2665,INSERT,OK,5,INSERT,-0.000148,-0.796149,1.209933,0.000965,0.802337,0.000173
1780622061.970340,2666,INSERT,OK,5,INSERT,-0.000149,-0.796488,1.210640,0.000966,0.802690,0.000173
1780622062.093333,2667,INSERT,OK,5,INSERT,-0.000149,-0.796537,1.210705,0.000968,0.802738,0.000174
1780622062.182408,2668,INSERT,OK,5,INSERT,-0.000148,-0.796045,1.209756,0.000963,0.802230,0.000173
1780622062.345470,2669,INSERT,OK,6,INSERTED,-0.000146,-0.795652,1.208898,0.000965,0.801817,0.000174
1780622062.410326,2670,INSERT,OK,5,INSERT,-0.000149,-0.796557,1.210736,0.000969,0.802758,0.000174
1780622062.537679,2671,INSERT,OK,6,INSERTED,-0.000148,-0.795665,1.209001,0.000963,0.801831,0.000175
1780622062.624406,2672,INSERT,OK,5,INSERT,-0.000148,-0.796054,1.209759,0.000964,0.802239,0.000173
1780622062.764007,2673,INSERT,OK,5,INSERT,-0.000148,-0.795814,1.209295,0.000962,0.801991,0.000173
1780622062.918090,2674,INSERT,OK,5,INSERT,-0.000148,-0.795889,1.209458,0.000961,0.802070,0.000173
1780622062.974741,2675,INSERT,OK,4,HOVER_ABOVE_HOLE,-0.000148,-0.796195,1.210040,0.000965,0.802386,0.000173
1780622063.111908,2676,INSERT,OK,6,INSERTED,-0.000148,-0.795234,1.208233,0.000954,0.801393,0.000173
1780622063.207583,2677,INSERT,OK,5,INSERT,-0.000148,-0.796287,1.210183,0.000968,0.802478,0.000174
1780622063.346115,2678,INSERT,OK,6,INSERTED,-0.000149,-0.795548,1.208867,0.000957,0.801717,0.000173
1780622063.419168,2679,INSERT,OK,6,INSERTED,-0.000147,-0.795312,1.208312,0.000959,0.801468,0.000174
1780622063.559963,2680,INSERT,OK,5,INSERT,-0.000149,-0.796591,1.210805,0.000969,0.802793,0.000174
1780622063.651115,2681,INSERT,OK,6,INSERTED,-0.000148,-0.795417,1.208535,0.000959,0.801578,0.000174
1780622063.775578,2682,INSERT,OK,5,INSERT,-0.000148,-0.796310,1.210238,0.000967,0.802502,0.000174
1780622063.869085,2683,INSERT,OK,5,INSERT,-0.000150,-0.796099,1.209966,0.000958,0.802293,0.000172
1780622063.994584,2684,INSERT,OK,6,INSERTED,-0.000150,-0.795645,1.209049,0.000959,0.801815,0.000174
1780622064.135758,2685,INSERT,OK,5,INSERT,-0.000146,-0.795860,1.209295,0.000967,0.802033,0.000174
1780622064.222372,2686,INSERT,OK,5,INSERT,-0.000148,-0.796388,1.210394,0.000968,0.802583,0.000174
1780622064.315639,2687,INSERT,OK,6,INSERTED,-0.000151,-0.796449,1.210641,0.000966,0.802646,0.000175
1780622064.446149,2688,INSERT,OK,6,INSERTED,-0.000149,-0.796425,1.210485,0.000968,0.802622,0.000174
1780622064.531727,2689,INSERT,OK,4,HOVER_ABOVE_HOLE,-0.000150,-0.796325,1.210366,0.000962,0.802524,0.000173
1780622064.657633,2690,INSERT,OK,6,INSERTED,-0.000148,-0.795761,1.209179,0.000965,0.801930,0.000175
1780622064.749176,2691,INSERT,OK,5,INSERT,-0.000148,-0.796115,1.209858,0.000965,0.802301,0.000174
1780622064.889360,2692,INSERT,OK,5,INSERT,-0.000148,-0.796296,1.210214,0.000967,0.802488,0.000174
1780622064.981552,2693,INSERT,OK,4,HOVER_ABOVE_HOLE,-0.000158,-0.796077,1.210304,0.000941,0.802286,0.000171
1780622065.087949,2694,INSERT,OK,4,HOVER_ABOVE_HOLE,-0.000149,-0.795671,1.209105,0.000955,0.801849,0.000172
1780622065.183187,2695,INSERT,OK,5,INSERT,-0.000148,-0.796103,1.209840,0.000965,0.802289,0.000173
1780622065.311664,2696,INSERT,OK,5,INSERT,-0.000148,-0.795870,1.209402,0.000962,0.802049,0.000173
1780622065.417249,2697,INSERT,OK,5,INSERT,-0.000150,-0.796742,1.211136,0.000968,0.802952,0.000174
1780622065.541069,2698,INSERT,OK,6,INSERTED,-0.000148,-0.795242,1.208219,0.000957,0.801397,0.000174
1780622065.645015,2699,INSERT,OK,5,INSERT,-0.000149,-0.796414,1.210475,0.000967,0.802611,0.000174
1780622065.774261,2700,INSERTED,OK,6,INSERTED,-0.000147,-0.795677,1.208980,0.000963,0.801846,0.000174
1780622065.885745,2701,INSERTED,OK,8,ABORT,-0.000147,-0.795339,1.208382,0.000958,0.801497,0.000174
1780622066.010186,2702,INSERTED,OK,5,INSERT,-0.000149,-0.796490,1.210619,0.000968,0.802690,0.000174
1780622066.091434,2703,INSERTED,OK,6,INSERTED,-0.000146,-0.795575,1.208786,0.000962,0.801741,0.000173
1780622066.226139,2704,INSERTED,OK,5,INSERT,-0.000149,-0.796382,1.210433,0.000965,0.802580,0.000173
1780622066.335249,2705,INSERTED,OK,5,INSERT,-0.000149,-0.796586,1.210821,0.000968,0.802790,0.000174
1780622066.454918,2706,INSERTED,OK,8,ABORT,-0.000147,-0.795367,1.208435,0.000959,0.801526,0.000174
1780622066.588891,2707,INSERTED,OK,5,INSERT,-0.000147,-0.796311,1.210214,0.000969,0.802502,0.000174
1780622066.675078,2708,INSERTED,OK,6,INSERTED,-0.000151,-0.795633,1.209092,0.000956,0.801806,0.000174
1780622066.807304,2709,INSERTED,OK,5,INSERT,-0.000148,-0.795816,1.209323,0.000960,0.801995,0.000173
1780622066.904795,2710,INSERTED,OK,5,INSERT,-0.000148,-0.796184,1.210035,0.000964,0.802376,0.000173
1780622067.042181,2711,INSERTED,OK,6,INSERTED,-0.000149,-0.795630,1.208991,0.000959,0.801799,0.000174
1780622067.140185,2712,INSERTED,OK,6,INSERTED,-0.000148,-0.796341,1.210289,0.000968,0.802534,0.000174
1780622067.256012,2713,INSERTED,OK,8,ABORT,-0.000149,-0.795392,1.208570,0.000956,0.801554,0.000174
1780622067.342731,2714,INSERTED,OK,5,INSERT,-0.000149,-0.796606,1.210858,0.000968,0.802811,0.000174
1780622067.464548,2715,INSERTED,OK,8,ABORT,-0.000149,-0.795879,1.209465,0.000962,0.802057,0.000174
1780622067.556687,2716,INSERTED,OK,6,INSERTED,-0.000147,-0.795864,1.209388,0.000962,0.802043,0.000173
1780622067.695454,2717,INSERTED,OK,6,INSERTED,-0.000148,-0.795223,1.208193,0.000955,0.801379,0.000173
1780622067.771923,2718,INSERTED,OK,6,INSERTED,-0.000149,-0.795861,1.209431,0.000963,0.802037,0.000174
1780622067.908697,2719,INSERTED,OK,6,INSERTED,-0.000147,-0.796043,1.209701,0.000966,0.802226,0.000174
1780622068.002077,2720,INSERTED,OK,8,ABORT,-0.000147,-0.795447,1.208572,0.000961,0.801608,0.000174
1780622068.127257,2721,INSERTED,OK,6,INSERTED,-0.000150,-0.796702,1.211074,0.000967,0.802911,0.000174
1780622068.228465,2722,INSERTED,OK,6,INSERTED,-0.000153,-0.796514,1.210871,0.000961,0.802720,0.000174
1780622068.349045,2723,INSERTED,OK,6,INSERTED,-0.000147,-0.796161,1.209922,0.000968,0.802347,0.000174
1780622068.441575,2724,INSERTED,OK,5,INSERT,-0.000149,-0.795827,1.209376,0.000958,0.802008,0.000172
1780622068.566699,2725,INSERTED,OK,8,ABORT,-0.000147,-0.795455,1.208583,0.000961,0.801616,0.000174
1780622068.661594,2726,INSERTED,OK,5,INSERT,-0.000148,-0.796148,1.209946,0.000965,0.802336,0.000173
1780622068.778178,2727,INSERTED,OK,8,ABORT,-0.000149,-0.795893,1.209493,0.000963,0.802070,0.000174
1780622068.867185,2728,INSERTED,OK,6,INSERTED,-0.000146,-0.795220,1.208122,0.000957,0.801375,0.000173
1780622069.011723,2729,INSERTED,OK,6,INSERTED,-0.000148,-0.796026,1.209739,0.000962,0.802212,0.000173
1780622069.113959,2730,INSERTED,OK,6,INSERTED,-0.000148,-0.795926,1.209536,0.000962,0.802109,0.000173
1780622069.255728,2731,INSERTED,OK,5,INSERT,-0.000149,-0.796505,1.210667,0.000967,0.802707,0.000173
1780622069.322820,2732,INSERTED,OK,5,INSERT,-0.000149,-0.796560,1.210758,0.000968,0.802762,0.000174
1780622069.450151,2733,INSERTED,OK,6,INSERTED,-0.000148,-0.796186,1.209995,0.000967,0.802374,0.000174
1780622069.546724,2734,INSERTED,OK,5,INSERT,-0.000148,-0.796192,1.210052,0.000964,0.802384,0.000173
1780622069.674117,2735,INSERTED,OK,8,ABORT,-0.000148,-0.795401,1.208533,0.000959,0.801561,0.000174
1780622069.769606,2736,INSERTED,OK,6,INSERTED,-0.000150,-0.795241,1.208307,0.000953,0.801400,0.000173
1780622069.919203,2737,INSERTED,OK,5,INSERT,-0.000150,-0.796498,1.210688,0.000965,0.802701,0.000173
1780622069.994581,2738,INSERTED,OK,8,ABORT,-0.000147,-0.795271,1.208264,0.000957,0.801428,0.000173
1780622070.125035,2739,INSERTED,OK,5,INSERT,-0.000148,-0.796001,1.209651,0.000964,0.802184,0.000173
1780622070.271954,2740,INSERTED,OK,6,INSERTED,-0.000148,-0.795328,1.208395,0.000956,0.801488,0.000173
1780622070.343473,2741,INSERTED,OK,6,INSERTED,-0.000151,-0.795859,1.209547,0.000956,0.802042,0.000173
1780622070.480650,2742,INSERTED,OK,5,INSERT,-0.000148,-0.796240,1.210122,0.000966,0.802431,0.000173
1780622070.576705,2743,INSERTED,OK,5,INSERT,-0.000148,-0.796193,1.210029,0.000965,0.802383,0.000173
1780622070.695885,2744,INSERTED,OK,6,INSERTED,-0.000148,-0.795719,1.209134,0.000962,0.801890,0.000174
1780622070.786771,2745,INSERTED,OK,6,INSERTED,-0.000149,-0.795866,1.209435,0.000963,0.802043,0.000174
1780622070.920203,2746,INSERTED,OK,8,ABORT,-0.000149,-0.795619,1.208985,0.000959,0.801789,0.000174
1780622071.014068,2747,INSERTED,OK,8,ABORT,-0.000147,-0.795346,1.208398,0.000959,0.801504,0.000174
1780622071.148385,2748,INSERTED,OK,5,INSERT,-0.000148,-0.795937,1.209575,0.000960,0.802121,0.000172
1780622071.232044,2749,INSERTED,OK,8,ABORT,-0.000149,-0.795772,1.209287,0.000960,0.801947,0.000174
1780622071.356049,2750,INSERTED,OK,5,INSERT,-0.000149,-0.796127,1.209947,0.000962,0.802318,0.000173
1780622071.447352,2751,INSERTED,OK,6,INSERTED,-0.000148,-0.796239,1.210112,0.000966,0.802430,0.000174
1780622071.568874,2752,INSERTED,OK,6,INSERTED,-0.000152,-0.796427,1.210647,0.000963,0.802627,0.000175
1780622071.663548,2753,INSERTED,OK,5,INSERT,-0.000150,-0.796572,1.210816,0.000966,0.802777,0.000173
1780622071.789184,2754,INSERTED,OK,5,INSERT,-0.000157,-0.795944,1.210011,0.000941,0.802148,0.000170
1780622071.880373,2755,INSERTED,OK,6,INSERTED,-0.000146,-0.795470,1.208580,0.000961,0.801632,0.000173
1780622072.000819,2756,INSERTED,OK,6,INSERTED,-0.000148,-0.796267,1.210175,0.000967,0.802457,0.000174
1780622072.100136,2757,INSERTED,OK,6,INSERTED,-0.000152,-0.796341,1.210460,0.000963,0.802537,0.000175
1780622072.219406,2758,INSERTED,OK,5,INSERT,-0.000148,-0.795961,1.209590,0.000962,0.802144,0.000173
1780622072.312526,2759,INSERTED,OK,6,INSERTED,-0.000147,-0.796331,1.210240,0.000970,0.802522,0.000174
1780622072.433512,2760,INSERTED,OK,6,INSERTED,-0.000150,-0.796417,1.210528,0.000967,0.802614,0.000175
1780622072.544823,2761,INSERTED,OK,5,INSERT,-0.000150,-0.796678,1.211039,0.000966,0.802888,0.000173
1780622072.654453,2762,INSERTED,OK,8,ABORT,-0.000148,-0.795624,1.208943,0.000961,0.801792,0.000174
1780622072.746734,2763,INSERTED,OK,6,INSERTED,-0.000148,-0.796202,1.210036,0.000966,0.802392,0.000174
1780622072.881512,2764,INSERTED,OK,6,INSERTED,-0.000147,-0.795812,1.209279,0.000962,0.801988,0.000173
1780622072.966274,2765,INSERTED,OK,6,INSERTED,-0.000147,-0.795756,1.209164,0.000962,0.801929,0.000173
1780622073.115555,2766,INSERTED,OK,5,INSERT,-0.000150,-0.796521,1.210719,0.000966,0.802725,0.000173
1780622073.204449,2767,INSERTED,OK,6,INSERTED,-0.000147,-0.795463,1.208591,0.000960,0.801625,0.000174
1780622073.325484,2768,INSERTED,OK,6,INSERTED,-0.000148,-0.796257,1.210138,0.000967,0.802448,0.000174
1780622073.415245,2769,INSERTED,OK,5,INSERT,-0.000150,-0.796573,1.210841,0.000965,0.802780,0.000173
1780622073.534762,2770,INSERTED,OK,8,ABORT,-0.000147,-0.795376,1.208433,0.000960,0.801534,0.000174
1780622073.625643,2771,INSERTED,OK,5,INSERT,-0.000148,-0.795929,1.209523,0.000962,0.802110,0.000173
1780622073.754383,2772,INSERTED,OK,6,INSERTED,-0.000150,-0.795816,1.209394,0.000959,0.801994,0.000174
1780622073.880644,2773,INSERTED,OK,6,INSERTED,-0.000149,-0.795800,1.209339,0.000961,0.801976,0.000174
1780622074.003628,2774,INSERTED,OK,6,INSERTED,-0.000150,-0.795930,1.209607,0.000961,0.802112,0.000174
1780622074.146340,2775,INSERTED,OK,8,ABORT,-0.000149,-0.795928,1.209537,0.000965,0.802105,0.000175
1780622074.256906,2776,INSERTED,OK,8,ABORT,-0.000149,-0.796040,1.209767,0.000965,0.802221,0.000175
1780622074.366005,2777,INSERTED,OK,6,INSERTED,-0.000149,-0.794972,1.207801,0.000948,0.801126,0.000172
1780622074.461851,2778,INSERTED,OK,6,INSERTED,-0.000147,-0.796042,1.209706,0.000966,0.802225,0.000174
1780622074.591690,2779,INSERTED,OK,5,INSERT,-0.000150,-0.796413,1.210533,0.000964,0.802615,0.000173
1780622074.699041,2780,INSERTED,OK,6,INSERTED,-0.000148,-0.795769,1.209224,0.000963,0.801940,0.000175
1780622074.817712,2781,INSERTED,OK,5,INSERT,-0.000148,-0.796210,1.210045,0.000966,0.802399,0.000174
1780622074.909316,2782,INSERTED,OK,5,INSERT,-0.000148,-0.796228,1.210083,0.000966,0.802418,0.000174
1780622075.031586,2783,INSERTED,OK,6,INSERTED,-0.000148,-0.795401,1.208527,0.000959,0.801561,0.000174
1780622075.121526,2784,INSERTED,OK,5,INSERT,-0.000148,-0.796012,1.209684,0.000963,0.802196,0.000173
1780622075.256545,2785,INSERTED,OK,6,INSERTED,-0.000152,-0.795775,1.209429,0.000953,0.801958,0.000172
1780622075.339405,2786,INSERTED,OK,8,ABORT,-0.000149,-0.795486,1.208713,0.000959,0.801649,0.000175
1780622075.476243,2787,INSERTED,OK,5,INSERT,-0.000148,-0.796120,1.209903,0.000964,0.802308,0.000173
1780622075.568623,2788,INSERTED,OK,6,INSERTED,-0.000149,-0.795380,1.208539,0.000956,0.801543,0.000174
1780622075.693668,2789,INSERTED,OK,6,INSERTED,-0.000147,-0.796119,1.209857,0.000966,0.802305,0.000174
1780622075.783840,2790,INSERTED,OK,5,INSERT,-0.000148,-0.796284,1.210185,0.000967,0.802476,0.000174
1780622075.910184,2791,INSERTED,OK,8,ABORT,-0.000148,-0.795833,1.209332,0.000965,0.802005,0.000175
1780622076.001568,2792,INSERTED,OK,8,ABORT,-0.000149,-0.795631,1.208992,0.000960,0.801801,0.000174
1780622076.156736,2793,INSERTED,OK,5,INSERT,-0.000149,-0.795642,1.209040,0.000955,0.801819,0.000172
1780622076.218370,2794,INSERTED,OK,8,ABORT,-0.000149,-0.796057,1.209788,0.000966,0.802238,0.000175
1780622076.349046,2795,INSERTED,OK,5,INSERT,-0.000148,-0.796178,1.210021,0.000964,0.802369,0.000173
1780622076.432307,2796,INSERTED,OK,5,INSERT,-0.000149,-0.796452,1.210539,0.000967,0.802651,0.000174
1780622076.580673,2797,INSERTED,OK,8,ABORT,-0.000149,-0.795893,1.209461,0.000966,0.802067,0.000176
1780622076.646550,2798,INSERTED,OK,6,INSERTED,-0.000152,-0.796474,1.210744,0.000963,0.802676,0.000175
1780622076.787646,2799,INSERTED,OK,6,INSERTED,-0.000147,-0.796091,1.209809,0.000965,0.802277,0.000173
1780622076.865998,2800,INSERTED,OK,8,ABORT,-0.000147,-0.795581,1.208836,0.000962,0.801745,0.000175
1780622077.005934,2801,INSERTED,OK,5,INSERT,-0.000149,-0.796549,1.210730,0.000968,0.802751,0.000174
1780622077.081959,2802,INSERTED,OK,5,INSERT,-0.000149,-0.796549,1.210742,0.000968,0.802752,0.000174
1780622077.219054,2803,INSERTED,OK,8,ABORT,-0.000148,-0.795746,1.209168,0.000964,0.801915,0.000175
1780622077.297118,2804,INSERTED,OK,6,INSERTED,-0.000148,-0.796584,1.210776,0.000970,0.802786,0.000174
1780622077.426397,2805,INSERTED,OK,5,INSERT,-0.000149,-0.796532,1.210733,0.000966,0.802735,0.000173
1780622077.567452,2806,INSERTED,OK,6,INSERTED,-0.000147,-0.795996,1.209585,0.000967,0.802175,0.000174
1780622077.680593,2807,INSERTED,OK,5,INSERT,-0.000148,-0.796403,1.210438,0.000967,0.802600,0.000174
1780622077.782153,2808,INSERTED,OK,8,ABORT,-0.000149,-0.796193,1.210058,0.000968,0.802378,0.000176
1780622077.879393,2809,INSERTED,OK,8,ABORT,-0.000147,-0.795240,1.208186,0.000958,0.801395,0.000174
1780622078.009066,2810,INSERTED,OK,5,INSERT,-0.000148,-0.796272,1.210170,0.000967,0.802464,0.000174
1780622078.097485,2811,INSERTED,OK,6,INSERTED,-0.000152,-0.796583,1.210938,0.000965,0.802787,0.000175
1780622078.218225,2812,INSERTED,OK,6,INSERTED,-0.000149,-0.796608,1.210862,0.000970,0.802809,0.000175
1780622078.326392,2813,INSERTED,OK,5,INSERT,-0.000149,-0.796438,1.210553,0.000965,0.802639,0.000173
1780622078.436246,2814,INSERTED,OK,8,ABORT,-0.000148,-0.795724,1.209126,0.000963,0.801894,0.000174
1780622078.528543,2815,INSERTED,OK,6,INSERTED,-0.000149,-0.796772,1.211183,0.000970,0.802982,0.000174
1780622078.658918,2816,INSERTED,OK,6,INSERTED,-0.000148,-0.796361,1.210360,0.000968,0.802555,0.000174
1780622078.744175,2817,INSERTED,OK,8,ABORT,-0.000147,-0.795574,1.208794,0.000964,0.801736,0.000175
1780622078.872951,2818,INSERTED,OK,5,INSERT,-0.000148,-0.796571,1.210751,0.000970,0.802772,0.000174
1780622078.961948,2819,INSERTED,OK,6,INSERTED,-0.000149,-0.795909,1.209517,0.000964,0.802085,0.000175
1780622079.108519,2820,INSERTED,OK,5,INSERT,-0.000148,-0.796028,1.209743,0.000962,0.802214,0.000173
1780622079.173117,2821,INSERTED,OK,6,INSERTED,-0.000148,-0.796260,1.210159,0.000966,0.802452,0.000174
1780622079.296232,2822,INSERTED,OK,6,INSERTED,-0.000152,-0.796486,1.210740,0.000965,0.802687,0.000175
1780622079.383889,2823,INSERTED,OK,5,INSERT,-0.000150,-0.796592,1.210868,0.000966,0.802798,0.000173
1780622079.545321,2824,INSERTED,OK,6,INSERTED,-0.000147,-0.796243,1.210063,0.000969,0.802431,0.000174
1780622079.627929,2825,INSERTED,OK,6,INSERTED,-0.000147,-0.796052,1.209718,0.000966,0.802234,0.000174
1780622079.778095,2826,INSERTED,OK,6,INSERTED,-0.000149,-0.796643,1.210938,0.000968,0.802849,0.000174
1780622079.898552,2827,INSERTED,OK,6,INSERTED,-0.000149,-0.796192,1.210049,0.000968,0.802375,0.000176
1780622080.048503,2828,INSERTED,OK,5,INSERT,-0.000148,-0.795939,1.209563,0.000961,0.802122,0.000173
1780622080.143582,2829,INSERTED,OK,6,INSERTED,-0.000147,-0.795898,1.209450,0.000963,0.802078,0.000173
1780622080.295740,2830,INSERTED,OK,6,INSERTED,-0.000148,-0.795068,1.207827,0.000960,0.801208,0.000176
1780622080.363938,2831,INSERTED,OK,3,SEARCH,-0.000154,-0.795596,1.209108,0.000952,0.801767,0.000175
1780622080.485223,2832,INSERTED,OK,8,ABORT,-0.000148,-0.795738,1.209134,0.000965,0.801906,0.000175
1780622080.575948,2833,INSERTED,OK,6,INSERTED,-0.000148,-0.795882,1.209424,0.000962,0.802062,0.000173
1780622080.720229,2834,INSERTED,OK,6,INSERTED,-0.000152,-0.796496,1.210774,0.000963,0.802699,0.000174
1780622080.815776,2835,INSERTED,OK,3,SEARCH,-0.000160,-0.796901,1.211818,0.000961,0.803116,0.000179
1780622080.951424,2836,INSERTED,OK,6,INSERTED,-0.000150,-0.796147,1.210050,0.000960,0.802338,0.000173
1780622081.055654,2837,INSERTED,OK,6,INSERTED,-0.000150,-0.795405,1.208628,0.000954,0.801571,0.000173
1780622081.177181,2838,INSERTED,OK,5,INSERT,-0.000148,-0.795993,1.209630,0.000964,0.802176,0.000173
1780622081.318406,2839,INSERTED,OK,6,INSERTED,-0.000149,-0.795853,1.209392,0.000965,0.802026,0.000175
1780622081.399825,2840,INSERTED,OK,6,INSERTED,-0.000147,-0.795902,1.209396,0.000970,0.802070,0.000177
1780622081.537888,2841,INSERTED,OK,6,INSERTED,-0.000148,-0.796013,1.209625,0.000970,0.802186,0.000177
1780622081.635777,2842,INSERTED,OK,6,INSERTED,-0.000151,-0.796053,1.209922,0.000958,0.802243,0.000173
1780622081.762409,2843,INSERTED,OK,5,INSERT,-0.000149,-0.795903,1.209516,0.000960,0.802086,0.000172
1780622081.851125,2844,INSERTED,OK,6,INSERTED,-0.000148,-0.796336,1.210296,0.000967,0.802530,0.000174
1780622081.973497,2845,INSERTED,OK,6,INSERTED,-0.000145,-0.795912,1.209361,0.000970,0.802084,0.000175
1780622082.067657,2846,INSERTED,OK,5,INSERT,-0.000149,-0.795722,1.209178,0.000957,0.801900,0.000172
1780622082.190396,2847,INSERTED,OK,6,INSERTED,-0.000152,-0.796330,1.210461,0.000962,0.802527,0.000174
1780622082.289565,2848,INSERTED,OK,6,INSERTED,-0.000152,-0.796303,1.210412,0.000961,0.802500,0.000174
1780622082.416700,2849,INSERTED,OK,6,INSERTED,-0.000148,-0.795957,1.209582,0.000963,0.802140,0.000173
1780622082.521592,2850,INSERTED,OK,6,INSERTED,-0.000147,-0.795498,1.208654,0.000962,0.801659,0.000174
1780622082.640790,2851,INSERTED,OK,5,INSERT,-0.000150,-0.796662,1.210986,0.000968,0.802869,0.000174
1780622082.735750,2852,INSERTED,OK,6,INSERTED,-0.000149,-0.795864,1.209448,0.000962,0.802041,0.000174
1780622082.858070,2853,INSERTED,OK,6,INSERTED,-0.000147,-0.796260,1.210091,0.000970,0.802448,0.000174
1780622082.955942,2854,INSERTED,OK,5,INSERT,-0.000150,-0.795580,1.208973,0.000952,0.801758,0.000171
1780622083.113831,2855,INSERTED,OK,6,INSERTED,-0.000151,-0.795329,1.208554,0.000951,0.801494,0.000173
1780622083.162127,2856,INSERTED,OK,6,INSERTED,-0.000148,-0.795928,1.209556,0.000960,0.802112,0.000172
1780622083.310878,2857,INSERTED,OK,6,INSERTED,-0.000151,-0.795328,1.208528,0.000950,0.801494,0.000173
1780622083.404141,2858,INSERTED,OK,6,INSERTED,-0.000147,-0.795419,1.208516,0.000961,0.801577,0.000175
1780622083.528023,2859,INSERTED,OK,5,INSERT,-0.000148,-0.796193,1.210049,0.000964,0.802384,0.000173
1780622083.635856,2860,INSERTED,OK,8,ABORT,-0.000148,-0.795720,1.209129,0.000963,0.801890,0.000175
1780622083.765901,2861,INSERTED,OK,8,ABORT,-0.000149,-0.795888,1.209499,0.000962,0.802066,0.000175
1780622083.841423,2862,INSERTED,OK,6,INSERTED,-0.000149,-0.795896,1.209515,0.000962,0.802074,0.000174
1780622083.959791,2863,INSERTED,OK,8,ABORT,-0.000149,-0.795818,1.209365,0.000961,0.801994,0.000174
1780622084.050304,2864,INSERTED,OK,5,INSERT,-0.000149,-0.796442,1.210551,0.000966,0.802643,0.000173
1780622084.178851,2865,INSERTED,OK,8,ABORT,-0.000147,-0.795269,1.208225,0.000959,0.801424,0.000174
1780622084.266839,2866,INSERTED,OK,6,INSERTED,-0.000151,-0.796224,1.210209,0.000963,0.802415,0.000175
1780622084.401362,2867,INSERTED,OK,5,INSERT,-0.000149,-0.796486,1.210643,0.000966,0.802688,0.000173
1780622084.492622,2868,INSERTED,OK,5,INSERT,-0.000153,-0.795584,1.209093,0.000950,0.801761,0.000173
1780622084.645653,2869,INSERTED,OK,6,INSERTED,-0.000147,-0.796213,1.210039,0.000967,0.802401,0.000174
1780622084.723561,2870,INSERTED,OK,6,INSERTED,-0.000149,-0.796542,1.210724,0.000968,0.802744,0.000174
1780622084.856924,2871,INSERTED,OK,6,INSERTED,-0.000147,-0.796241,1.210047,0.000970,0.802428,0.000174
1780622084.977200,2872,INSERTED,OK,6,INSERTED,-0.000152,-0.796541,1.210852,0.000964,0.802745,0.000175
1780622085.089476,2873,INSERTED,OK,8,ABORT,-0.000148,-0.795830,1.209309,0.000967,0.802000,0.000176
1780622085.226721,2874,INSERTED,OK,5,INSERT,-0.000149,-0.796526,1.210696,0.000967,0.802728,0.000174
1780622085.315583,2875,INSERTED,OK,5,INSERT,-0.000148,-0.796007,1.209658,0.000964,0.802190,0.000173
1780622085.438393,2876,INSERTED,OK,8,ABORT,-0.000149,-0.795923,1.209565,0.000963,0.802102,0.000175
1780622085.530672,2877,INSERTED,OK,6,INSERTED,-0.000149,-0.796517,1.210670,0.000968,0.802718,0.000174
1780622085.653524,2878,INSERTED,OK,6,INSERTED,-0.000149,-0.795338,1.208458,0.000955,0.801500,0.000173
1780622085.744551,2879,INSERTED,OK,6,INSERTED,-0.000149,-0.795274,1.208324,0.000955,0.801433,0.000173
1780622085.865810,2880,INSERTED,OK,5,INSERT,-0.000150,-0.796708,1.211108,0.000966,0.802920,0.000173
1780622085.959698,2881,INSERTED,OK,6,INSERTED,-0.000147,-0.796460,1.210493,0.000971,0.802655,0.000174
1780622086.110520,2882,INSERTED,OK,6,INSERTED,-0.000148,-0.795405,1.208546,0.000957,0.801567,0.000174
1780622086.174448,2883,INSERTED,OK,5,INSERT,-0.000148,-0.796277,1.210182,0.000966,0.802469,0.000174
1780622086.300110,2884,INSERTED,OK,6,INSERTED,-0.000151,-0.796376,1.210516,0.000965,0.802572,0.000175
1780622086.391089,2885,INSERTED,OK,8,ABORT,-0.000148,-0.795536,1.208763,0.000961,0.801700,0.000174
1780622086.518073,2886,INSERTED,OK,5,INSERT,-0.000148,-0.796055,1.209775,0.000963,0.802241,0.000173
1780622086.616509,2887,INSERTED,OK,6,INSERTED,-0.000148,-0.795716,1.209142,0.000960,0.801891,0.000173
1780622086.739655,2888,INSERTED,OK,6,INSERTED,-0.000152,-0.796415,1.210631,0.000962,0.802615,0.000174
1780622086.832153,2889,INSERTED,OK,5,INSERT,-0.000150,-0.796666,1.210995,0.000967,0.802874,0.000174
1780622086.976311,2890,INSERTED,OK,6,INSERTED,-0.000149,-0.795134,1.208053,0.000954,0.801288,0.000173
1780622087.046141,2891,INSERTED,OK,6,INSERTED,-0.000149,-0.795942,1.209587,0.000964,0.802120,0.000175
1780622087.186992,2892,INSERTED,OK,5,INSERT,-0.000149,-0.796605,1.210873,0.000967,0.802811,0.000174
1780622087.271899,2893,INSERTED,OK,8,ABORT,-0.000147,-0.795454,1.208573,0.000962,0.801614,0.000174
1780622087.393784,2894,INSERTED,OK,6,INSERTED,-0.000147,-0.796589,1.210719,0.000974,0.802786,0.000175
1780622087.485274,2895,INSERTED,OK,5,INSERT,-0.000150,-0.796712,1.211076,0.000968,0.802921,0.000174
1780622087.615678,2896,INSERTED,OK,5,INSERT,-0.000156,-0.796258,1.210520,0.000950,0.802466,0.000172
1780622087.701168,2897,INSERTED,OK,6,INSERTED,-0.000147,-0.795595,1.208838,0.000961,0.801763,0.000173
1780622087.830632,2898,INSERTED,OK,6,INSERTED,-0.000148,-0.796495,1.210591,0.000970,0.802693,0.000174
1780622087.924987,2899,INSERTED,OK,8,ABORT,-0.000148,-0.795626,1.208924,0.000963,0.801791,0.000175
1780622088.057020,2900,RETREAT,OK,5,INSERT,-0.000149,-0.796398,1.210435,0.000967,0.802595,0.000174
1780622088.145117,2901,RETREAT,OK,6,INSERTED,-0.000149,-0.796102,1.209936,0.000960,0.802293,0.000172
1780622088.273384,2902,RETREAT,OK,8,ABORT,-0.000147,-0.795999,1.209591,0.000971,0.802172,0.000176
1780622088.356408,2903,RETREAT,OK,6,INSERTED,-0.000148,-0.796020,1.209712,0.000963,0.802205,0.000173
1780622088.483251,2904,RETREAT,OK,6,INSERTED,-0.000147,-0.796285,1.210168,0.000969,0.802475,0.000174
1780622088.617499,2905,RETREAT,OK,6,INSERTED,-0.000146,-0.795635,1.208874,0.000964,0.801801,0.000174
1780622088.717134,2906,RETREAT,OK,5,INSERT,-0.000148,-0.795877,1.209438,0.000961,0.802058,0.000173
1780622088.846821,2907,RETREAT,OK,8,ABORT,-0.000147,-0.795411,1.208507,0.000960,0.801570,0.000174
1780622088.940514,2908,RETREAT,OK,8,ABORT,-0.000151,-0.795369,1.208596,0.000953,0.801533,0.000174
1780622089.047631,2909,RETREAT,OK,5,INSERT,-0.000148,-0.796254,1.210137,0.000966,0.802445,0.000174
1780622089.149084,2910,RETREAT,OK,6,INSERTED,-0.000146,-0.795423,1.208500,0.000960,0.801585,0.000173
1780622089.283197,2911,RETREAT,OK,6,INSERTED,-0.000148,-0.795980,1.209614,0.000963,0.802162,0.000173
1780622089.383994,2912,RETREAT,OK,5,INSERT,-0.000150,-0.796364,1.210440,0.000963,0.802564,0.000173
1780622089.508167,2913,RETREAT,OK,8,ABORT,-0.000148,-0.795892,1.209466,0.000964,0.802068,0.000175
1780622089.600631,2914,RETREAT,OK,6,INSERTED,-0.000148,-0.794870,1.207551,0.000948,0.801020,0.000172
1780622089.755150,2915,RETREAT,OK,5,INSERT,-0.000149,-0.796237,1.210162,0.000963,0.802432,0.000173
1780622089.825254,2916,RETREAT,OK,6,INSERTED,-0.000148,-0.795513,1.208707,0.000962,0.801675,0.000174
1780622089.938597,2917,RETREAT,OK,5,INSERT,-0.000148,-0.796084,1.209808,0.000965,0.802270,0.000173
1780622090.031045,2918,RETREAT,OK,5,INSERT,-0.000148,-0.796286,1.210187,0.000967,0.802477,0.000174
1780622090.178157,2919,RETREAT,OK,6,INSERTED,-0.000148,-0.796091,1.209821,0.000969,0.802269,0.000176
1780622090.244981,2920,RETREAT,OK,6,INSERTED,-0.000150,-0.796280,1.210262,0.000965,0.802471,0.000175
1780622090.374191,2921,RETREAT,OK,6,INSERTED,-0.000147,-0.796243,1.210083,0.000968,0.802431,0.000174
1780622090.459019,2922,RETREAT,OK,8,ABORT,-0.000147,-0.795586,1.208824,0.000964,0.801749,0.000175
1780622090.580909,2923,RETREAT,OK,5,INSERT,-0.000150,-0.796397,1.210496,0.000963,0.802598,0.000173
1780622090.674824,2924,RETREAT,OK,5,INSERT,-0.000148,-0.796300,1.210220,0.000967,0.802492,0.000174
1780622090.796649,2925,RETREAT,OK,8,ABORT,-0.000148,-0.795496,1.208688,0.000960,0.801659,0.000174
1780622090.898609,2926,RETREAT,OK,6,INSERTED,-0.000148,-0.795896,1.209462,0.000962,0.802077,0.000173
1780622091.016806,2927,RETREAT,OK,6,INSERTED,-0.000147,-0.796082,1.209795,0.000965,0.802267,0.000173
1780622091.125259,2928,RETREAT,OK,8,ABORT,-0.000148,-0.795825,1.209314,0.000965,0.801997,0.000175
1780622091.232902,2929,RETREAT,OK,5,INSERT,-0.000150,-0.796714,1.211106,0.000967,0.802925,0.000173
1780622091.322109,2930,RETREAT,OK,6,INSERTED,-0.000148,-0.795958,1.209578,0.000963,0.802140,0.000173
1780622091.443479,2931,RETREAT,OK,8,ABORT,-0.000149,-0.795675,1.209092,0.000959,0.801847,0.000174
1780622091.545810,2932,RETREAT,OK,5,INSERT,-0.000149,-0.796543,1.210727,0.000968,0.802745,0.000174
1780622091.664844,2933,RETREAT,OK,6,INSERTED,-0.000146,-0.795174,1.208038,0.000957,0.801328,0.000173
1780622091.757493,2934,RETREAT,OK,8,ABORT,-0.000147,-0.795774,1.209193,0.000965,0.801943,0.000175
1780622091.889263,2935,RETREAT,OK,6,INSERTED,-0.000150,-0.796181,1.210093,0.000961,0.802375,0.000172
1780622091.976948,2936,RETREAT,OK,6,INSERTED,-0.000149,-0.796461,1.210586,0.000966,0.802661,0.000173
1780622092.115931,2937,RETREAT,OK,8,ABORT,-0.000147,-0.795575,1.208819,0.000963,0.801738,0.000175
1780622092.239753,2938,RETREAT,OK,5,INSERT,-0.000149,-0.796481,1.210599,0.000968,0.802680,0.000174
1780622092.327582,2939,RETREAT,OK,6,INSERTED,-0.000148,-0.795950,1.209541,0.000967,0.802125,0.000176
1780622092.451574,2940,RETREAT,OK,6,INSERTED,-0.000148,-0.796036,1.209745,0.000962,0.802222,0.000173
1780622092.566410,2941,RETREAT,OK,5,INSERT,-0.000148,-0.796252,1.210130,0.000966,0.802443,0.000174
1780622092.680021,2942,RETREAT,OK,6,INSERTED,-0.000151,-0.796462,1.210642,0.000968,0.802658,0.000176
1780622092.768998,2943,RETREAT,OK,6,INSERTED,-0.000153,-0.796479,1.210776,0.000961,0.802683,0.000174
1780622092.896585,2944,RETREAT,OK,6,INSERTED,-0.000148,-0.796151,1.209937,0.000965,0.802338,0.000173
1780622092.998708,2945,RETREAT,OK,6,INSERTED,-0.000149,-0.795059,1.207914,0.000953,0.801210,0.000173
1780622093.121925,2946,RETREAT,OK,5,INSERT,-0.000150,-0.796593,1.210863,0.000966,0.802799,0.000173
1780622093.216024,2947,RETREAT,OK,5,INSERT,-0.000150,-0.796722,1.211119,0.000967,0.802932,0.000173
1780622093.342336,2948,RETREAT,OK,8,ABORT,-0.000148,-0.795818,1.209314,0.000964,0.801990,0.000175
1780622093.432809,2949,RETREAT,OK,5,INSERT,-0.000148,-0.796003,1.209684,0.000962,0.802188,0.000173
1780622093.560976,2950,RETREAT,OK,6,INSERTED,-0.000148,-0.795217,1.208208,0.000953,0.801377,0.000172
1780622093.655739,2951,RETREAT,OK,8,ABORT,-0.000147,-0.795288,1.208281,0.000959,0.801444,0.000174
1780622093.787921,2952,RETREAT,OK,6,INSERTED,-0.000150,-0.796173,1.210092,0.000960,0.802368,0.000172
1780622093.886472,2953,RETREAT,OK,6,INSERTED,-0.000148,-0.796582,1.210776,0.000970,0.802783,0.000174
1780622094.002516,2954,RETREAT,OK,5,INSERT,-0.000155,-0.796320,1.210652,0.000948,0.802533,0.000171
1780622094.100408,2955,RETREAT,OK,5,INSERT,-0.000149,-0.796449,1.210549,0.000967,0.802649,0.000173
1780622094.220215,2956,RETREAT,OK,6,INSERTED,-0.000152,-0.796452,1.210665,0.000965,0.802651,0.000175
1780622094.312115,2957,RETREAT,OK,6,INSERTED,-0.000152,-0.796339,1.210487,0.000962,0.802536,0.000175
1780622094.465785,2958,RETREAT,OK,5,INSERT,-0.000148,-0.796075,1.209826,0.000963,0.802263,0.000173
1780622094.549854,2959,RETREAT,OK,6,INSERTED,-0.000147,-0.796265,1.210106,0.000970,0.802453,0.000174
1780622094.682697,2960,RETREAT,OK,6,INSERTED,-0.000152,-0.796094,1.210011,0.000958,0.802285,0.000174
1780622094.777011,2961,RETREAT,OK,5,INSERT,-0.000150,-0.796741,1.211127,0.000969,0.802950,0.000174
1780622094.898851,2962,RETREAT,OK,6,INSERTED,-0.000147,-0.795232,1.208182,0.000957,0.801388,0.000173
1780622094.982825,2963,RETREAT,OK,8,ABORT,-0.000149,-0.795479,1.208747,0.000956,0.801646,0.000174
1780622095.133373,2964,RETREAT,OK,5,INSERT,-0.000150,-0.796812,1.211284,0.000969,0.803025,0.000174
1780622095.206232,2965,RETREAT,OK,6,INSERTED,-0.000149,-0.795876,1.209470,0.000962,0.802054,0.000174
1780622095.325834,2966,RETREAT,OK,6,INSERTED,-0.000147,-0.795762,1.209185,0.000962,0.801937,0.000173
1780622095.415810,2967,RETREAT,OK,5,INSERT,-0.000149,-0.796036,1.209762,0.000962,0.802223,0.000173
1780622095.552430,2968,RETREAT,OK,6,INSERTED,-0.000153,-0.796455,1.210719,0.000963,0.802655,0.000175
1780622095.655906,2969,RETREAT,OK,6,INSERTED,-0.000151,-0.796414,1.210586,0.000964,0.802612,0.000175
1780622095.792629,2970,RETREAT,OK,5,INSERT,-0.000148,-0.795959,1.209585,0.000962,0.802142,0.000173
1780622095.896665,2971,RETREAT,OK,8,ABORT,-0.000148,-0.795391,1.208506,0.000959,0.801550,0.000174
1780622095.988510,2972,RETREAT,OK,5,INSERT,-0.000148,-0.795857,1.209396,0.000961,0.802037,0.000173
1780622096.146092,2973,RETREAT,OK,6,INSERTED,-0.000146,-0.795823,1.209222,0.000967,0.801994,0.000174
1780622096.207085,2974,RETREAT,OK,8,ABORT,-0.000148,-0.795635,1.208976,0.000962,0.801802,0.000175
1780622096.329942,2975,RETREAT,OK,5,INSERT,-0.000150,-0.796564,1.210811,0.000966,0.802770,0.000173
1780622096.435775,2976,RETREAT,OK,5,INSERT,-0.000148,-0.795926,1.209506,0.000963,0.802107,0.000173
1780622096.552656,2977,RETREAT,OK,6,INSERTED,-0.000150,-0.795174,1.208223,0.000950,0.801334,0.000173
1780622096.653092,2978,RETREAT,OK,6,INSERTED,-0.000149,-0.796119,1.209943,0.000962,0.802310,0.000173
1780622096.779927,2979,RETREAT,OK,8,ABORT,-0.000147,-0.795381,1.208467,0.000959,0.801541,0.000174
1780622096.898413,2980,RETREAT,OK,6,INSERTED,-0.000149,-0.795242,1.208286,0.000953,0.801401,0.000173
1780622097.019109,2981,RETREAT,OK,6,INSERTED,-0.000149,-0.796300,1.210306,0.000963,0.802498,0.000173
1780622097.109538,2982,RETREAT,OK,8,ABORT,-0.000149,-0.795411,1.208556,0.000959,0.801569,0.000175
1780622097.230555,2983,RETREAT,OK,6,INSERTED,-0.000147,-0.795880,1.209398,0.000964,0.802057,0.000173
1780622097.323424,2984,RETREAT,OK,5,INSERT,-0.000148,-0.795960,1.209609,0.000961,0.802145,0.000173
1780622097.446200,2985,RETREAT,OK,8,ABORT,-0.000149,-0.796168,1.210023,0.000967,0.802352,0.000176
1780622097.541258,2986,RETREAT,OK,6,INSERTED,-0.000151,-0.795993,1.209772,0.000961,0.802176,0.000175
1780622097.670124,2987,RETREAT,OK,5,INSERT,-0.000148,-0.795866,1.209432,0.000960,0.802047,0.000172
1780622097.758107,2988,RETREAT,OK,6,INSERTED,-0.000148,-0.795485,1.208660,0.000960,0.801648,0.000174
1780622097.888116,2989,RETREAT,OK,6,INSERTED,-0.000148,-0.796488,1.210555,0.000971,0.802684,0.000174
1780622097.980190,2990,RETREAT,OK,6,INSERTED,-0.000148,-0.796504,1.210589,0.000971,0.802701,0.000174
1780622098.110241,2991,RETREAT,OK,8,ABORT,-0.000148,-0.795760,1.209183,0.000965,0.801929,0.000175
1780622098.205368,2992,RETREAT,OK,6,INSERTED,-0.000147,-0.796049,1.209718,0.000966,0.802232,0.000174
1780622098.332087,2993,RETREAT,OK,6,INSERTED,-0.000147,-0.796344,1.210273,0.000970,0.802535,0.000174
1780622098.425755,2994,RETREAT,OK,8,ABORT,-0.000149,-0.795678,1.209074,0.000961,0.801848,0.000174
1780622098.576273,2995,RETREAT,OK,5,INSERT,-0.000148,-0.796162,1.209939,0.000966,0.802349,0.000174
1780622098.643351,2996,RETREAT,OK,5,INSERT,-0.000148,-0.796214,1.210043,0.000967,0.802402,0.000174
1780622098.779482,2997,RETREAT,OK,8,ABORT,-0.000149,-0.795659,1.209051,0.000960,0.801829,0.000174
1780622098.861379,2998,RETREAT,OK,5,INSERT,-0.000149,-0.796561,1.210785,0.000967,0.802765,0.000174
1780622098.990566,2999,RETREAT,OK,6,INSERTED,-0.000147,-0.795987,1.209606,0.000964,0.802168,0.000173
1780622099.077521,3000,RETREAT,OK,8,ABORT,-0.000148,-0.795735,1.209151,0.000963,0.801905,0.000175
1780622099.209386,3001,RETREAT,OK,5,INSERT,-0.000149,-0.795850,1.209429,0.000958,0.802033,0.000172
1780622099.298875,3002,RETREAT,OK,5,INSERT,-0.000148,-0.796024,1.209709,0.000963,0.802209,0.000173
1780622099.432002,3003,RETREAT,OK,6,INSERTED,-0.000152,-0.796309,1.210408,0.000962,0.802505,0.000175
1780622099.551999,3004,RETREAT,OK,5,INSERT,-0.000149,-0.796212,1.210099,0.000964,0.802405,0.000173
1780622099.640082,3005,RETREAT,OK,6,INSERTED,-0.000146,-0.795591,1.208767,0.000966,0.801753,0.000174
1780622099.768854,3006,RETREAT,OK,6,INSERTED,-0.000149,-0.796367,1.210365,0.000969,0.802558,0.000175
1780622099.862769,3007,RETREAT,OK,5,INSERT,-0.000150,-0.796510,1.210748,0.000963,0.802716,0.000173
1780622099.984442,3008,RETREAT,OK,6,INSERTED,-0.000149,-0.796561,1.210780,0.000967,0.802765,0.000174
1780622100.079318,3009,RETREAT,OK,8,ABORT,-0.000147,-0.795296,1.208258,0.000960,0.801450,0.000174
1780622100.222187,3010,RETREAT,OK,5,INSERT,-0.000150,-0.796539,1.210769,0.000965,0.802744,0.000173
1780622100.307426,3011,RETREAT,OK,8,ABORT,-0.000148,-0.795953,1.209561,0.000967,0.802129,0.000175
1780622100.436203,3012,RETREAT,OK,6,INSERTED,-0.000148,-0.796262,1.210163,0.000966,0.802454,0.000174
1780622100.529578,3013,RETREAT,OK,5,INSERT,-0.000149,-0.796255,1.210171,0.000965,0.802448,0.000173
1780622100.676573,3014,RETREAT,OK,8,ABORT,-0.000148,-0.795772,1.209194,0.000965,0.801940,0.000175
1780622100.759745,3015,RETREAT,OK,6,INSERTED,-0.000147,-0.795876,1.209370,0.000965,0.802053,0.000173
1780622100.873932,3016,RETREAT,OK,5,INSERT,-0.000150,-0.796411,1.210560,0.000961,0.802614,0.000172
1780622100.965325,3017,RETREAT,OK,8,ABORT,-0.000149,-0.795523,1.208776,0.000960,0.801687,0.000175
1780622101.097188,3018,RETREAT,OK,5,INSERT,-0.000148,-0.796250,1.210133,0.000966,0.802441,0.000173
1780622101.192243,3019,RETREAT,OK,5,INSERT,-0.000148,-0.796322,1.210253,0.000968,0.802514,0.000174
1780622101.316426,3020,RETREAT,OK,8,ABORT,-0.000149,-0.795510,1.208781,0.000958,0.801675,0.000174
1780622101.406802,3021,RETREAT,OK,6,INSERTED,-0.000148,-0.796396,1.210392,0.000969,0.802590,0.000174
1780622101.546731,3022,RETREAT,OK,5,INSERT,-0.000148,-0.796185,1.210029,0.000964,0.802376,0.000173
1780622101.628641,3023,RETREAT,OK,8,ABORT,-0.000148,-0.795775,1.209208,0.000965,0.801944,0.000175
1780622101.750055,3024,RETREAT,OK,6,INSERTED,-0.000149,-0.796512,1.210680,0.000968,0.802712,0.000174
1780622101.851827,3025,RETREAT,OK,6,INSERTED,-0.000149,-0.796382,1.210422,0.000967,0.802578,0.000174
1780622101.960329,3026,RETREAT,OK,5,INSERT,-0.000156,-0.796187,1.210440,0.000945,0.802396,0.000171
1780622102.046278,3027,RETREAT,OK,6,INSERTED,-0.000148,-0.796169,1.209958,0.000966,0.802357,0.000174
1780622102.175235,3028,RETREAT,OK,6,INSERTED,-0.000152,-0.796451,1.210677,0.000963,0.802652,0.000174
1780622102.257322,3029,RETREAT,OK,6,INSERTED,-0.000151,-0.796226,1.210213,0.000963,0.802417,0.000175
1780622102.385975,3030,RETREAT,OK,5,INSERT,-0.000149,-0.796445,1.210528,0.000967,0.802644,0.000174
1780622102.486228,3031,RETREAT,OK,6,INSERTED,-0.000147,-0.796009,1.209642,0.000965,0.802191,0.000173
1780622102.604957,3032,RETREAT,OK,8,ABORT,-0.000148,-0.795319,1.208366,0.000959,0.801474,0.000175
1780622102.694351,3033,RETREAT,OK,8,ABORT,-0.000149,-0.795445,1.208629,0.000959,0.801606,0.000175
1780622102.819274,3034,RETREAT,OK,6,INSERTED,-0.000151,-0.795973,1.209769,0.000957,0.802160,0.000173
1780622102.908340,3035,RETREAT,OK,8,ABORT,-0.000148,-0.795710,1.209081,0.000964,0.801877,0.000175
1780622103.031650,3036,RETREAT,OK,5,INSERT,-0.000149,-0.795863,1.209466,0.000958,0.802047,0.000172
1780622103.155231,3037,RETREAT,OK,6,INSERTED,-0.000150,-0.795097,1.208054,0.000948,0.801255,0.000172
1780622103.243877,3038,RETREAT,OK,6,INSERTED,-0.000147,-0.796200,1.209980,0.000969,0.802386,0.000174
1780622103.397455,3039,RETREAT,OK,6,INSERTED,-0.000148,-0.795926,1.209518,0.000962,0.802107,0.000173
1780622103.466848,3040,RETREAT,OK,6,INSERTED,-0.000150,-0.795552,1.208911,0.000956,0.801721,0.000174
1780622103.596428,3041,RETREAT,OK,5,INSERT,-0.000150,-0.796569,1.210809,0.000966,0.802774,0.000173
1780622103.687685,3042,RETREAT,OK,5,INSERT,-0.000150,-0.796550,1.210783,0.000966,0.802755,0.000173
1780622103.810827,3043,RETREAT,OK,6,INSERTED,-0.000149,-0.795071,1.207943,0.000951,0.801225,0.000172
1780622103.917336,3044,RETREAT,OK,5,INSERT,-0.000148,-0.796021,1.209693,0.000964,0.802205,0.000173
1780622104.024258,3045,RETREAT,OK,6,INSERTED,-0.000151,-0.796551,1.210841,0.000967,0.802752,0.000175
1780622104.136620,3046,RETREAT,OK,8,ABORT,-0.000149,-0.795422,1.208627,0.000956,0.801586,0.000174
1780622104.248855,3047,RETREAT,OK,5,INSERT,-0.000148,-0.796022,1.209709,0.000963,0.802207,0.000173
1780622104.348190,3048,RETREAT,OK,6,INSERTED,-0.000147,-0.796316,1.210227,0.000969,0.802507,0.000174
1780622104.481984,3049,RETREAT,OK,8,ABORT,-0.000147,-0.795215,1.208134,0.000958,0.801368,0.000174
1780622104.541075,3050,RETREAT,OK,5,INSERT,-0.000149,-0.795776,1.209306,0.000956,0.801957,0.000172
1780622104.713218,3051,RETREAT,OK,6,INSERTED,-0.000150,-0.795320,1.208458,0.000955,0.801479,0.000174
1780622104.764878,3052,RETREAT,OK,8,ABORT,-0.000147,-0.795519,1.208715,0.000962,0.801681,0.000174
1780622104.890269,3053,RETREAT,OK,5,INSERT,-0.000149,-0.795796,1.209329,0.000957,0.801977,0.000172
1780622104.978092,3054,RETREAT,OK,6,INSERTED,-0.000148,-0.795731,1.209141,0.000962,0.801904,0.000174
1780622105.097502,3055,RETREAT,OK,6,INSERTED,-0.000147,-0.796076,1.209739,0.000968,0.802257,0.000174
1780622105.194097,3056,RETREAT,OK,5,INSERT,-0.000149,-0.796030,1.209753,0.000961,0.802217,0.000173
1780622105.318673,3057,RETREAT,OK,8,ABORT,-0.000148,-0.795421,1.208565,0.000959,0.801582,0.000174
1780622105.407678,3058,RETREAT,OK,6,INSERTED,-0.000147,-0.795436,1.208555,0.000961,0.801595,0.000175
1780622105.541635,3059,RETREAT,OK,5,INSERT,-0.000148,-0.795816,1.209345,0.000959,0.801996,0.000172
1780622105.635774,3060,RETREAT,OK,6,INSERTED,-0.000149,-0.795373,1.208506,0.000957,0.801534,0.000174
1780622105.755299,3061,RETREAT,OK,6,INSERTED,-0.000148,-0.795705,1.209115,0.000959,0.801880,0.000172
1780622105.845160,3062,RETREAT,OK,5,INSERT,-0.000148,-0.796153,1.209932,0.000966,0.802340,0.000173
1780622105.985370,3063,RETREAT,OK,6,INSERTED,-0.000152,-0.795950,1.209768,0.000955,0.802139,0.000173
1780622106.065956,3064,RETREAT,OK,6,INSERTED,-0.000148,-0.795740,1.209165,0.000963,0.801909,0.000175
1780622106.194673,3065,RETREAT,OK,5,INSERT,-0.000148,-0.796140,1.209916,0.000965,0.802328,0.000173
1780622106.284201,3066,RETREAT,OK,8,ABORT,-0.000148,-0.795620,1.208934,0.000962,0.801786,0.000174
1780622106.407906,3067,RETREAT,OK,6,INSERTED,-0.000148,-0.796512,1.210629,0.000970,0.802711,0.000174
1780622106.496955,3068,RETREAT,OK,5,INSERT,-0.000149,-0.795864,1.209459,0.000958,0.802047,0.000172
1780622106.624016,3069,RETREAT,OK,5,INSERT,-0.000157,-0.796296,1.210664,0.000946,0.802508,0.000171
1780622106.751114,3070,RETREAT,OK,5,INSERT,-0.000148,-0.796226,1.210083,0.000966,0.802416,0.000173
1780622106.839398,3071,RETREAT,OK,6,INSERTED,-0.000147,-0.796285,1.210137,0.000970,0.802474,0.000174
1780622106.967097,3072,RETREAT,OK,6,INSERTED,-0.000147,-0.795287,1.208248,0.000959,0.801442,0.000174
1780622107.059025,3073,RETREAT,OK,5,INSERT,-0.000149,-0.796536,1.210716,0.000968,0.802738,0.000174
1780622107.194451,3074,RETREAT,OK,6,INSERTED,-0.000148,-0.795609,1.208894,0.000962,0.801775,0.000174
1780622107.287464,3075,RETREAT,OK,8,ABORT,-0.000147,-0.795706,1.209042,0.000966,0.801872,0.000175
1780622107.416585,3076,RETREAT,OK,5,INSERT,-0.000150,-0.796439,1.210621,0.000962,0.802644,0.000172
1780622107.502570,3077,RETREAT,OK,6,INSERTED,-0.000148,-0.795355,1.208456,0.000955,0.801519,0.000172
1780622107.647413,3078,RETREAT,OK,6,INSERTED,-0.000147,-0.795963,1.209571,0.000964,0.802144,0.000173
1780622107.746292,3079,RETREAT,OK,5,INSERT,-0.000150,-0.796377,1.210468,0.000963,0.802578,0.000173
1780622107.856985,3080,RETREAT,OK,8,ABORT,-0.000148,-0.795747,1.209192,0.000963,0.801918,0.000175
1780622107.948314,3081,RETREAT,OK,5,INSERT,-0.000153,-0.795554,1.209090,0.000946,0.801736,0.000171
1780622108.101475,3082,RETREAT,OK,5,INSERT,-0.000148,-0.795824,1.209347,0.000960,0.802004,0.000172
1780622108.170733,3083,RETREAT,OK,8,ABORT,-0.000149,-0.795556,1.208841,0.000960,0.801721,0.000175
1780622108.290233,3084,RETREAT,OK,6,INSERTED,-0.000148,-0.796039,1.209720,0.000964,0.802223,0.000173
1780622108.391267,3085,RETREAT,OK,5,INSERT,-0.000148,-0.796228,1.210082,0.000966,0.802418,0.000174
1780622108.512987,3086,RETREAT,OK,6,INSERTED,-0.000149,-0.795329,1.208410,0.000957,0.801486,0.000175
1780622108.615972,3087,RETREAT,OK,6,INSERTED,-0.000145,-0.795595,1.208762,0.000966,0.801758,0.000174
1780622108.732333,3088,RETREAT,OK,5,INSERT,-0.000148,-0.796154,1.209953,0.000965,0.802342,0.000173
1780622108.822245,3089,RETREAT,OK,8,ABORT,-0.000147,-0.795546,1.208734,0.000964,0.801706,0.000175
1780622108.951429,3090,RETREAT,OK,6,INSERTED,-0.000150,-0.796621,1.210923,0.000966,0.802828,0.000173
1780622109.038609,3091,RETREAT,OK,6,INSERTED,-0.000150,-0.796776,1.211240,0.000967,0.802990,0.000173
1780622109.171336,3092,RETREAT,OK,4,HOVER_ABOVE_HOLE,-0.000158,-0.796074,1.210304,0.000940,0.802283,0.000170
1780622109.255071,3093,RETREAT,OK,6,INSERTED,-0.000147,-0.796240,1.210055,0.000970,0.802427,0.000174
1780622109.387768,3094,RETREAT,OK,6,INSERTED,-0.000148,-0.796032,1.209712,0.000964,0.802216,0.000173
1780622109.484320,3095,RETREAT,OK,8,ABORT,-0.000147,-0.795850,1.209329,0.000967,0.802020,0.000176
1780622109.626342,3096,RETREAT,OK,5,INSERT,-0.000151,-0.796423,1.210611,0.000960,0.802629,0.000172
1780622109.697554,3097,RETREAT,OK,5,INSERT,-0.000148,-0.796213,1.210072,0.000965,0.802404,0.000173
1780622109.847399,3098,RETREAT,OK,8,ABORT,-0.000147,-0.795375,1.208442,0.000960,0.801533,0.000174
1780622109.931947,3099,RETREAT,OK,6,INSERTED,-0.000148,-0.796352,1.210316,0.000968,0.802545,0.000174
1780622110.066528,3100,ABORT,OK,8,ABORT,-0.000147,-0.796134,1.209884,0.000967,0.802320,0.000174
1780622110.143884,3101,ABORT,OK,8,ABORT,-0.000147,-0.795775,1.209174,0.000968,0.801941,0.000176
1780622110.268107,3102,ABORT,OK,8,ABORT,-0.000148,-0.796257,1.210186,0.000965,0.802451,0.000173
1780622110.394641,3103,ABORT,OK,8,ABORT,-0.000147,-0.795756,1.209166,0.000966,0.801924,0.000175
1780622110.499006,3104,ABORT,OK,8,ABORT,-0.000146,-0.795612,1.208856,0.000965,0.801776,0.000175
1780622110.643424,3105,ABORT,OK,8,ABORT,-0.000149,-0.796049,1.209807,0.000961,0.802237,0.000172
1780622110.721114,3106,ABORT,OK,8,ABORT,-0.000149,-0.795651,1.209052,0.000960,0.801820,0.000175
1780622110.842009,3107,ABORT,OK,8,ABORT,-0.000147,-0.795889,1.209450,0.000962,0.802070,0.000173
1780622110.928886,3108,ABORT,OK,6,INSERTED,-0.000148,-0.796284,1.210230,0.000965,0.802478,0.000173
1780622111.048654,3109,ABORT,OK,8,ABORT,-0.000147,-0.795681,1.209028,0.000965,0.801848,0.000175
1780622111.139526,3110,ABORT,OK,8,ABORT,-0.000148,-0.795737,1.209144,0.000965,0.801906,0.000175
1780622111.273221,3111,ABORT,OK,8,ABORT,-0.000147,-0.795943,1.209512,0.000965,0.802123,0.000173
1780622111.360249,3112,ABORT,OK,8,ABORT,-0.000147,-0.795195,1.208106,0.000958,0.801347,0.000174
1780622111.512978,3113,ABORT,OK,8,ABORT,-0.000149,-0.796742,1.211121,0.000970,0.802951,0.000174
1780622111.587598,3114,ABORT,OK,8,ABORT,-0.000149,-0.796586,1.210861,0.000966,0.802793,0.000173
1780622111.708411,3115,ABORT,OK,8,ABORT,-0.000148,-0.795125,1.208043,0.000954,0.801279,0.000173
1780622111.795859,3116,ABORT,OK,8,ABORT,-0.000147,-0.796249,1.210110,0.000968,0.802438,0.000174
1780622111.919109,3117,ABORT,OK,8,ABORT,-0.000147,-0.796110,1.209821,0.000968,0.802294,0.000174
1780622112.011885,3118,ABORT,OK,6,INSERTED,-0.000157,-0.796327,1.210713,0.000948,0.802539,0.000172
1780622112.133839,3119,ABORT,OK,8,ABORT,-0.000148,-0.796038,1.209769,0.000962,0.802225,0.000173
1780622112.225780,3120,ABORT,OK,8,ABORT,-0.000148,-0.796600,1.210827,0.000970,0.802803,0.000174
1780622112.348171,3121,ABORT,OK,8,ABORT,-0.000147,-0.795350,1.208377,0.000961,0.801506,0.000174
1780622112.442505,3122,ABORT,OK,8,ABORT,-0.000148,-0.795691,1.209098,0.000958,0.801867,0.000172
1780622112.562788,3123,ABORT,OK,8,ABORT,-0.000146,-0.795576,1.208784,0.000964,0.801739,0.000174
1780622112.664778,3124,ABORT,OK,8,ABORT,-0.000149,-0.795229,1.208256,0.000955,0.801386,0.000174
1780622112.780944,3125,ABORT,OK,6,INSERTED,-0.000149,-0.796348,1.210410,0.000963,0.802548,0.000173
1780622112.885726,3126,ABORT,OK,6,INSERTED,-0.000149,-0.796357,1.210427,0.000963,0.802557,0.000173
1780622113.016650,3127,ABORT,OK,8,ABORT,-0.000146,-0.795351,1.208356,0.000960,0.801510,0.000173
1780622113.085513,3128,ABORT,OK,8,ABORT,-0.000150,-0.796463,1.210647,0.000963,0.802667,0.000173
1780622113.220584,3129,ABORT,OK,8,ABORT,-0.000148,-0.795030,1.207831,0.000954,0.801179,0.000173
1780622113.308318,3130,ABORT,OK,8,ABORT,-0.000150,-0.795484,1.208768,0.000957,0.801649,0.000174
1780622113.432482,3131,ABORT,OK,8,ABORT,-0.000149,-0.796513,1.210694,0.000967,0.802716,0.000173
1780622113.535675,3132,ABORT,OK,8,ABORT,-0.000148,-0.795875,1.209446,0.000964,0.802052,0.000175
1780622113.658834,3133,ABORT,OK,8,ABORT,-0.000147,-0.796273,1.210143,0.000969,0.802463,0.000174
1780622113.748561,3134,ABORT,OK,6,INSERTED,-0.000149,-0.796405,1.210505,0.000964,0.802606,0.000173
1780622113.882529,3135,ABORT,OK,8,ABORT,-0.000147,-0.795594,1.208875,0.000963,0.801758,0.000175
1780622114.005506,3136,ABORT,OK,8,ABORT,-0.000147,-0.795876,1.209410,0.000963,0.802055,0.000173
1780622114.100983,3137,ABORT,OK,8,ABORT,-0.000149,-0.796541,1.210726,0.000968,0.802743,0.000174
1780622114.219204,3138,ABORT,OK,8,ABORT,-0.000147,-0.795620,1.208900,0.000964,0.801784,0.000175
1780622114.308617,3139,ABORT,OK,8,ABORT,-0.000147,-0.796253,1.210092,0.000970,0.802441,0.000174
1780622114.437232,3140,ABORT,OK,8,ABORT,-0.000148,-0.795696,1.209078,0.000963,0.801865,0.000174
1780622114.525748,3141,ABORT,OK,8,ABORT,-0.000148,-0.795545,1.208814,0.000960,0.801710,0.000174
1780622114.657579,3142,ABORT,OK,6,INSERTED,-0.000149,-0.796434,1.210559,0.000965,0.802635,0.000173
1780622114.751843,3143,ABORT,OK,8,ABORT,-0.000147,-0.795884,1.209408,0.000964,0.802062,0.000173
1780622114.871187,3144,ABORT,OK,8,ABORT,-0.000147,-0.795413,1.208501,0.000962,0.801571,0.000174
1780622114.982389,3145,ABORT,OK,8,ABORT,-0.000147,-0.796233,1.210079,0.000968,0.802422,0.000174
1780622115.089803,3146,ABORT,OK,8,ABORT,-0.000150,-0.795479,1.208774,0.000956,0.801645,0.000174
1780622115.187241,3147,ABORT,OK,8,ABORT,-0.000147,-0.795891,1.209373,0.000971,0.802060,0.000176
1780622115.327182,3148,ABORT,OK,8,ABORT,-0.000148,-0.796394,1.210434,0.000967,0.802591,0.000174
1780622115.400155,3149,ABORT,OK,8,ABORT,-0.000146,-0.796004,1.209577,0.000969,0.802182,0.000174
1780622115.558205,3150,ABORT,OK,8,ABORT,-0.000149,-0.796003,1.209702,0.000965,0.802183,0.000175
1780622115.643936,3151,ABORT,OK,6,INSERTED,-0.000149,-0.796597,1.210872,0.000967,0.802803,0.000173
1780622115.789247,3152,ABORT,OK,8,ABORT,-0.000148,-0.795202,1.208174,0.000956,0.801357,0.000174
1780622115.863611,3153,ABORT,OK,8,ABORT,-0.000146,-0.795508,1.208637,0.000965,0.801666,0.000175
1780622115.981122,3154,ABORT,OK,8,ABORT,-0.000149,-0.796571,1.210810,0.000967,0.802776,0.000173
1780622116.076315,3155,ABORT,OK,8,ABORT,-0.000148,-0.795754,1.209200,0.000962,0.801927,0.000174
1780622116.195231,3156,ABORT,OK,8,ABORT,-0.000147,-0.796254,1.210116,0.000968,0.802444,0.000174
1780622116.293131,3157,ABORT,OK,8,ABORT,-0.000148,-0.795870,1.209459,0.000959,0.802053,0.000172
1780622116.436148,3158,ABORT,OK,6,INSERTED,-0.000153,-0.795817,1.209590,0.000950,0.802005,0.000172
1780622116.509331,3159,ABORT,OK,8,ABORT,-0.000147,-0.795189,1.208102,0.000956,0.801345,0.000173
1780622116.635085,3160,ABORT,OK,8,ABORT,-0.000148,-0.796080,1.209810,0.000965,0.802266,0.000173
1780622116.737969,3161,ABORT,OK,8,ABORT,-0.000152,-0.795788,1.209455,0.000954,0.801971,0.000173
1780622116.875708,3162,ABORT,OK,8,ABORT,-0.000147,-0.796385,1.210330,0.000972,0.802576,0.000175
1780622116.965982,3163,ABORT,OK,8,ABORT,-0.000148,-0.796133,1.209921,0.000965,0.802322,0.000173
1780622117.106653,3164,ABORT,OK,8,ABORT,-0.000152,-0.795666,1.209239,0.000951,0.801847,0.000172
1780622117.183943,3165,ABORT,OK,8,ABORT,-0.000147,-0.796205,1.209992,0.000969,0.802391,0.000174
1780622117.312871,3166,ABORT,OK,8,ABORT,-0.000147,-0.796172,1.209955,0.000968,0.802359,0.000174
1780622117.403394,3167,ABORT,OK,6,INSERTED,-0.000153,-0.795749,1.209467,0.000949,0.801936,0.000172
1780622117.549452,3168,ABORT,OK,8,ABORT,-0.000149,-0.796584,1.210817,0.000968,0.802788,0.000174
1780622117.651643,3169,ABORT,OK,8,ABORT,-0.000147,-0.795496,1.208687,0.000961,0.801658,0.000174
1780622117.735983,3170,ABORT,OK,6,INSERTED,-0.000158,-0.795906,1.210004,0.000938,0.802112,0.000170
1780622117.870996,3171,ABORT,OK,8,ABORT,-0.000148,-0.796243,1.210116,0.000967,0.802434,0.000174
1780622117.961396,3172,ABORT,OK,8,ABORT,-0.000146,-0.795464,1.208586,0.000961,0.801627,0.000173
1780622118.088226,3173,ABORT,OK,8,ABORT,-0.000146,-0.796270,1.210108,0.000971,0.802457,0.000174
1780622118.178303,3174,ABORT,OK,8,ABORT,-0.000148,-0.796184,1.210015,0.000966,0.802373,0.000173
1780622118.311213,3175,ABORT,OK,8,ABORT,-0.000148,-0.795631,1.208980,0.000961,0.801800,0.000174
1780622118.395928,3176,ABORT,OK,8,ABORT,-0.000147,-0.795439,1.208585,0.000961,0.801600,0.000174
1780622118.522599,3177,ABORT,OK,8,ABORT,-0.000147,-0.795467,1.208651,0.000957,0.801635,0.000172
1780622118.616277,3178,ABORT,OK,8,ABORT,-0.000146,-0.795422,1.208506,0.000962,0.801580,0.000174
1780622118.739434,3179,ABORT,OK,8,ABORT,-0.000148,-0.796545,1.210706,0.000970,0.802745,0.000174
1780622118.833368,3180,ABORT,OK,8,ABORT,-0.000149,-0.796441,1.210553,0.000966,0.802642,0.000173
1780622118.958314,3181,ABORT,OK,6,INSERTED,-0.000153,-0.795498,1.208957,0.000947,0.801675,0.000172
1780622119.065473,3182,ABORT,OK,8,ABORT,-0.000147,-0.795555,1.208806,0.000961,0.801721,0.000174
1780622119.175439,3183,ABORT,OK,8,ABORT,-0.000147,-0.796288,1.210160,0.000970,0.802478,0.000174
1780622119.268165,3184,ABORT,OK,8,ABORT,-0.000148,-0.795864,1.209390,0.000966,0.802037,0.000175
1780622119.416181,3185,ABORT,OK,8,ABORT,-0.000146,-0.796318,1.210191,0.000972,0.802506,0.000175
1780622119.484256,3186,ABORT,OK,8,ABORT,-0.000149,-0.795994,1.209709,0.000960,0.802181,0.000172
1780622119.605005,3187,ABORT,OK,8,ABORT,-0.000147,-0.795925,1.209477,0.000969,0.802098,0.000176
1780622119.698739,3188,ABORT,OK,8,ABORT,-0.000147,-0.795929,1.209486,0.000969,0.802102,0.000176
1780622119.827816,3189,ABORT,OK,8,ABORT,-0.000147,-0.795821,1.209271,0.000964,0.801996,0.000173
1780622119.944893,3190,ABORT,OK,8,ABORT,-0.000147,-0.795853,1.209344,0.000968,0.802023,0.000176
1780622120.086062,3191,ABORT,OK,8,ABORT,-0.000148,-0.796260,1.210162,0.000966,0.802452,0.000173
1780622120.155136,3192,ABORT,OK,8,ABORT,-0.000147,-0.796212,1.210032,0.000968,0.802400,0.000174
1780622120.276102,3193,ABORT,OK,8,ABORT,-0.000150,-0.796171,1.210097,0.000964,0.802360,0.000175
1780622120.374240,3194,ABORT,OK,8,ABORT,-0.000148,-0.796270,1.210212,0.000966,0.802463,0.000174
1780622120.525999,3195,ABORT,OK,8,ABORT,-0.000147,-0.795347,1.208421,0.000958,0.801507,0.000173
1780622120.593726,3196,ABORT,OK,8,ABORT,-0.000147,-0.795863,1.209352,0.000968,0.802034,0.000176
1780622120.732268,3197,ABORT,OK,8,ABORT,-0.000149,-0.796555,1.210788,0.000966,0.802760,0.000173
1780622120.812973,3198,ABORT,OK,8,ABORT,-0.000149,-0.796612,1.210862,0.000969,0.802816,0.000174
1780622120.940974,3199,ABORT,OK,8,ABORT,-0.000148,-0.795066,1.207899,0.000954,0.801218,0.000173
1780622121.043707,3200,ABORT,OK,8,ABORT,-0.000148,-0.796493,1.210612,0.000969,0.802693,0.000174
1780622121.159532,3201,ABORT,OK,8,ABORT,-0.000148,-0.795509,1.208771,0.000959,0.801675,0.000174
1780622121.283889,3202,ABORT,OK,8,ABORT,-0.000148,-0.795729,1.209157,0.000960,0.801905,0.000173
1780622121.374779,3203,ABORT,OK,8,ABORT,-0.000150,-0.796411,1.210539,0.000964,0.802613,0.000173
1780622121.506345,3204,ABORT,OK,8,ABORT,-0.000146,-0.795699,1.208994,0.000969,0.801860,0.000177
1780622121.602479,3205,ABORT,OK,8,ABORT,-0.000146,-0.796266,1.210101,0.000971,0.802454,0.000174
1780622121.735301,3206,ABORT,OK,8,ABORT,-0.000149,-0.796551,1.210794,0.000966,0.802757,0.000173
1780622121.825987,3207,ABORT,OK,8,ABORT,-0.000152,-0.796278,1.210374,0.000961,0.802474,0.000174
1780622121.935538,3208,ABORT,OK,8,ABORT,-0.000148,-0.795827,1.209376,0.000959,0.802008,0.000172
1780622122.036523,3209,ABORT,OK,8,ABORT,-0.000148,-0.796038,1.209737,0.000964,0.802223,0.000173
1780622122.149940,3210,ABORT,OK,8,ABORT,-0.000148,-0.795668,1.209020,0.000964,0.801836,0.000175
1780622122.265361,3211,ABORT,OK,8,ABORT,-0.000148,-0.796670,1.210954,0.000971,0.802874,0.000174
1780622122.369509,3212,ABORT,OK,8,ABORT,-0.000147,-0.795971,1.209561,0.000966,0.802151,0.000174
1780622122.462816,3213,ABORT,OK,8,ABORT,-0.000148,-0.795704,1.209069,0.000965,0.801870,0.000176
1780622122.589311,3214,ABORT,OK,8,ABORT,-0.000145,-0.795524,1.208632,0.000965,0.801685,0.000174
1780622122.683007,3215,ABORT,OK,8,ABORT,-0.000147,-0.796596,1.210760,0.000973,0.802796,0.000175
1780622122.807167,3216,ABORT,OK,8,ABORT,-0.000147,-0.795712,1.209059,0.000966,0.801878,0.000175
1780622122.907320,3217,ABORT,OK,8,ABORT,-0.000147,-0.796306,1.210196,0.000970,0.802496,0.000174
1780622123.025345,3218,ABORT,OK,8,ABORT,-0.000146,-0.795659,1.208936,0.000966,0.801824,0.000175
1780622123.114893,3219,ABORT,OK,8,ABORT,-0.000147,-0.795513,1.208696,0.000963,0.801675,0.000174
1780622123.240911,3220,ABORT,OK,8,ABORT,-0.000148,-0.795702,1.209124,0.000958,0.801878,0.000172
1780622123.330657,3221,ABORT,OK,8,ABORT,-0.000146,-0.796025,1.209603,0.000970,0.802202,0.000175
1780622123.454348,3222,ABORT,OK,8,ABORT,-0.000147,-0.795383,1.208445,0.000960,0.801543,0.000174
1780622123.556556,3223,ABORT,OK,8,ABORT,-0.000148,-0.795960,1.209594,0.000962,0.802143,0.000173
1780622123.682135,3224,ABORT,OK,8,ABORT,-0.000148,-0.795629,1.208943,0.000963,0.801795,0.000175
1780622123.786455,3225,ABORT,OK,8,ABORT,-0.000150,-0.796320,1.210358,0.000967,0.802511,0.000176
1780622123.894142,3226,ABORT,OK,8,ABORT,-0.000148,-0.796325,1.210296,0.000967,0.802520,0.000173
1780622123.985190,3227,ABORT,OK,8,ABORT,-0.000146,-0.795591,1.208811,0.000965,0.801754,0.000175
1780622124.105419,3228,ABORT,OK,8,ABORT,-0.000149,-0.796469,1.210599,0.000967,0.802670,0.000174
1780622124.197436,3229,ABORT,OK,8,ABORT,-0.000149,-0.796753,1.211136,0.000970,0.802962,0.000174
1780622124.326134,3230,ABORT,OK,8,ABORT,-0.000148,-0.795779,1.209275,0.000963,0.801952,0.000175
1780622124.420061,3231,ABORT,OK,8,ABORT,-0.000146,-0.795396,1.208472,0.000960,0.801557,0.000173
1780622124.541849,3232,ABORT,OK,8,ABORT,-0.000149,-0.796624,1.210883,0.000970,0.802827,0.000174
1780622124.636014,3233,ABORT,OK,8,ABORT,-0.000151,-0.796237,1.210248,0.000963,0.802429,0.000175
1780622124.794490,3234,ABORT,OK,8,ABORT,-0.000147,-0.796030,1.209673,0.000966,0.802212,0.000174
1780622124.893529,3235,ABORT,OK,8,ABORT,-0.000148,-0.795323,1.208385,0.000957,0.801483,0.000173
1780622124.985123,3236,ABORT,OK,8,ABORT,-0.000150,-0.796221,1.210160,0.000967,0.802407,0.000176
1780622125.110667,3237,ABORT,OK,8,ABORT,-0.000150,-0.795945,1.209667,0.000958,0.802132,0.000172
1780622125.196035,3238,ABORT,OK,8,ABORT,-0.000146,-0.796385,1.210310,0.000973,0.802575,0.000175
1780622125.324957,3239,ABORT,OK,8,ABORT,-0.000147,-0.795336,1.208361,0.000960,0.801494,0.000174
1780622125.418141,3240,ABORT,OK,8,ABORT,-0.000149,-0.795795,1.209333,0.000958,0.801976,0.000172
1780622125.576496,3241,ABORT,OK,8,ABORT,-0.000146,-0.795224,1.208140,0.000959,0.801378,0.000174
1780622125.634444,3242,ABORT,OK,8,ABORT,-0.000146,-0.795514,1.208669,0.000962,0.801678,0.000173
1780622125.765899,3243,ABORT,OK,8,ABORT,-0.000148,-0.796069,1.209820,0.000963,0.802256,0.000173
1780622125.866298,3244,ABORT,OK,8,ABORT,-0.000146,-0.795554,1.208748,0.000965,0.801715,0.000175
1780622125.991888,3245,ABORT,OK,8,ABORT,-0.000149,-0.795595,1.208972,0.000954,0.801772,0.000171
1780622126.104066,3246,ABORT,OK,8,ABORT,-0.000147,-0.796360,1.210292,0.000971,0.802551,0.000174
1780622126.208215,3247,ABORT,OK,8,ABORT,-0.000147,-0.795887,1.209405,0.000965,0.802065,0.000173
1780622126.312916,3248,ABORT,OK,8,ABORT,-0.000149,-0.796411,1.210511,0.000965,0.802612,0.000173
1780622126.453714,3249,ABORT,OK,8,ABORT,-0.000149,-0.795989,1.209682,0.000965,0.802169,0.000175
1780622126.523040,3250,ABORT,OK,8,ABORT,-0.000147,-0.796219,1.210023,0.000969,0.802406,0.000174
1780622126.649404,3251,ABORT,OK,8,ABORT,-0.000146,-0.796103,1.209789,0.000969,0.802286,0.000174
1780622126.743239,3252,ABORT,OK,8,ABORT,-0.000147,-0.795608,1.208872,0.000964,0.801771,0.000175
1780622126.867733,3253,ABORT,OK,8,ABORT,-0.000149,-0.796419,1.210502,0.000966,0.802618,0.000173
1780622126.965520,3254,ABORT,OK,8,ABORT,-0.000146,-0.795448,1.208542,0.000961,0.801609,0.000173
1780622127.078717,3255,ABORT,OK,8,ABORT,-0.000147,-0.796131,1.209897,0.000966,0.802317,0.000174
1780622127.182312,3256,ABORT,OK,8,ABORT,-0.000148,-0.796181,1.210001,0.000966,0.802370,0.000174
1780622127.290555,3257,ABORT,OK,8,ABORT,-0.000147,-0.795654,1.208980,0.000964,0.801820,0.000175
1780622127.387089,3258,ABORT,OK,8,ABORT,-0.000149,-0.796536,1.210748,0.000967,0.802740,0.000173
1780622127.525612,3259,ABORT,OK,6,INSERTED,-0.000158,-0.795915,1.210002,0.000939,0.802120,0.000170
1780622127.619992,3260,ABORT,OK,8,ABORT,-0.000146,-0.795534,1.208695,0.000965,0.801695,0.000175
1780622127.750451,3261,ABORT,OK,8,ABORT,-0.000148,-0.796210,1.210079,0.000965,0.802402,0.000173
1780622127.845457,3262,ABORT,OK,8,ABORT,-0.000146,-0.795599,1.208833,0.000963,0.801765,0.000174
1780622127.971362,3263,ABORT,OK,8,ABORT,-0.000148,-0.796550,1.210701,0.000973,0.802746,0.000176
1780622128.062280,3264,ABORT,OK,8,ABORT,-0.000149,-0.796136,1.209988,0.000962,0.802328,0.000173
1780622128.192703,3265,ABORT,OK,6,INSERTED,-0.000153,-0.795492,1.208982,0.000945,0.801671,0.000171
1780622128.283812,3266,ABORT,OK,8,ABORT,-0.000147,-0.795536,1.208734,0.000963,0.801699,0.000174
1780622128.408880,3267,ABORT,OK,8,ABORT,-0.000149,-0.796920,1.211447,0.000973,0.803134,0.000174
1780622128.535812,3268,ABORT,OK,8,ABORT,-0.000147,-0.794934,1.207627,0.000954,0.801080,0.000173
1780622128.629446,3269,ABORT,OK,8,ABORT,-0.000148,-0.795802,1.209293,0.000961,0.801980,0.000173
1780622128.752096,3270,ABORT,OK,8,ABORT,-0.000146,-0.795362,1.208377,0.000960,0.801521,0.000173
1780622128.837355,3271,ABORT,OK,8,ABORT,-0.000154,-0.795679,1.209345,0.000948,0.801863,0.000172
1780622128.987697,3272,ABORT,OK,8,ABORT,-0.000149,-0.796638,1.210929,0.000968,0.802844,0.000174
1780622129.063321,3273,ABORT,OK,8,ABORT,-0.000148,-0.795899,1.209477,0.000962,0.802081,0.000173
1780622129.186706,3274,ABORT,OK,8,ABORT,-0.000146,-0.796034,1.209657,0.000968,0.802215,0.000174
1780622129.274783,3275,ABORT,OK,8,ABORT,-0.000148,-0.795849,1.209428,0.000959,0.802032,0.000172
1780622129.399930,3276,ABORT,OK,8,ABORT,-0.000147,-0.795392,1.208500,0.000960,0.801551,0.000174
1780622129.494457,3277,ABORT,OK,8,ABORT,-0.000148,-0.796468,1.210577,0.000968,0.802667,0.000174
1780622129.616994,3278,ABORT,OK,8,ABORT,-0.000145,-0.795956,1.209465,0.000970,0.802131,0.000175
1780622129.714353,3279,ABORT,OK,8,ABORT,-0.000146,-0.795461,1.208565,0.000964,0.801620,0.000175
1780622129.859086,3280,ABORT,OK,8,ABORT,-0.000149,-0.796521,1.210731,0.000966,0.802725,0.000173
1780622129.925726,3281,ABORT,OK,8,ABORT,-0.000146,-0.795243,1.208138,0.000960,0.801396,0.000174
1780622130.068233,3282,ABORT,OK,8,ABORT,-0.000147,-0.796017,1.209641,0.000967,0.802199,0.000174
1780622130.159166,3283,ABORT,OK,8,ABORT,-0.000148,-0.796647,1.210903,0.000971,0.802851,0.000174
1780622130.262981,3284,ABORT,OK,8,ABORT,-0.000149,-0.795977,1.209655,0.000965,0.802157,0.000175
1780622130.360351,3285,ABORT,OK,8,ABORT,-0.000147,-0.796072,1.209788,0.000965,0.802258,0.000173
1780622130.488009,3286,ABORT,OK,8,ABORT,-0.000148,-0.795813,1.209318,0.000964,0.801986,0.000175
1780622130.577070,3287,ABORT,OK,8,ABORT,-0.000148,-0.795876,1.209417,0.000966,0.802049,0.000175
1780622130.705631,3288,ABORT,OK,8,ABORT,-0.000147,-0.796261,1.210111,0.000969,0.802450,0.000174
1780622130.792483,3289,ABORT,OK,8,ABORT,-0.000146,-0.795560,1.208748,0.000964,0.801722,0.000174
1780622130.948149,3290,ABORT,OK,8,ABORT,-0.000146,-0.796324,1.210194,0.000972,0.802512,0.000175
1780622131.016688,3291,ABORT,OK,8,ABORT,-0.000148,-0.795918,1.209543,0.000960,0.802102,0.000172
1780622131.139517,3292,ABORT,OK,8,ABORT,-0.000151,-0.795896,1.209620,0.000957,0.802080,0.000173
1780622131.252726,3293,ABORT,OK,8,ABORT,-0.000147,-0.795351,1.208405,0.000959,0.801510,0.000174
1780622131.374623,3294,ABORT,OK,8,ABORT,-0.000147,-0.796211,1.210024,0.000968,0.802399,0.000174
1780622131.462690,3295,ABORT,OK,8,ABORT,-0.000146,-0.795442,1.208539,0.000963,0.801599,0.000175
1780622131.597362,3296,ABORT,OK,8,ABORT,-0.000148,-0.796634,1.210866,0.000971,0.802837,0.000174
1780622131.703650,3297,ABORT,OK,8,ABORT,-0.000148,-0.796287,1.210205,0.000967,0.802480,0.000174
1780622131.829379,3298,ABORT,OK,8,ABORT,-0.000148,-0.795540,1.208812,0.000961,0.801705,0.000175
1780622131.920112,3299,ABORT,OK,8,ABORT,-0.000148,-0.795540,1.208817,0.000958,0.801710,0.000173
1780622132.043056,3300,ABORT,OK,8,ABORT,-0.000147,-0.796007,1.209643,0.000966,0.802189,0.000174
1780622132.177851,3301,ABORT,OK,8,ABORT,-0.000147,-0.795880,1.209384,0.000965,0.802057,0.000174
1780622132.278014,3302,ABORT,OK,8,ABORT,-0.000147,-0.796018,1.209685,0.000964,0.802202,0.000173
1780622132.406872,3303,ABORT,OK,8,ABORT,-0.000147,-0.795735,1.209125,0.000965,0.801905,0.000175
1780622132.499831,3304,ABORT,OK,8,ABORT,-0.000148,-0.795972,1.209582,0.000969,0.802146,0.000176
1780622132.647443,3305,ABORT,OK,8,ABORT,-0.000148,-0.796376,1.210391,0.000967,0.802572,0.000174
1780622132.706930,3306,ABORT,OK,8,ABORT,-0.000146,-0.796066,1.209699,0.000969,0.802246,0.000174
1780622132.842362,3307,ABORT,OK,8,ABORT,-0.000149,-0.796658,1.210968,0.000969,0.802865,0.000174
1780622132.941519,3308,ABORT,OK,8,ABORT,-0.000150,-0.796941,1.211539,0.000970,0.803158,0.000174
1780622133.076569,3309,ABORT,OK,8,ABORT,-0.000146,-0.795264,1.208191,0.000961,0.801416,0.000174
1780622133.175704,3310,ABORT,OK,8,ABORT,-0.000147,-0.795579,1.208856,0.000959,0.801749,0.000172
1780622133.298095,3311,ABORT,OK,8,ABORT,-0.000148,-0.796004,1.209666,0.000967,0.802182,0.000175
1780622133.383521,3312,ABORT,OK,8,ABORT,-0.000150,-0.796072,1.209880,0.000964,0.802256,0.000175
1780622133.508744,3313,ABORT,OK,8,ABORT,-0.000148,-0.795975,1.209613,0.000963,0.802158,0.000173
1780622133.607566,3314,ABORT,OK,8,ABORT,-0.000149,-0.795103,1.208039,0.000951,0.801260,0.000173
1780622133.734167,3315,ABORT,OK,8,ABORT,-0.000148,-0.796567,1.210761,0.000969,0.802769,0.000174
1780622133.833639,3316,ABORT,OK,8,ABORT,-0.000148,-0.796491,1.210603,0.000969,0.802690,0.000174
1780622133.993713,3317,ABORT,OK,8,ABORT,-0.000145,-0.795373,1.208345,0.000963,0.801529,0.000174
1780622134.062937,3318,ABORT,OK,8,ABORT,-0.000147,-0.795830,1.209340,0.000961,0.802009,0.000173
1780622134.184765,3319,ABORT,OK,8,ABORT,-0.000148,-0.795701,1.209103,0.000963,0.801871,0.000175
1780622134.270835,3320,ABORT,OK,8,ABORT,-0.000145,-0.795706,1.208990,0.000967,0.801873,0.000174
1780622134.405439,3321,ABORT,OK,8,ABORT,-0.000147,-0.796009,1.209630,0.000967,0.802190,0.000174
1780622134.495767,3322,ABORT,OK,8,ABORT,-0.000148,-0.795900,1.209471,0.000966,0.802075,0.000175
1780622134.629223,3323,ABORT,OK,8,ABORT,-0.000149,-0.796393,1.210462,0.000966,0.802592,0.000173
1780622134.731077,3324,ABORT,OK,8,ABORT,-0.000146,-0.795901,1.209414,0.000966,0.802078,0.000174
1780622134.852545,3325,ABORT,OK,8,ABORT,-0.000147,-0.795485,1.208644,0.000962,0.801647,0.000174
1780622134.964953,3326,ABORT,OK,8,ABORT,-0.000148,-0.796567,1.210764,0.000969,0.802769,0.000174
1780622135.091928,3327,ABORT,OK,8,ABORT,-0.000147,-0.796171,1.209925,0.000969,0.802356,0.000174
1780622135.185282,3328,ABORT,OK,8,ABORT,-0.000147,-0.796044,1.209709,0.000966,0.802227,0.000173
1780622135.339113,3329,ABORT,OK,8,ABORT,-0.000148,-0.795628,1.208951,0.000962,0.801795,0.000175
1780622135.418013,3330,ABORT,OK,8,ABORT,-0.000147,-0.796284,1.210147,0.000970,0.802473,0.000174
1780622135.575753,3331,ABORT,OK,8,ABORT,-0.000150,-0.795253,1.208364,0.000952,0.801414,0.000173
1780622135.636605,3332,ABORT,OK,8,ABORT,-0.000146,-0.796448,1.210431,0.000974,0.802640,0.000175
1780622135.769994,3333,ABORT,OK,8,ABORT,-0.000145,-0.795575,1.208756,0.000964,0.801740,0.000174
1780622135.894075,3334,ABORT,OK,8,ABORT,-0.000148,-0.796464,1.210563,0.000968,0.802663,0.000174
1780622135.996695,3335,ABORT,OK,8,ABORT,-0.000149,-0.796375,1.210422,0.000966,0.802573,0.000173
1780622136.119344,3336,ABORT,OK,8,ABORT,-0.000150,-0.796415,1.210539,0.000968,0.802609,0.000176
1780622136.221485,3337,ABORT,OK,8,ABORT,-0.000147,-0.796263,1.210103,0.000970,0.802451,0.000174
1780622136.332529,3338,ABORT,OK,8,ABORT,-0.000147,-0.795587,1.208831,0.000964,0.801751,0.000175
1780622136.423055,3339,ABORT,OK,8,ABORT,-0.000147,-0.795239,1.208212,0.000957,0.801395,0.000173
1780622136.547268,3340,ABORT,OK,8,ABORT,-0.000148,-0.796306,1.210245,0.000967,0.802499,0.000174
1780622136.636015,3341,ABORT,OK,8,ABORT,-0.000151,-0.795850,1.209552,0.000955,0.802035,0.000173
1780622136.764643,3342,ABORT,OK,8,ABORT,-0.000149,-0.796338,1.210368,0.000964,0.802536,0.000173
1780622136.860006,3343,ABORT,OK,8,ABORT,-0.000149,-0.796119,1.209961,0.000964,0.802306,0.000174
1780622136.980719,3344,ABORT,OK,8,ABORT,-0.000147,-0.795506,1.208697,0.000961,0.801669,0.000174
1780622137.071034,3345,ABORT,OK,8,ABORT,-0.000147,-0.796115,1.209860,0.000966,0.802302,0.000173
1780622137.189278,3346,ABORT,OK,8,ABORT,-0.000148,-0.795787,1.209234,0.000966,0.801956,0.000175
1780622137.288706,3347,ABORT,OK,8,ABORT,-0.000149,-0.796207,1.210111,0.000967,0.802393,0.000176
1780622137.406363,3348,ABORT,OK,8,ABORT,-0.000146,-0.796063,1.209696,0.000969,0.802244,0.000174
1780622137.495924,3349,ABORT,OK,8,ABORT,-0.000146,-0.796061,1.209691,0.000969,0.802241,0.000174
1780622137.628140,3350,ABORT,OK,8,ABORT,-0.000147,-0.796596,1.210755,0.000973,0.802795,0.000175
1780622137.718176,3351,ABORT,OK,8,ABORT,-0.000147,-0.795250,1.208197,0.000959,0.801404,0.000174
1780622137.841870,3352,ABORT,OK,8,ABORT,-0.000148,-0.795899,1.209508,0.000960,0.802082,0.000172
1780622137.955001,3353,ABORT,OK,8,ABORT,-0.000148,-0.795553,1.208825,0.000960,0.801719,0.000174
1780622138.069089,3354,ABORT,OK,8,ABORT,-0.000148,-0.795904,1.209484,0.000962,0.802085,0.000173
1780622138.159134,3355,ABORT,OK,8,ABORT,-0.000147,-0.796092,1.209793,0.000967,0.802276,0.000174
1780622138.294611,3356,ABORT,OK,8,ABORT,-0.000146,-0.796311,1.210175,0.000972,0.802499,0.000175
1780622138.379449,3357,ABORT,OK,8,ABORT,-0.000149,-0.796377,1.210454,0.000964,0.802577,0.000173
1780622138.504266,3358,ABORT,OK,8,ABORT,-0.000149,-0.795031,1.207910,0.000950,0.801186,0.000172
1780622138.603664,3359,ABORT,OK,8,ABORT,-0.000148,-0.795925,1.209544,0.000961,0.802108,0.000173
1780622138.730119,3360,ABORT,OK,8,ABORT,-0.000149,-0.795903,1.209497,0.000965,0.802078,0.000175
1780622138.825894,3361,ABORT,OK,8,ABORT,-0.000148,-0.795846,1.209388,0.000964,0.802020,0.000175
1780622138.961766,3362,ABORT,OK,8,ABORT,-0.000147,-0.796178,1.209961,0.000968,0.802365,0.000174
1780622139.064447,3363,ABORT,OK,8,ABORT,-0.000146,-0.795337,1.208352,0.000960,0.801494,0.000174
1780622139.186445,3364,ABORT,OK,8,ABORT,-0.000148,-0.796012,1.209682,0.000964,0.802197,0.000173
1780622139.273165,3365,ABORT,OK,8,ABORT,-0.000147,-0.796006,1.209661,0.000964,0.802189,0.000173
1780622139.399077,3366,ABORT,OK,8,ABORT,-0.000148,-0.795918,1.209522,0.000965,0.802094,0.000175
1780622139.526936,3367,ABORT,OK,8,ABORT,-0.000147,-0.796322,1.210243,0.000969,0.802514,0.000174
1780622139.620914,3368,ABORT,OK,8,ABORT,-0.000147,-0.795494,1.208645,0.000963,0.801654,0.000175
1780622139.748329,3369,ABORT,OK,8,ABORT,-0.000149,-0.796606,1.210857,0.000969,0.802810,0.000174
1780622139.837809,3370,ABORT,OK,8,ABORT,-0.000149,-0.796489,1.210660,0.000966,0.802692,0.000173
1780622139.954708,3371,ABORT,OK,8,ABORT,-0.000147,-0.795179,1.208056,0.000959,0.801330,0.000174
1780622140.057306,3372,ABORT,OK,8,ABORT,-0.000148,-0.795915,1.209511,0.000962,0.802097,0.000173
1780622140.195986,3373,ABORT,OK,8,ABORT,-0.000146,-0.795968,1.209541,0.000967,0.802146,0.000174
1780622140.273689,3374,ABORT,OK,8,ABORT,-0.000151,-0.796134,1.210053,0.000962,0.802323,0.000175
1780622140.397064,3375,ABORT,OK,8,ABORT,-0.000147,-0.796475,1.210523,0.000972,0.802671,0.000174
1780622140.484929,3376,ABORT,OK,8,ABORT,-0.000147,-0.796560,1.210698,0.000972,0.802759,0.000174
1780622140.614003,3377,ABORT,OK,8,ABORT,-0.000146,-0.795574,1.208792,0.000964,0.801737,0.000175
1780622140.704708,3378,ABORT,OK,8,ABORT,-0.000148,-0.795895,1.209485,0.000961,0.802077,0.000173
1780622140.832428,3379,ABORT,OK,8,ABORT,-0.000152,-0.796454,1.210715,0.000962,0.802656,0.000174
1780622140.921003,3380,ABORT,OK,8,ABORT,-0.000147,-0.795925,1.209479,0.000969,0.802096,0.000176
1780622141.040920,3381,ABORT,OK,8,ABORT,-0.000147,-0.796261,1.210116,0.000969,0.802450,0.000174
1780622141.132491,3382,ABORT,OK,8,ABORT,-0.000147,-0.796238,1.210091,0.000968,0.802428,0.000174
1780622141.258851,3383,ABORT,OK,8,ABORT,-0.000148,-0.795680,1.209089,0.000961,0.801851,0.000174
1780622141.348972,3384,ABORT,OK,8,ABORT,-0.000147,-0.796228,1.210083,0.000967,0.802418,0.000174
1780622141.472581,3385,ABORT,OK,8,ABORT,-0.000146,-0.795649,1.208926,0.000966,0.801813,0.000175
1780622141.566209,3386,ABORT,OK,8,ABORT,-0.000151,-0.796398,1.210545,0.000966,0.802594,0.000175
1780622141.699538,3387,ABORT,OK,8,ABORT,-0.000147,-0.796199,1.210013,0.000968,0.802387,0.000174
1780622141.795971,3388,ABORT,OK,8,ABORT,-0.000148,-0.795229,1.208239,0.000954,0.801387,0.000173
1780622141.908219,3389,ABORT,OK,8,ABORT,-0.000149,-0.796678,1.211006,0.000969,0.802886,0.000174
1780622141.997429,3390,ABORT,OK,8,ABORT,-0.000151,-0.796349,1.210458,0.000963,0.802548,0.000174
1780622142.127239,3391,ABORT,OK,8,ABORT,-0.000146,-0.796200,1.209970,0.000970,0.802385,0.000174
1780622142.222435,3392,ABORT,OK,8,ABORT,-0.000147,-0.795994,1.209641,0.000964,0.802177,0.000173
1780622142.351958,3393,ABORT,OK,8,ABORT,-0.000148,-0.795933,1.209557,0.000965,0.802109,0.000175
1780622142.432174,3394,ABORT,OK,8,ABORT,-0.000147,-0.796246,1.210095,0.000969,0.802434,0.000174
1780622142.567661,3395,ABORT,OK,8,ABORT,-0.000146,-0.795624,1.208873,0.000964,0.801790,0.000174
1780622142.661932,3396,ABORT,OK,8,ABORT,-0.000147,-0.795655,1.208987,0.000964,0.801822,0.000175
1780622142.794543,3397,ABORT,OK,8,ABORT,-0.000147,-0.796242,1.210082,0.000969,0.802431,0.000174
1780622142.877970,3398,ABORT,OK,8,ABORT,-0.000145,-0.795765,1.209112,0.000967,0.801935,0.000174
1780622143.032588,3399,ABORT,OK,8,ABORT,-0.000148,-0.795939,1.209548,0.000963,0.802121,0.000173
1780622143.142845,3400,ABORT,OK,8,ABORT,-0.000147,-0.795460,1.208606,0.000960,0.801623,0.000173
1780622143.240444,3401,ABORT,OK,8,ABORT,-0.000147,-0.795898,1.209424,0.000965,0.802077,0.000173
1780622143.365705,3402,ABORT,OK,8,ABORT,-0.000148,-0.795839,1.209345,0.000965,0.802011,0.000175
1780622143.459793,3403,ABORT,OK,8,ABORT,-0.000147,-0.795819,1.209267,0.000965,0.801994,0.000174
1780622143.585763,3404,ABORT,OK,8,ABORT,-0.000146,-0.795399,1.208431,0.000961,0.801559,0.000173
1780622143.673832,3405,ABORT,OK,8,ABORT,-0.000148,-0.795850,1.209345,0.000967,0.802020,0.000176
1780622143.800815,3406,ABORT,OK,8,ABORT,-0.000148,-0.796389,1.210411,0.000968,0.802584,0.000174
1780622143.914338,3407,ABORT,OK,8,ABORT,-0.000152,-0.796213,1.210246,0.000960,0.802408,0.000174
1780622144.015200,3408,ABORT,OK,8,ABORT,-0.000147,-0.796214,1.210053,0.000967,0.802404,0.000174
1780622144.113570,3409,ABORT,OK,8,ABORT,-0.000148,-0.795962,1.209617,0.000961,0.802147,0.000173
1780622144.237657,3410,ABORT,OK,8,ABORT,-0.000148,-0.795740,1.209146,0.000965,0.801908,0.000175
1780622144.328622,3411,ABORT,OK,8,ABORT,-0.000147,-0.796239,1.210080,0.000968,0.802428,0.000174
1780622144.449807,3412,ABORT,OK,8,ABORT,-0.000147,-0.795716,1.209068,0.000966,0.801882,0.000175
1780622144.541891,3413,ABORT,OK,8,ABORT,-0.000151,-0.796375,1.210520,0.000964,0.802572,0.000175
1780622144.667268,3414,ABORT,OK,8,ABORT,-0.000147,-0.796063,1.209729,0.000967,0.802245,0.000174
1780622144.762218,3415,ABORT,OK,8,ABORT,-0.000147,-0.795688,1.209061,0.000962,0.801859,0.000174
1780622144.882005,3416,ABORT,OK,8,ABORT,-0.000148,-0.796729,1.211063,0.000972,0.802936,0.000174
1780622144.978663,3417,ABORT,OK,8,ABORT,-0.000148,-0.795975,1.209633,0.000966,0.802153,0.000175
1780622145.104123,3418,ABORT,OK,8,ABORT,-0.000148,-0.795942,1.209558,0.000962,0.802125,0.000173
1780622145.195712,3419,ABORT,OK,8,ABORT,-0.000147,-0.795386,1.208460,0.000961,0.801545,0.000174
1780622145.314842,3420,ABORT,OK,8,ABORT,-0.000148,-0.796248,1.210132,0.000967,0.802440,0.000174
1780622145.409682,3421,ABORT,OK,8,ABORT,-0.000147,-0.795932,1.209482,0.000965,0.802110,0.000174
1780622145.535059,3422,ABORT,OK,8,ABORT,-0.000147,-0.796250,1.210077,0.000970,0.802438,0.000174
1780622145.624118,3423,ABORT,OK,8,ABORT,-0.000150,-0.796488,1.210682,0.000967,0.802687,0.000175
1780622145.756821,3424,ABORT,OK,8,ABORT,-0.000148,-0.796027,1.209715,0.000964,0.802212,0.000173
1780622145.840375,3425,ABORT,OK,8,ABORT,-0.000145,-0.795785,1.209141,0.000968,0.801955,0.000174
1780622145.969513,3426,ABORT,OK,8,ABORT,-0.000148,-0.796512,1.210661,0.000969,0.802713,0.000174
1780622146.055125,3427,ABORT,OK,8,ABORT,-0.000148,-0.796505,1.210647,0.000968,0.802705,0.000174
1780622146.180436,3428,ABORT,OK,8,ABORT,-0.000146,-0.796264,1.210094,0.000971,0.802451,0.000174
1780622146.282408,3429,ABORT,OK,8,ABORT,-0.000147,-0.796201,1.210011,0.000968,0.802389,0.000174
1780622146.402629,3430,ABORT,OK,8,ABORT,-0.000148,-0.796048,1.209754,0.000968,0.802227,0.000176
1780622146.489165,3431,ABORT,OK,8,ABORT,-0.000148,-0.796281,1.210229,0.000966,0.802475,0.000173
1780622146.633245,3432,ABORT,OK,8,ABORT,-0.000147,-0.795414,1.208524,0.000961,0.801573,0.000174
1780622146.749489,3433,ABORT,OK,8,ABORT,-0.000146,-0.796131,1.209841,0.000969,0.802315,0.000174
1780622146.841975,3434,ABORT,OK,8,ABORT,-0.000148,-0.796058,1.209779,0.000967,0.802238,0.000175
1780622146.961834,3435,ABORT,OK,8,ABORT,-0.000148,-0.796456,1.210538,0.000969,0.802654,0.000174
1780622147.064282,3436,ABORT,OK,8,ABORT,-0.000147,-0.796268,1.210130,0.000969,0.802458,0.000174
1780622147.176517,3437,ABORT,OK,8,ABORT,-0.000146,-0.795336,1.208341,0.000961,0.801492,0.000174
1780622147.270380,3438,ABORT,OK,8,ABORT,-0.000148,-0.796446,1.210533,0.000968,0.802645,0.000174
1780622147.399336,3439,ABORT,OK,8,ABORT,-0.000148,-0.796014,1.209692,0.000967,0.802192,0.000176
1780622147.484898,3440,ABORT,OK,8,ABORT,-0.000147,-0.795381,1.208467,0.000959,0.801541,0.000174
1780622147.620614,3441,ABORT,OK,8,ABORT,-0.000147,-0.796346,1.210282,0.000970,0.802538,0.000174
1780622147.714622,3442,ABORT,OK,8,ABORT,-0.000150,-0.795099,1.208049,0.000952,0.801252,0.000174
1780622147.839494,3443,ABORT,OK,8,ABORT,-0.000147,-0.795610,1.208897,0.000962,0.801777,0.000174
1780622147.929923,3444,ABORT,OK,8,ABORT,-0.000150,-0.796632,1.210968,0.000966,0.802841,0.000173
1780622148.051924,3445,ABORT,OK,8,ABORT,-0.000150,-0.796110,1.209949,0.000965,0.802294,0.000176
1780622148.162256,3446,ABORT,OK,8,ABORT,-0.000148,-0.796418,1.210453,0.000969,0.802614,0.000174
1780622148.279098,3447,ABORT,OK,8,ABORT,-0.000147,-0.795823,1.209312,0.000962,0.802001,0.000173
1780622148.376728,3448,ABORT,OK,8,ABORT,-0.000147,-0.795723,1.209106,0.000962,0.801897,0.000173
1780622148.493283,3449,ABORT,OK,8,ABORT,-0.000149,-0.796099,1.209915,0.000961,0.802290,0.000173
1780622148.592075,3450,ABORT,OK,8,ABORT,-0.000147,-0.796045,1.209705,0.000966,0.802228,0.000174
1780622148.729193,3451,ABORT,OK,8,ABORT,-0.000146,-0.795802,1.209211,0.000965,0.801975,0.000174
1780622148.818361,3452,ABORT,OK,8,ABORT,-0.000149,-0.796640,1.210944,0.000968,0.802847,0.000174
1780622148.956613,3453,ABORT,OK,8,ABORT,-0.000148,-0.795717,1.209104,0.000965,0.801885,0.000175
1780622149.035778,3454,ABORT,OK,8,ABORT,-0.000146,-0.796029,1.209613,0.000970,0.802207,0.000174
1780622149.159374,3455,ABORT,OK,8,ABORT,-0.000146,-0.796057,1.209709,0.000968,0.802239,0.000174
1780622149.258379,3456,ABORT,OK,8,ABORT,-0.000148,-0.795830,1.209358,0.000964,0.802003,0.000175
1780622149.407834,3457,ABORT,OK,8,ABORT,-0.000148,-0.796124,1.209915,0.000964,0.802313,0.000173
1780622149.477640,3458,ABORT,OK,8,ABORT,-0.000146,-0.795856,1.209314,0.000966,0.802030,0.000174
1780622149.612794,3459,ABORT,OK,8,ABORT,-0.000147,-0.796386,1.210355,0.000971,0.802579,0.000174
1780622149.709836,3460,ABORT,OK,8,ABORT,-0.000146,-0.796054,1.209697,0.000968,0.802235,0.000174
1780622149.825399,3461,ABORT,OK,8,ABORT,-0.000147,-0.795964,1.209575,0.000964,0.802146,0.000173
1780622149.921807,3462,ABORT,OK,8,ABORT,-0.000148,-0.796384,1.210400,0.000968,0.802580,0.000174
1780622150.051901,3463,ABORT,OK,8,ABORT,-0.000149,-0.796047,1.209805,0.000965,0.802230,0.000175
1780622150.151475,3464,ABORT,OK,8,ABORT,-0.000147,-0.795421,1.208576,0.000956,0.801588,0.000172
1780622150.300997,3465,ABORT,OK,6,INSERTED,-0.000155,-0.796358,1.210724,0.000950,0.802570,0.000172
1780622150.417120,3466,ABORT,OK,8,ABORT,-0.000149,-0.796465,1.210628,0.000965,0.802668,0.000173
1780622150.507929,3467,ABORT,OK,8,ABORT,-0.000149,-0.795778,1.209296,0.000961,0.801953,0.000174
1780622150.647338,3468,ABORT,OK,8,ABORT,-0.000148,-0.795949,1.209576,0.000962,0.802132,0.000173
1780622150.745399,3469,ABORT,OK,8,ABORT,-0.000147,-0.796079,1.209801,0.000965,0.802265,0.000173
1780622150.852173,3470,ABORT,OK,8,ABORT,-0.000149,-0.796018,1.209727,0.000966,0.802198,0.000175
1780622150.950351,3471,ABORT,OK,8,ABORT,-0.000148,-0.796410,1.210430,0.000969,0.802605,0.000174
1780622151.089271,3472,ABORT,OK,8,ABORT,-0.000146,-0.795424,1.208517,0.000961,0.801584,0.000174
1780622151.183133,3473,ABORT,OK,8,ABORT,-0.000147,-0.796061,1.209733,0.000967,0.802243,0.000174
1780622151.304071,3474,ABORT,OK,8,ABORT,-0.000148,-0.795694,1.209101,0.000962,0.801865,0.000174
1780622151.395597,3475,ABORT,OK,8,ABORT,-0.000145,-0.795428,1.208434,0.000965,0.801585,0.000174
1780622151.545985,3476,ABORT,OK,8,ABORT,-0.000147,-0.796348,1.210254,0.000972,0.802538,0.000175
1780622151.640828,3477,ABORT,OK,8,ABORT,-0.000148,-0.795897,1.209466,0.000966,0.802071,0.000175
1780622151.750753,3478,ABORT,OK,8,ABORT,-0.000148,-0.795931,1.209539,0.000962,0.802113,0.000173
1780622151.846452,3479,ABORT,OK,8,ABORT,-0.000146,-0.795644,1.208908,0.000966,0.801808,0.000175
1780622151.973451,3480,ABORT,OK,8,ABORT,-0.000149,-0.796406,1.210494,0.000965,0.802605,0.000173
1780622152.076520,3481,ABORT,OK,8,ABORT,-0.000147,-0.795984,1.209607,0.000965,0.802166,0.000173
1780622152.189271,3482,ABORT,OK,8,ABORT,-0.000147,-0.795600,1.208887,0.000962,0.801768,0.000174
1780622152.281876,3483,ABORT,OK,8,ABORT,-0.000149,-0.795835,1.209423,0.000957,0.802019,0.000172
1780622152.415901,3484,ABORT,OK,8,ABORT,-0.000149,-0.795138,1.208115,0.000953,0.801293,0.000174
1780622152.507317,3485,ABORT,OK,8,ABORT,-0.000146,-0.795690,1.209023,0.000963,0.801860,0.000174
1780622152.639931,3486,ABORT,OK,8,ABORT,-0.000147,-0.795999,1.209612,0.000967,0.802179,0.000174
1780622152.733031,3487,ABORT,OK,8,ABORT,-0.000148,-0.795027,1.207855,0.000952,0.801180,0.000172
1780622152.859629,3488,ABORT,OK,8,ABORT,-0.000148,-0.796408,1.210445,0.000968,0.802605,0.000174
1780622152.949155,3489,ABORT,OK,8,ABORT,-0.000148,-0.796352,1.210322,0.000968,0.802546,0.000174
1780622153.069276,3490,ABORT,OK,8,ABORT,-0.000146,-0.795289,1.208246,0.000961,0.801443,0.000174
1780622153.163571,3491,ABORT,OK,8,ABORT,-0.000149,-0.795814,1.209373,0.000958,0.801997,0.000172
1780622153.308407,3492,ABORT,OK,8,ABORT,-0.000148,-0.795961,1.209599,0.000966,0.802139,0.000175
1780622153.375297,3493,ABORT,OK,8,ABORT,-0.000150,-0.796367,1.210462,0.000967,0.802560,0.000176
1780622153.507453,3494,ABORT,OK,8,ABORT,-0.000147,-0.796368,1.210335,0.000969,0.802562,0.000174
1780622153.603844,3495,ABORT,OK,8,ABORT,-0.000146,-0.796095,1.209772,0.000969,0.802277,0.000174
1780622153.750595,3496,ABORT,OK,8,ABORT,-0.000149,-0.796423,1.210508,0.000967,0.802621,0.000174
1780622153.823746,3497,ABORT,OK,8,ABORT,-0.000149,-0.796715,1.211055,0.000971,0.802922,0.000174
1780622153.958139,3498,ABORT,OK,8,ABORT,-0.000148,-0.795819,1.209315,0.000965,0.801990,0.000175
1780622154.117621,3499,ABORT,OK,8,ABORT,-0.000148,-0.796580,1.210772,0.000970,0.802782,0.000174
1780622154.182566,3500,ABORT,OK,8,ABORT,-0.000149,-0.795805,1.209329,0.000963,0.801979,0.000175
1780622154.309198,3501,ABORT,OK,8,ABORT,-0.000148,-0.795947,1.209576,0.000962,0.802131,0.000173
1780622154.402048,3502,ABORT,OK,8,ABORT,-0.000148,-0.796240,1.210128,0.000966,0.802432,0.000173
1780622154.523613,3503,ABORT,OK,8,ABORT,-0.000148,-0.796166,1.209949,0.000972,0.802345,0.000177
1780622154.615919,3504,ABORT,OK,8,ABORT,-0.000150,-0.796058,1.209882,0.000960,0.802246,0.000173
1780622154.779264,3505,ABORT,OK,8,ABORT,-0.000147,-0.796272,1.210116,0.000970,0.802460,0.000174
1780622154.843915,3506,ABORT,OK,8,ABORT,-0.000148,-0.795629,1.208944,0.000963,0.801794,0.000175
1780622154.963757,3507,ABORT,OK,8,ABORT,-0.000151,-0.796397,1.210542,0.000966,0.802592,0.000176
1780622155.057362,3508,ABORT,OK,8,ABORT,-0.000149,-0.796424,1.210552,0.000964,0.802625,0.000173
1780622155.179090,3509,ABORT,OK,8,ABORT,-0.000147,-0.795471,1.208625,0.000961,0.801633,0.000174
1780622155.272207,3510,ABORT,OK,8,ABORT,-0.000148,-0.796449,1.210542,0.000968,0.802647,0.000174
1780622155.423429,3511,ABORT,OK,8,ABORT,-0.000152,-0.796159,1.210145,0.000960,0.802352,0.000174
1780622155.486813,3512,ABORT,OK,8,ABORT,-0.000145,-0.795362,1.208331,0.000963,0.801518,0.000174
1780622155.614783,3513,ABORT,OK,8,ABORT,-0.000148,-0.795968,1.209624,0.000962,0.802153,0.000173
1780622155.705931,3514,ABORT,OK,8,ABORT,-0.000147,-0.795800,1.209222,0.000968,0.801968,0.000176
1780622155.833119,3515,ABORT,OK,8,ABORT,-0.000148,-0.796134,1.209911,0.000965,0.802322,0.000173
1780622155.926377,3516,ABORT,OK,8,ABORT,-0.000148,-0.796256,1.210164,0.000966,0.802449,0.000173
1780622156.045190,3517,ABORT,OK,8,ABORT,-0.000147,-0.795607,1.208880,0.000964,0.801771,0.000175
1780622156.142206,3518,ABORT,OK,8,ABORT,-0.000148,-0.795811,1.209311,0.000961,0.801990,0.000173
1780622156.266101,3519,ABORT,OK,8,ABORT,-0.000147,-0.795398,1.208471,0.000961,0.801557,0.000174
1780622156.364272,3520,ABORT,OK,8,ABORT,-0.000148,-0.795885,1.209436,0.000966,0.802058,0.000176
1780622156.507086,3521,ABORT,OK,8,ABORT,-0.000149,-0.796256,1.210223,0.000965,0.802448,0.000174
1780622156.581486,3522,ABORT,OK,8,ABORT,-0.000147,-0.796005,1.209655,0.000965,0.802188,0.000173
1780622156.715471,3523,ABORT,OK,8,ABORT,-0.000151,-0.796449,1.210648,0.000964,0.802650,0.000174
1780622156.810061,3524,ABORT,OK,8,ABORT,-0.000149,-0.796537,1.210739,0.000967,0.802740,0.000174
1780622156.933382,3525,ABORT,OK,6,INSERTED,-0.000157,-0.796187,1.210475,0.000945,0.802397,0.000171
1780622157.018409,3526,ABORT,OK,8,ABORT,-0.000147,-0.796247,1.210087,0.000969,0.802436,0.000174
1780622157.145420,3527,ABORT,OK,8,ABORT,-0.000148,-0.795615,1.208941,0.000961,0.801783,0.000174
1780622157.245087,3528,ABORT,OK,8,ABORT,-0.000148,-0.795064,1.207923,0.000952,0.801218,0.000173
1780622157.379576,3529,ABORT,OK,8,ABORT,-0.000148,-0.796105,1.209874,0.000964,0.802293,0.000173
1780622157.493820,3530,ABORT,OK,8,ABORT,-0.000148,-0.796060,1.209782,0.000964,0.802246,0.000173
1780622157.595791,3531,ABORT,OK,8,ABORT,-0.000148,-0.795014,1.207809,0.000952,0.801166,0.000172
1780622157.741069,3532,ABORT,OK,8,ABORT,-0.000149,-0.796789,1.211206,0.000971,0.802999,0.000174
1780622157.816819,3533,ABORT,OK,8,ABORT,-0.000148,-0.795804,1.209276,0.000965,0.801975,0.000175
1780622157.943399,3534,ABORT,OK,8,ABORT,-0.000147,-0.796321,1.210203,0.000971,0.802510,0.000175
1780622158.028147,3535,ABORT,OK,8,ABORT,-0.000149,-0.796355,1.210426,0.000963,0.802555,0.000173
1780622158.150549,3536,ABORT,OK,8,ABORT,-0.000147,-0.795391,1.208485,0.000960,0.801551,0.000174
1780622158.244058,3537,ABORT,OK,8,ABORT,-0.000146,-0.796364,1.210274,0.000972,0.802554,0.000175
1780622158.370573,3538,ABORT,OK,8,ABORT,-0.000149,-0.795954,1.209611,0.000964,0.802133,0.000175
1780622158.469361,3539,ABORT,OK,8,ABORT,-0.000148,-0.795300,1.208379,0.000956,0.801460,0.000173
1780622158.602740,3540,ABORT,OK,8,ABORT,-0.000148,-0.796324,1.210276,0.000968,0.802518,0.000174
1780622158.682976,3541,ABORT,OK,8,ABORT,-0.000149,-0.795190,1.208188,0.000955,0.801345,0.000174
1780622158.813321,3542,ABORT,OK,8,ABORT,-0.000148,-0.796193,1.210018,0.000966,0.802382,0.000173
1780622158.906260,3543,ABORT,OK,8,ABORT,-0.000148,-0.795801,1.209312,0.000959,0.801981,0.000172
1780622159.033974,3544,ABORT,OK,8,ABORT,-0.000148,-0.796443,1.210494,0.000970,0.802639,0.000174
1780622159.126433,3545,ABORT,OK,8,ABORT,-0.000148,-0.796501,1.210640,0.000968,0.802701,0.000174
1780622159.246898,3546,ABORT,OK,8,ABORT,-0.000148,-0.795149,1.208065,0.000953,0.801306,0.000172
1780622159.338657,3547,ABORT,OK,8,ABORT,-0.000147,-0.796039,1.209700,0.000966,0.802222,0.000173
1780622159.459183,3548,ABORT,OK,8,ABORT,-0.000151,-0.796423,1.210580,0.000967,0.802618,0.000176
1780622159.549274,3549,ABORT,OK,8,ABORT,-0.000148,-0.796510,1.210645,0.000969,0.802710,0.000174
1780622159.706375,3550,ABORT,OK,8,ABORT,-0.000145,-0.795575,1.208716,0.000967,0.801736,0.000174
1780622159.784496,3551,ABORT,OK,8,ABORT,-0.000147,-0.795696,1.209056,0.000965,0.801863,0.000175
1780622159.931200,3552,ABORT,OK,8,ABORT,-0.000149,-0.796667,1.211011,0.000967,0.802876,0.000173
1780622160.007863,3553,ABORT,OK,8,ABORT,-0.000147,-0.795298,1.208292,0.000959,0.801454,0.000174
1780622160.143700,3554,ABORT,OK,8,ABORT,-0.000147,-0.796313,1.210227,0.000969,0.802504,0.000174
1780622160.240334,3555,ABORT,OK,8,ABORT,-0.000149,-0.796400,1.210484,0.000965,0.802599,0.000173
1780622160.364226,3556,ABORT,OK,8,ABORT,-0.000148,-0.796070,1.209783,0.000969,0.802248,0.000176
1780622160.454850,3557,ABORT,OK,8,ABORT,-0.000148,-0.796072,1.209789,0.000969,0.802251,0.000176
1780622160.581290,3558,ABORT,OK,8,ABORT,-0.000148,-0.795902,1.209493,0.000962,0.802084,0.000173
1780622160.667388,3559,ABORT,OK,8,ABORT,-0.000147,-0.795595,1.208860,0.000964,0.801758,0.000175
1780622160.816643,3560,ABORT,OK,8,ABORT,-0.000148,-0.796279,1.210193,0.000967,0.802472,0.000174
1780622160.883854,3561,ABORT,OK,8,ABORT,-0.000148,-0.796231,1.210096,0.000967,0.802421,0.000173
1780622161.009935,3562,ABORT,OK,8,ABORT,-0.000147,-0.795354,1.208435,0.000958,0.801514,0.000174
1780622161.100096,3563,ABORT,OK,8,ABORT,-0.000148,-0.795503,1.208742,0.000959,0.801669,0.000173
1780622161.225109,3564,ABORT,OK,8,ABORT,-0.000149,-0.795671,1.209080,0.000961,0.801840,0.000175
1780622161.347604,3565,ABORT,OK,8,ABORT,-0.000148,-0.796192,1.210021,0.000966,0.802382,0.000173
1780622161.432924,3566,ABORT,OK,8,ABORT,-0.000146,-0.796364,1.210276,0.000972,0.802554,0.000175
1780622161.564142,3567,ABORT,OK,8,ABORT,-0.000150,-0.796210,1.210178,0.000963,0.802401,0.000174
1780622161.654993,3568,ABORT,OK,8,ABORT,-0.000149,-0.796260,1.210213,0.000964,0.802455,0.000173
1780622161.780002,3569,ABORT,OK,8,ABORT,-0.000151,-0.795305,1.208496,0.000950,0.801472,0.000172
1780622161.874099,3570,ABORT,OK,8,ABORT,-0.000151,-0.795785,1.209455,0.000953,0.801970,0.000172
1780622162.017061,3571,ABORT,OK,8,ABORT,-0.000148,-0.796173,1.210037,0.000963,0.802365,0.000173
1780622162.097959,3572,ABORT,OK,8,ABORT,-0.000149,-0.795759,1.209245,0.000961,0.801933,0.000174
1780622162.227665,3573,ABORT,OK,8,ABORT,-0.000148,-0.794997,1.207766,0.000954,0.801145,0.000173
1780622162.322016,3574,ABORT,OK,8,ABORT,-0.000148,-0.796257,1.210171,0.000965,0.802450,0.000173
1780622162.477107,3575,ABORT,OK,8,ABORT,-0.000151,-0.796289,1.210347,0.000964,0.802481,0.000175
1780622162.541042,3576,ABORT,OK,8,ABORT,-0.000148,-0.796103,1.209842,0.000970,0.802282,0.000176
1780622162.666020,3577,ABORT,OK,6,INSERTED,-0.000150,-0.796331,1.210386,0.000962,0.802531,0.000172
1780622162.758099,3578,ABORT,OK,8,ABORT,-0.000146,-0.795889,1.209383,0.000966,0.802065,0.000174
1780622162.896260,3579,ABORT,OK,8,ABORT,-0.000148,-0.796064,1.209797,0.000967,0.802244,0.000176
1780622162.981362,3580,ABORT,OK,8,ABORT,-0.000148,-0.796536,1.210701,0.000969,0.802737,0.000174
1780622163.103235,3581,ABORT,WARNING,8,ABORT,-0.000143,-0.795530,1.208636,0.000970,0.801688,0.000175
1780622163.205511,3582,ABORT,WARNING,8,ABORT,-0.000148,-0.795450,1.208703,0.000960,0.801613,0.000175
1780622163.321449,3583,ABORT,WARNING,8,ABORT,-0.000146,-0.796401,1.210404,0.000973,0.802596,0.000174
1780622163.412852,3584,ABORT,WARNING,8,ABORT,-0.000144,-0.795910,1.209395,0.000972,0.802084,0.000175
1780622163.574646,3585,ABORT,WARNING,8,ABORT,-0.000142,-0.795613,1.208741,0.000972,0.801773,0.000175
1780622163.663540,3586,ABORT,WARNING,8,ABORT,-0.000146,-0.796365,1.210348,0.000972,0.802559,0.000174
1780622163.783646,3587,ABORT,WARNING,8,ABORT,-0.000148,-0.796566,1.210824,0.000973,0.802764,0.000176
1780622163.881693,3588,ABORT,WARNING,8,ABORT,-0.000145,-0.795766,1.209159,0.000970,0.801934,0.000176
1780622164.026770,3589,ABORT,WARNING,8,ABORT,-0.000145,-0.795940,1.209491,0.000969,0.802119,0.000174
1780622164.095180,3590,ABORT,WARNING,8,ABORT,-0.000145,-0.795514,1.208676,0.000966,0.801675,0.000175
1780622164.227410,3591,ABORT,WARNING,8,ABORT,-0.000145,-0.796237,1.210051,0.000974,0.802423,0.000175
1780622164.311525,3592,ABORT,OK,8,ABORT,-0.000148,-0.796570,1.210723,0.000972,0.802769,0.000174
1780622164.437148,3593,ABORT,OK,8,ABORT,-0.000148,-0.795220,1.208187,0.000956,0.801375,0.000174
1780622164.529231,3594,ABORT,OK,8,ABORT,-0.000148,-0.796052,1.209778,0.000963,0.802239,0.000173
1780622164.668134,3595,ABORT,OK,8,ABORT,-0.000148,-0.796473,1.210561,0.000969,0.802671,0.000174
1780622164.765543,3596,ABORT,OK,8,ABORT,-0.000147,-0.796310,1.210202,0.000970,0.802500,0.000174
1780622164.886607,3597,ABORT,OK,8,ABORT,-0.000148,-0.795491,1.208705,0.000959,0.801656,0.000174
1780622165.015067,3598,ABORT,OK,8,ABORT,-0.000149,-0.796696,1.211043,0.000969,0.802904,0.000174
1780622165.088963,3599,ABORT,WARNING,8,ABORT,-0.000149,-0.796579,1.210864,0.000972,0.802779,0.000176
1780622165.220920,3600,ABORT,WARNING,8,ABORT,-0.000144,-0.796118,1.209783,0.000974,0.802299,0.000175
1780622165.301343,3601,ABORT,WARNING,8,ABORT,-0.000144,-0.796417,1.210334,0.000978,0.802606,0.000175
1780622165.433681,3602,ABORT,WARNING,8,ABORT,-0.000145,-0.795628,1.208909,0.000968,0.801791,0.000175
1780622165.529215,3603,ABORT,WARNING,8,ABORT,-0.000144,-0.796300,1.210136,0.000976,0.802487,0.000175
1780622165.665568,3604,ABORT,WARNING,8,ABORT,-0.000143,-0.795156,1.207911,0.000966,0.801301,0.000175
1780622165.752682,3605,ABORT,WARNING,8,ABORT,-0.000145,-0.796173,1.209898,0.000978,0.802349,0.000178
1780622165.882151,3606,ABORT,WARNING,8,ABORT,-0.000146,-0.796263,1.210170,0.000969,0.802455,0.000174
1780622165.971973,3607,ABORT,WARNING,8,ABORT,-0.000143,-0.795535,1.208644,0.000970,0.801694,0.000175
1780622166.091835,3608,ABORT,WARNING,8,ABORT,-0.000145,-0.796382,1.210333,0.000974,0.802574,0.000175
1780622166.181873,3609,ABORT,WARNING,8,ABORT,-0.000145,-0.795802,1.209253,0.000968,0.801973,0.000175
1780622166.306012,3610,ABORT,OK,8,ABORT,-0.000147,-0.796148,1.209900,0.000968,0.802333,0.000174
1780622166.400602,3611,ABORT,OK,8,ABORT,-0.000148,-0.795766,1.209225,0.000960,0.801943,0.000173
1780622166.528662,3612,ABORT,OK,8,ABORT,-0.000147,-0.796345,1.210258,0.000971,0.802535,0.000174
1780622166.625868,3613,ABORT,OK,8,ABORT,-0.000149,-0.796621,1.210882,0.000969,0.802826,0.000174
1780622166.747242,3614,ABORT,OK,8,ABORT,-0.000149,-0.795273,1.208335,0.000955,0.801433,0.000173
1780622166.848569,3615,ABORT,OK,8,ABORT,-0.000147,-0.795878,1.209410,0.000963,0.802057,0.000173
1780622166.973401,3616,ABORT,OK,8,ABORT,-0.000152,-0.796626,1.211060,0.000964,0.802834,0.000175
1780622167.059065,3617,ABORT,OK,8,ABORT,-0.000148,-0.795846,1.209348,0.000967,0.802017,0.000176
1780622167.194714,3618,ABORT,OK,8,ABORT,-0.000148,-0.796282,1.210195,0.000967,0.802474,0.000174
1780622167.295979,3619,ABORT,WARNING,8,ABORT,-0.000144,-0.796317,1.210127,0.000978,0.802502,0.000175
1780622167.430358,3620,ABORT,WARNING,8,ABORT,-0.000145,-0.795418,1.208493,0.000966,0.801575,0.000175
1780622167.511195,3621,ABORT,WARNING,8,ABORT,-0.000145,-0.796224,1.210055,0.000971,0.802412,0.000174
1780622167.635425,3622,ABORT,WARNING,8,ABORT,-0.000147,-0.795338,1.208477,0.000959,0.801498,0.000175
1780622167.729825,3623,ABORT,WARNING,8,ABORT,-0.000144,-0.795653,1.208903,0.000971,0.801814,0.000176
1780622167.852644,3624,ABORT,WARNING,8,ABORT,-0.000145,-0.795862,1.209356,0.000967,0.802039,0.000173
1780622167.951700,3625,ABORT,WARNING,8,ABORT,-0.000142,-0.795405,1.208358,0.000969,0.801559,0.000174
1780622168.066985,3626,ABORT,WARNING,8,ABORT,-0.000145,-0.796535,1.210632,0.000976,0.802732,0.000175
1780622168.165894,3627,ABORT,WARNING,8,ABORT,-0.000145,-0.796490,1.210523,0.000976,0.802684,0.000175
1780622168.290744,3628,ABORT,OK,6,INSERTED,-0.000152,-0.795520,1.208984,0.000948,0.801697,0.000172
1780622168.371629,3629,ABORT,OK,8,ABORT,-0.000148,-0.796595,1.210817,0.000970,0.802798,0.000174
1780622168.497876,3630,ABORT,OK,8,ABORT,-0.000148,-0.796476,1.210553,0.000970,0.802674,0.000174
1780622168.632762,3631,ABORT,OK,8,ABORT,-0.000147,-0.795941,1.209520,0.000964,0.802121,0.000173
1780622168.741255,3632,ABORT,OK,8,ABORT,-0.000148,-0.796429,1.210472,0.000969,0.802626,0.000174
1780622168.880108,3633,ABORT,OK,8,ABORT,-0.000147,-0.795537,1.208754,0.000963,0.801699,0.000175
1780622168.951128,3634,ABORT,OK,8,ABORT,-0.000147,-0.795532,1.208743,0.000963,0.801694,0.000175
1780622169.081758,3635,ABORT,OK,8,ABORT,-0.000147,-0.795939,1.209494,0.000966,0.802118,0.000174
1780622169.168070,3636,ABORT,OK,8,ABORT,-0.000148,-0.795582,1.208855,0.000963,0.801746,0.000175
1780622169.288584,3637,ABORT,WARNING,8,ABORT,-0.000145,-0.796235,1.210044,0.000973,0.802422,0.000174
1780622169.381757,3638,ABORT,WARNING,8,ABORT,-0.000144,-0.795804,1.209186,0.000970,0.801976,0.000174
1780622169.506953,3639,ABORT,WARNING,8,ABORT,-0.000148,-0.796238,1.210211,0.000968,0.802429,0.000175
1780622169.593946,3640,ABORT,WARNING,8,ABORT,-0.000146,-0.796464,1.210531,0.000973,0.802661,0.000174
1780622169.717025,3641,ABORT,WARNING,8,ABORT,-0.000148,-0.795773,1.209341,0.000961,0.801951,0.000174
1780622169.811067,3642,ABORT,WARNING,8,ABORT,-0.000141,-0.795560,1.208589,0.000975,0.801715,0.000176
1780622169.959195,3643,ABORT,WARNING,8,ABORT,-0.000146,-0.796554,1.210717,0.000973,0.802755,0.000174
1780622170.022913,3644,ABORT,WARNING,8,ABORT,-0.000146,-0.796405,1.210413,0.000972,0.802600,0.000174
1780622170.157245,3645,ABORT,WARNING,8,ABORT,-0.000144,-0.796101,1.209743,0.000974,0.802281,0.000175
1780622170.241718,3646,ABORT,WARNING,8,ABORT,-0.000145,-0.795814,1.209276,0.000966,0.801990,0.000173
1780622170.367831,3647,ABORT,OK,8,ABORT,-0.000147,-0.795648,1.208966,0.000964,0.801814,0.000175
1780622170.451691,3648,ABORT,OK,8,ABORT,-0.000146,-0.796042,1.209683,0.000968,0.802224,0.000174
1780622170.576802,3649,ABORT,OK,8,ABORT,-0.000147,-0.796106,1.209818,0.000967,0.802290,0.000174
1780622170.685134,3650,ABORT,OK,8,ABORT,-0.000148,-0.795515,1.208747,0.000961,0.801678,0.000174
1780622170.800386,3651,ABORT,OK,8,ABORT,-0.000148,-0.796275,1.210214,0.000965,0.802469,0.000173
1780622170.900664,3652,ABORT,OK,8,ABORT,-0.000151,-0.796215,1.210233,0.000961,0.802409,0.000174
1780622171.008668,3653,ABORT,OK,8,ABORT,-0.000147,-0.795463,1.208655,0.000956,0.801631,0.000172
1780622171.107843,3654,ABORT,OK,8,ABORT,-0.000148,-0.795798,1.209324,0.000959,0.801979,0.000172
1780622171.254260,3655,ABORT,OK,8,ABORT,-0.000156,-0.796451,1.210917,0.000951,0.802667,0.000172
1780622171.318812,3656,ABORT,OK,8,ABORT,-0.000147,-0.796248,1.210071,0.000970,0.802435,0.000174
1780622171.450478,3657,ABORT,WARNING,8,ABORT,-0.000147,-0.795986,1.209700,0.000967,0.802166,0.000175
1780622171.548912,3658,ABORT,WARNING,8,ABORT,-0.000145,-0.795886,1.209396,0.000971,0.802058,0.000176
1780622171.676247,3659,ABORT,WARNING,8,ABORT,-0.000144,-0.796282,1.210093,0.000976,0.802468,0.000175
1780622171.771569,3660,ABORT,WARNING,8,ABORT,-0.000144,-0.796362,1.210265,0.000976,0.802552,0.000175
1780622171.899081,3661,ABORT,WARNING,8,ABORT,-0.000145,-0.795643,1.208907,0.000970,0.801805,0.000176
1780622171.985434,3662,ABORT,WARNING,8,ABORT,-0.000144,-0.795983,1.209518,0.000972,0.802160,0.000174
1780622172.135591,3663,ABORT,WARNING,8,ABORT,-0.000144,-0.795964,1.209486,0.000972,0.802140,0.000174
1780622172.235133,3664,ABORT,WARNING,8,ABORT,-0.000145,-0.795735,1.209098,0.000970,0.801901,0.000176
1780622172.346049,3665,ABORT,OK,8,ABORT,-0.000148,-0.796000,1.209666,0.000963,0.802184,0.000173
1780622172.456856,3666,ABORT,OK,8,ABORT,-0.000146,-0.795888,1.209389,0.000966,0.802064,0.000174
1780622172.563030,3667,ABORT,OK,8,ABORT,-0.000148,-0.795669,1.209016,0.000964,0.801835,0.000175
1780622172.675375,3668,ABORT,OK,8,ABORT,-0.000149,-0.796456,1.210569,0.000967,0.802656,0.000173
1780622172.771365,3669,ABORT,OK,8,ABORT,-0.000148,-0.795985,1.209642,0.000963,0.802169,0.000173
1780622172.918674,3670,ABORT,OK,8,ABORT,-0.000148,-0.795909,1.209481,0.000966,0.802083,0.000175
1780622172.997263,3671,ABORT,OK,8,ABORT,-0.000148,-0.796298,1.210266,0.000965,0.802493,0.000173
1780622173.122678,3672,ABORT,OK,8,ABORT,-0.000147,-0.795385,1.208461,0.000960,0.801544,0.000174
1780622173.214163,3673,ABORT,OK,8,ABORT,-0.000148,-0.795362,1.208459,0.000958,0.801522,0.000174
1780622173.340486,3674,ABORT,OK,8,ABORT,-0.000148,-0.796487,1.210582,0.000970,0.802685,0.000174
1780622173.436367,3675,ABORT,OK,8,ABORT,-0.000151,-0.796252,1.210303,0.000962,0.802446,0.000175
1780622173.563762,3676,ABORT,OK,8,ABORT,-0.000147,-0.796158,1.209929,0.000967,0.802345,0.000174
1780622173.651781,3677,ABORT,WARNING,8,ABORT,-0.000143,-0.796282,1.210062,0.000978,0.802466,0.000175
1780622173.786106,3678,ABORT,WARNING,8,ABORT,-0.000144,-0.796695,1.210867,0.000981,0.802893,0.000176
1780622173.866156,3679,ABORT,WARNING,8,ABORT,-0.000146,-0.796537,1.210647,0.000975,0.802734,0.000175
1780622173.991365,3680,ABORT,WARNING,8,ABORT,-0.000143,-0.795986,1.209480,0.000975,0.802159,0.000175
1780622174.081612,3681,ABORT,WARNING,8,ABORT,-0.000144,-0.796164,1.209884,0.000973,0.802347,0.000174
1780622174.199805,3682,ABORT,WARNING,8,ABORT,-0.000148,-0.796347,1.210380,0.000972,0.802537,0.000176
1780622174.292574,3683,ABORT,WARNING,8,ABORT,-0.000145,-0.796318,1.210193,0.000975,0.802505,0.000175
1780622174.440222,3684,ABORT,OK,8,ABORT,-0.000147,-0.795161,1.208062,0.000956,0.801316,0.000173
1780622174.525398,3685,ABORT,OK,8,ABORT,-0.000147,-0.795179,1.208067,0.000958,0.801330,0.000174
1780622174.646979,3686,ABORT,OK,8,ABORT,-0.000147,-0.796282,1.210162,0.000969,0.802472,0.000174
1780622174.757603,3687,ABORT,OK,8,ABORT,-0.000146,-0.795583,1.208811,0.000964,0.801747,0.000174
1780622174.884705,3688,ABORT,OK,8,ABORT,-0.000147,-0.796289,1.210176,0.000969,0.802480,0.000174
1780622174.967633,3689,ABORT,OK,8,ABORT,-0.000146,-0.795550,1.208709,0.000964,0.801713,0.000174
1780622175.096078,3690,ABORT,OK,8,ABORT,-0.000148,-0.795990,1.209687,0.000961,0.802176,0.000173
1780622175.183719,3691,ABORT,OK,8,ABORT,-0.000148,-0.795993,1.209679,0.000962,0.802179,0.000173
1780622175.308162,3692,ABORT,OK,8,ABORT,-0.000147,-0.795465,1.208612,0.000961,0.801627,0.000174
1780622175.399755,3693,ABORT,OK,8,ABORT,-0.000149,-0.796449,1.210556,0.000967,0.802648,0.000173
1780622175.523185,3694,ABORT,OK,6,INSERTED,-0.000152,-0.795542,1.209012,0.000950,0.801718,0.000173
1780622175.617128,3695,ABORT,OK,8,ABORT,-0.000152,-0.795527,1.208979,0.000950,0.801702,0.000173
1780622175.748129,3696,ABORT,OK,8,ABORT,-0.000147,-0.796355,1.210298,0.000970,0.802548,0.000174
1780622175.868687,3697,ABORT,WARNING,8,ABORT,-0.000144,-0.795049,1.207754,0.000963,0.801193,0.000174
1780622175.960182,3698,ABORT,WARNING,8,ABORT,-0.000144,-0.796368,1.210226,0.000979,0.802555,0.000176
1780622176.084245,3699,ABORT,WARNING,8,ABORT,-0.000146,-0.796217,1.210059,0.000972,0.802403,0.000175
1780622176.180665,3700,ABORT,WARNING,8,ABORT,-0.000154,-0.796135,1.210332,0.000950,0.802340,0.000172
1780622176.303187,3701,ABORT,WARNING,8,ABORT,-0.000146,-0.796556,1.210719,0.000973,0.802757,0.000174
1780622176.413907,3702,ABORT,OK,8,ABORT,-0.000149,-0.796706,1.211063,0.000969,0.802915,0.000174
1780622176.532768,3703,ABORT,OK,8,ABORT,-0.000146,-0.795635,1.208882,0.000964,0.801802,0.000174
1780622176.623775,3704,ABORT,OK,8,ABORT,-0.000146,-0.795756,1.209128,0.000965,0.801927,0.000174
1780622176.767069,3705,ABORT,OK,8,ABORT,-0.000148,-0.795829,1.209337,0.000965,0.802001,0.000175
1780622176.853218,3706,ABORT,OK,8,ABORT,-0.000147,-0.795499,1.208674,0.000961,0.801663,0.000173
1780622176.976143,3707,ABORT,OK,8,ABORT,-0.000147,-0.795993,1.209613,0.000966,0.802175,0.000174
1780622177.081557,3708,ABORT,OK,8,ABORT,-0.000149,-0.795844,1.209409,0.000962,0.802021,0.000174
1780622177.192253,3709,ABORT,OK,8,ABORT,-0.000147,-0.796264,1.210098,0.000970,0.802452,0.000174
1780622177.288332,3710,ABORT,OK,8,ABORT,-0.000146,-0.795315,1.208303,0.000961,0.801471,0.000174
1780622177.404462,3711,ABORT,OK,8,ABORT,-0.000149,-0.796758,1.211144,0.000971,0.802967,0.000174
1780622177.505946,3712,ABORT,OK,8,ABORT,-0.000149,-0.795475,1.208726,0.000956,0.801644,0.000173
1780622177.627211,3713,ABORT,OK,8,ABORT,-0.000147,-0.796170,1.209920,0.000969,0.802355,0.000174
1780622177.720345,3714,ABORT,OK,8,ABORT,-0.000151,-0.796379,1.210537,0.000964,0.802577,0.000175
1780622177.845337,3715,ABORT,WARNING,8,ABORT,-0.000146,-0.796795,1.211153,0.000977,0.803002,0.000175
1780622177.932899,3716,ABORT,WARNING,8,ABORT,-0.000142,-0.795611,1.208724,0.000973,0.801771,0.000175
1780622178.054705,3717,ABORT,WARNING,8,ABORT,-0.000144,-0.796245,1.210023,0.000975,0.802430,0.000175
1780622178.161201,3718,ABORT,WARNING,8,ABORT,-0.000144,-0.796288,1.210081,0.000977,0.802473,0.000175
1780622178.272702,3719,ABORT,WARNING,8,ABORT,-0.000144,-0.795840,1.209270,0.000969,0.802014,0.000174
1780622178.360881,3720,ABORT,OK,8,ABORT,-0.000150,-0.796580,1.210854,0.000966,0.802787,0.000173
1780622178.476375,3721,ABORT,OK,8,ABORT,-0.000151,-0.796329,1.210410,0.000965,0.802523,0.000175
1780622178.572939,3722,ABORT,OK,8,ABORT,-0.000148,-0.796330,1.210299,0.000967,0.802524,0.000174
1780622178.732841,3723,ABORT,OK,8,ABORT,-0.000147,-0.795477,1.208645,0.000961,0.801639,0.000174
1780622178.793226,3724,ABORT,OK,8,ABORT,-0.000147,-0.795449,1.208587,0.000961,0.801610,0.000174
1780622178.922202,3725,ABORT,OK,6,INSERTED,-0.000149,-0.796391,1.210440,0.000966,0.802589,0.000173
1780622179.012042,3726,ABORT,OK,6,INSERTED,-0.000148,-0.796307,1.210268,0.000966,0.802501,0.000173
1780622179.138148,3727,ABORT,OK,8,ABORT,-0.000149,-0.795360,1.208509,0.000956,0.801523,0.000173
1780622179.221975,3728,ABORT,OK,8,ABORT,-0.000149,-0.796599,1.210858,0.000968,0.802804,0.000174
1780622179.356298,3729,ABORT,OK,8,ABORT,-0.000148,-0.795696,1.209075,0.000964,0.801863,0.000175
1780622179.476534,3730,ABORT,OK,8,ABORT,-0.000149,-0.796534,1.210734,0.000967,0.802738,0.000173
1780622179.578697,3731,ABORT,OK,8,ABORT,-0.000147,-0.796309,1.210183,0.000971,0.802498,0.000174
1780622179.702893,3732,ABORT,OK,8,ABORT,-0.000147,-0.795472,1.208614,0.000961,0.801634,0.000174
1780622179.797253,3733,ABORT,OK,8,ABORT,-0.000148,-0.795962,1.209601,0.000962,0.802145,0.000173
1780622179.955546,3734,ABORT,WARNING,8,ABORT,-0.000145,-0.795411,1.208501,0.000965,0.801568,0.000175
1780622180.022152,3735,ABORT,WARNING,8,ABORT,-0.000144,-0.796258,1.210030,0.000976,0.802442,0.000175
1780622180.181937,3736,ABORT,WARNING,8,ABORT,-0.000145,-0.795728,1.209110,0.000968,0.801897,0.000175
1780622180.255257,3737,ABORT,WARNING,8,ABORT,-0.000145,-0.795748,1.209153,0.000968,0.801918,0.000175
1780622180.388323,3738,ABORT,OK,8,ABORT,-0.000147,-0.795952,1.209549,0.000964,0.802133,0.000173
1780622180.498662,3739,ABORT,OK,8,ABORT,-0.000147,-0.795895,1.209408,0.000969,0.802067,0.000176
1780622180.634893,3740,ABORT,OK,8,ABORT,-0.000147,-0.796340,1.210277,0.000970,0.802533,0.000174
1780622180.738532,3741,ABORT,OK,8,ABORT,-0.000146,-0.796072,1.209729,0.000968,0.802253,0.000174
1780622180.879475,3742,ABORT,OK,8,ABORT,-0.000150,-0.796379,1.210472,0.000965,0.802577,0.000174
1780622180.976765,3743,ABORT,OK,8,ABORT,-0.000149,-0.796331,1.210353,0.000965,0.802529,0.000173
1780622181.116551,3744,ABORT,OK,8,ABORT,-0.000146,-0.795288,1.208232,0.000961,0.801442,0.000174
1780622181.213509,3745,ABORT,OK,8,ABORT,-0.000147,-0.796139,1.209895,0.000967,0.802325,0.000174
1780622181.355992,3746,ABORT,OK,8,ABORT,-0.000150,-0.795388,1.208621,0.000955,0.801551,0.000174
1780622181.453997,3747,ABORT,OK,8,ABORT,-0.000146,-0.796336,1.210215,0.000972,0.802524,0.000175
1780622181.585056,3748,ABORT,OK,8,ABORT,-0.000146,-0.795663,1.208945,0.000965,0.801830,0.000174
1780622181.685801,3749,ABORT,OK,8,ABORT,-0.000147,-0.795384,1.208441,0.000961,0.801542,0.000174
1780622181.816001,3750,ABORT,OK,8,ABORT,-0.000149,-0.796485,1.210632,0.000967,0.802686,0.000173
1780622181.915829,3751,ABORT,WARNING,8,ABORT,-0.000143,-0.795681,1.208915,0.000971,0.801846,0.000175
1780622182.050661,3752,ABORT,WARNING,8,ABORT,-0.000145,-0.795798,1.209218,0.000970,0.801967,0.000175
1780622182.150635,3753,ABORT,WARNING,8,ABORT,-0.000144,-0.796070,1.209704,0.000972,0.802250,0.000174
1780622182.281462,3754,ABORT,WARNING,8,ABORT,-0.000143,-0.796093,1.209708,0.000975,0.802272,0.000175
1780622182.382703,3755,ABORT,OK,8,ABORT,-0.000149,-0.796564,1.210766,0.000969,0.802767,0.000174
1780622182.514639,3756,ABORT,OK,8,ABORT,-0.000147,-0.795454,1.208613,0.000960,0.801617,0.000174
1780622182.608613,3757,ABORT,OK,8,ABORT,-0.000147,-0.796233,1.210052,0.000969,0.802420,0.000174
1780622182.730873,3758,ABORT,OK,8,ABORT,-0.000148,-0.795617,1.208932,0.000963,0.801783,0.000175
1780622182.829491,3759,ABORT,OK,8,ABORT,-0.000147,-0.795662,1.208993,0.000964,0.801828,0.000175
1780622182.951739,3760,ABORT,OK,8,ABORT,-0.000147,-0.796175,1.209966,0.000967,0.802362,0.000174
1780622183.039483,3761,ABORT,OK,8,ABORT,-0.000148,-0.795439,1.208607,0.000959,0.801600,0.000174
1780622183.166978,3762,ABORT,OK,8,ABORT,-0.000147,-0.796183,1.209987,0.000967,0.802371,0.000174
1780622183.288945,3763,ABORT,OK,8,ABORT,-0.000146,-0.795368,1.208399,0.000962,0.801524,0.000174
1780622183.378071,3764,ABORT,OK,8,ABORT,-0.000147,-0.796253,1.210102,0.000969,0.802442,0.000174
1780622183.513751,3765,ABORT,OK,8,ABORT,-0.000147,-0.795416,1.208535,0.000960,0.801577,0.000174
1780622183.602177,3766,ABORT,OK,8,ABORT,-0.000149,-0.795363,1.208520,0.000955,0.801526,0.000173
1780622183.727638,3767,ABORT,OK,8,ABORT,-0.000148,-0.796127,1.209922,0.000964,0.802316,0.000173
1780622183.823183,3768,ABORT,OK,8,ABORT,-0.000148,-0.796003,1.209668,0.000963,0.802187,0.000173
1780622183.935589,3769,ABORT,OK,8,ABORT,-0.000148,-0.796517,1.210671,0.000968,0.802718,0.000174
1780622184.029788,3770,ABORT,WARNING,8,ABORT,-0.000144,-0.795886,1.209364,0.000969,0.802062,0.000174
1780622184.155970,3771,ABORT,WARNING,8,ABORT,-0.000145,-0.795701,1.209019,0.000970,0.801866,0.000176
1780622184.248013,3772,ABORT,WARNING,8,ABORT,-0.000146,-0.796369,1.210371,0.000971,0.802565,0.000174
1780622184.396434,3773,ABORT,OK,8,ABORT,-0.000147,-0.796178,1.209954,0.000968,0.802364,0.000174
1780622184.460513,3774,ABORT,OK,6,INSERTED,-0.000157,-0.795946,1.210037,0.000941,0.802150,0.000170
1780622184.592488,3775,ABORT,OK,8,ABORT,-0.000148,-0.796671,1.210928,0.000972,0.802874,0.000174
1780622184.675331,3776,ABORT,OK,8,ABORT,-0.000148,-0.796561,1.210703,0.000972,0.802760,0.000174
1780622184.827631,3777,ABORT,OK,8,ABORT,-0.000147,-0.795999,1.209603,0.000967,0.802179,0.000174
1780622184.890328,3778,ABORT,OK,8,ABORT,-0.000149,-0.796680,1.210999,0.000969,0.802887,0.000174
1780622185.014369,3779,ABORT,OK,8,ABORT,-0.000147,-0.795654,1.208950,0.000966,0.801818,0.000175
1780622185.107971,3780,ABORT,OK,8,ABORT,-0.000145,-0.795551,1.208664,0.000967,0.801711,0.000175
1780622185.240532,3781,ABORT,OK,8,ABORT,-0.000148,-0.796143,1.209929,0.000965,0.802332,0.000173
1780622185.340523,3782,ABORT,OK,8,ABORT,-0.000147,-0.795765,1.209175,0.000966,0.801933,0.000175
1780622185.457191,3783,ABORT,OK,8,ABORT,-0.000148,-0.795788,1.209310,0.000958,0.801969,0.000172
1780622185.546924,3784,ABORT,OK,8,ABORT,-0.000146,-0.796042,1.209673,0.000968,0.802223,0.000174
1780622185.674190,3785,ABORT,OK,8,ABORT,-0.000148,-0.795717,1.209154,0.000961,0.801889,0.000174
1780622185.775534,3786,ABORT,OK,8,ABORT,-0.000147,-0.796004,1.209655,0.000964,0.802187,0.000173
1780622185.915006,3787,ABORT,OK,8,ABORT,-0.000146,-0.796177,1.209919,0.000970,0.802361,0.000174
1780622185.980872,3788,ABORT,OK,8,ABORT,-0.000149,-0.796596,1.210844,0.000968,0.802801,0.000174
1780622186.118715,3789,ABORT,WARNING,8,ABORT,-0.000145,-0.794875,1.207512,0.000956,0.801019,0.000173
1780622186.204148,3790,ABORT,WARNING,8,ABORT,-0.000143,-0.796132,1.209769,0.000976,0.802311,0.000175
1780622186.355448,3791,ABORT,WARNING,8,ABORT,-0.000146,-0.796486,1.210579,0.000973,0.802684,0.000174
1780622186.428702,3792,ABORT,OK,8,ABORT,-0.000148,-0.795735,1.209144,0.000965,0.801904,0.000175
1780622186.560044,3793,ABORT,OK,8,ABORT,-0.000149,-0.796236,1.210158,0.000964,0.802430,0.000173
1780622186.654721,3794,ABORT,OK,8,ABORT,-0.000152,-0.796429,1.210648,0.000963,0.802629,0.000175
1780622186.799165,3795,ABORT,OK,8,ABORT,-0.000146,-0.796188,1.209917,0.000971,0.802371,0.000175
1780622186.900149,3796,ABORT,OK,8,ABORT,-0.000147,-0.796293,1.210164,0.000970,0.802482,0.000174
1780622186.989168,3797,ABORT,OK,8,ABORT,-0.000147,-0.795569,1.208786,0.000965,0.801730,0.000175
1780622187.128533,3798,ABORT,OK,8,ABORT,-0.000147,-0.796470,1.210525,0.000971,0.802666,0.000174
1780622187.213717,3799,ABORT,OK,8,ABORT,-0.000147,-0.796233,1.210062,0.000969,0.802421,0.000174
1780622187.341801,3800,ABORT,OK,8,ABORT,-0.000148,-0.795946,1.209544,0.000967,0.802120,0.000176
1780622187.426057,3801,ABORT,OK,8,ABORT,-0.000149,-0.796602,1.210858,0.000968,0.802807,0.000174
1780622187.560369,3802,ABORT,OK,8,ABORT,-0.000147,-0.795823,1.209283,0.000967,0.801993,0.000176
1780622187.651282,3803,ABORT,OK,8,ABORT,-0.000148,-0.795478,1.208702,0.000959,0.801642,0.000174
1780622187.781746,3804,ABORT,OK,8,ABORT,-0.000148,-0.796171,1.210008,0.000964,0.802361,0.000173
1780622187.868113,3805,ABORT,OK,8,ABORT,-0.000147,-0.795201,1.208114,0.000958,0.801354,0.000174
1780622187.997962,3806,ABORT,OK,8,ABORT,-0.000148,-0.796574,1.210766,0.000970,0.802776,0.000174
1780622188.085508,3807,ABORT,OK,6,INSERTED,-0.000149,-0.796431,1.210528,0.000966,0.802631,0.000173
1780622188.208847,3808,ABORT,OK,8,ABORT,-0.000146,-0.795316,1.208304,0.000961,0.801471,0.000174
1780622188.308310,3809,ABORT,WARNING,8,ABORT,-0.000145,-0.796629,1.210780,0.000979,0.802827,0.000175
1780622188.431085,3810,ABORT,OK,8,ABORT,-0.000149,-0.795826,1.209374,0.000962,0.802001,0.000174
1780622188.526715,3811,ABORT,OK,8,ABORT,-0.000147,-0.795342,1.208372,0.000960,0.801499,0.000174
1780622188.642260,3812,ABORT,OK,6,INSERTED,-0.000149,-0.796401,1.210506,0.000964,0.802602,0.000173
1780622188.733682,3813,ABORT,OK,8,ABORT,-0.000151,-0.796320,1.210387,0.000965,0.802514,0.000175
1780622188.855005,3814,ABORT,OK,8,ABORT,-0.000146,-0.795928,1.209437,0.000968,0.802104,0.000174
1780622188.950651,3815,ABORT,OK,8,ABORT,-0.000148,-0.796200,1.210059,0.000965,0.802391,0.000173
1780622189.077311,3816,ABORT,OK,8,ABORT,-0.000151,-0.796228,1.210214,0.000964,0.802419,0.000175
1780622189.172158,3817,ABORT,OK,8,ABORT,-0.000149,-0.796122,1.209954,0.000966,0.802306,0.000175
1780622189.292748,3818,ABORT,OK,8,ABORT,-0.000148,-0.796136,1.209933,0.000964,0.802325,0.000173
1780622189.387877,3819,ABORT,OK,8,ABORT,-0.000148,-0.794989,1.207759,0.000953,0.801139,0.000173
1780622189.509532,3820,ABORT,OK,8,ABORT,-0.000149,-0.796621,1.210871,0.000970,0.802825,0.000174
1780622189.603277,3821,ABORT,OK,8,ABORT,-0.000150,-0.796385,1.210487,0.000963,0.802586,0.000173
1780622189.730252,3822,ABORT,OK,6,INSERTED,-0.000155,-0.796183,1.210388,0.000947,0.802392,0.000171
1780622189.818187,3823,ABORT,OK,6,INSERTED,-0.000155,-0.796340,1.210712,0.000948,0.802556,0.000170
1780622189.938371,3824,ABORT,OK,8,ABORT,-0.000150,-0.795428,1.208669,0.000956,0.801592,0.000174
1780622190.033102,3825,ABORT,OK,8,ABORT,-0.000147,-0.795697,1.209055,0.000965,0.801865,0.000175
1780622190.159351,3826,ABORT,OK,8,ABORT,-0.000148,-0.796263,1.210169,0.000966,0.802455,0.000173
1780622190.248569,3827,ABORT,WARNING,8,ABORT,-0.000143,-0.795995,1.209464,0.000977,0.802167,0.000176
1780622190.381955,3828,ABORT,WARNING,8,ABORT,-0.000144,-0.795813,1.209218,0.000969,0.801986,0.000174
1780622190.496970,3829,ABORT,OK,8,ABORT,-0.000148,-0.795906,1.209485,0.000966,0.802081,0.000175
1780622190.585493,3830,ABORT,OK,8,ABORT,-0.000149,-0.795560,1.208871,0.000960,0.801725,0.000175
1780622190.722389,3831,ABORT,OK,6,INSERTED,-0.000149,-0.796434,1.210543,0.000966,0.802635,0.000173
1780622190.805071,3832,ABORT,OK,8,ABORT,-0.000147,-0.795910,1.209469,0.000964,0.802090,0.000173
1780622190.931734,3833,ABORT,OK,8,ABORT,-0.000145,-0.795253,1.208115,0.000962,0.801405,0.000174
1780622191.019687,3834,ABORT,OK,8,ABORT,-0.000149,-0.796434,1.210541,0.000966,0.802635,0.000173
1780622191.139250,3835,ABORT,OK,8,ABORT,-0.000148,-0.795645,1.209017,0.000961,0.801813,0.000175
1780622191.232293,3836,ABORT,OK,8,ABORT,-0.000149,-0.795857,1.209433,0.000963,0.802034,0.000174
1780622191.365591,3837,ABORT,OK,8,ABORT,-0.000147,-0.796318,1.210213,0.000971,0.802508,0.000174
1780622191.451927,3838,ABORT,OK,8,ABORT,-0.000156,-0.796374,1.210798,0.000948,0.802589,0.000171
1780622191.584647,3839,ABORT,OK,8,ABORT,-0.000150,-0.796563,1.210822,0.000966,0.802769,0.000173
1780622191.680528,3840,ABORT,OK,8,ABORT,-0.000147,-0.796062,1.209766,0.000965,0.802247,0.000173
1780622191.805580,3841,ABORT,OK,8,ABORT,-0.000147,-0.795492,1.208642,0.000963,0.801652,0.000175
1780622191.893282,3842,ABORT,OK,8,ABORT,-0.000148,-0.796633,1.210877,0.000971,0.802837,0.000174
1780622192.019317,3843,ABORT,OK,8,ABORT,-0.000153,-0.796460,1.210768,0.000960,0.802666,0.000174
1780622192.105776,3844,ABORT,OK,8,ABORT,-0.000146,-0.795383,1.208432,0.000962,0.801540,0.000174
1780622192.234360,3845,ABORT,WARNING,8,ABORT,-0.000144,-0.796293,1.210122,0.000975,0.802479,0.000175
1780622192.320951,3846,ABORT,WARNING,8,ABORT,-0.000145,-0.795510,1.208655,0.000968,0.801669,0.000175
1780622192.444973,3847,ABORT,OK,8,ABORT,-0.000147,-0.795391,1.208456,0.000961,0.801549,0.000174
1780622192.536937,3848,ABORT,OK,8,ABORT,-0.000148,-0.795893,1.209468,0.000962,0.802074,0.000173
1780622192.663030,3849,ABORT,OK,8,ABORT,-0.000147,-0.795856,1.209344,0.000968,0.802026,0.000176
1780622192.752787,3850,ABORT,OK,8,ABORT,-0.000147,-0.796233,1.210093,0.000967,0.802423,0.000174
1780622192.881054,3851,ABORT,OK,8,ABORT,-0.000146,-0.796074,1.209742,0.000968,0.802256,0.000174
1780622192.969280,3852,ABORT,OK,8,ABORT,-0.000146,-0.795985,1.209561,0.000967,0.802164,0.000174
1780622193.119552,3853,ABORT,OK,8,ABORT,-0.000148,-0.796343,1.210301,0.000969,0.802536,0.000174
1780622193.189008,3854,ABORT,OK,8,ABORT,-0.000145,-0.795969,1.209478,0.000970,0.802144,0.000175
1780622193.312019,3855,ABORT,OK,8,ABORT,-0.000148,-0.796603,1.210818,0.000970,0.802805,0.000174
1780622193.396191,3856,ABORT,OK,8,ABORT,-0.000148,-0.796457,1.210504,0.000972,0.802651,0.000175
1780622193.529964,3857,ABORT,OK,8,ABORT,-0.000147,-0.796003,1.209658,0.000964,0.802187,0.000173
1780622193.622641,3858,ABORT,OK,8,ABORT,-0.000148,-0.796295,1.210213,0.000968,0.802487,0.000174
1780622193.750112,3859,ABORT,OK,8,ABORT,-0.000148,-0.795451,1.208616,0.000961,0.801611,0.000175
1780622193.843547,3860,ABORT,OK,8,ABORT,-0.000147,-0.795922,1.209456,0.000966,0.802099,0.000174
1780622193.968058,3861,ABORT,OK,8,ABORT,-0.000148,-0.795543,1.208801,0.000961,0.801708,0.000174
1780622194.094215,3862,ABORT,OK,8,ABORT,-0.000147,-0.796350,1.210280,0.000971,0.802541,0.000174
1780622194.190458,3863,ABORT,OK,8,ABORT,-0.000148,-0.796294,1.210209,0.000968,0.802486,0.000174
1780622194.320162,3864,ABORT,OK,8,ABORT,-0.000148,-0.795642,1.209004,0.000961,0.801811,0.000174
1780622194.409930,3865,ABORT,OK,8,ABORT,-0.000148,-0.795692,1.209080,0.000962,0.801861,0.000174
1780622194.535394,3866,ABORT,OK,8,ABORT,-0.000147,-0.795907,1.209461,0.000964,0.802087,0.000173
1780622194.647631,3867,ABORT,OK,8,ABORT,-0.000147,-0.795386,1.208467,0.000961,0.801544,0.000174
1780622194.747748,3868,ABORT,OK,8,ABORT,-0.000149,-0.796512,1.210695,0.000967,0.802714,0.000173
1780622194.844791,3869,ABORT,OK,8,ABORT,-0.000147,-0.796368,1.210338,0.000970,0.802562,0.000174
1780622194.961850,3870,ABORT,OK,8,ABORT,-0.000147,-0.796197,1.209979,0.000969,0.802383,0.000174
1780622195.074127,3871,ABORT,OK,8,ABORT,-0.000147,-0.796222,1.210030,0.000969,0.802409,0.000174
1780622195.185313,3872,ABORT,OK,8,ABORT,-0.000147,-0.795827,1.209290,0.000968,0.801996,0.000176
1780622195.276144,3873,ABORT,OK,8,ABORT,-0.000152,-0.795481,1.208905,0.000949,0.801656,0.000172
1780622195.426050,3874,ABORT,OK,8,ABORT,-0.000148,-0.796436,1.210493,0.000969,0.802633,0.000174
1780622195.504263,3875,ABORT,OK,8,ABORT,-0.000151,-0.796395,1.210530,0.000966,0.802591,0.000175
1780622195.640165,3876,ABORT,OK,8,ABORT,-0.000146,-0.796256,1.210072,0.000971,0.802443,0.000174
1780622195.733545,3877,ABORT,OK,8,ABORT,-0.000147,-0.796149,1.209929,0.000966,0.802337,0.000173
1780622195.854506,3878,ABORT,OK,8,ABORT,-0.000148,-0.795813,1.209294,0.000965,0.801985,0.000175
1780622195.951032,3879,ABORT,OK,8,ABORT,-0.000150,-0.796014,1.209797,0.000962,0.802197,0.000175
1780622196.070499,3880,ABORT,OK,8,ABORT,-0.000151,-0.796455,1.210631,0.000968,0.802651,0.000176
1780622196.160302,3881,ABORT,OK,8,ABORT,-0.000147,-0.795531,1.208731,0.000962,0.801695,0.000174
1780622196.290529,3882,ABORT,OK,8,ABORT,-0.000148,-0.796224,1.210082,0.000967,0.802414,0.000174
1780622196.378059,3883,ABORT,OK,8,ABORT,-0.000148,-0.796030,1.209699,0.000969,0.802207,0.000176
1780622196.508011,3884,ABORT,OK,8,ABORT,-0.000149,-0.796624,1.210917,0.000968,0.802831,0.000173
1780622196.598330,3885,ABORT,OK,8,ABORT,-0.000146,-0.796208,1.209962,0.000971,0.802392,0.000175
1780622196.755789,3886,ABORT,OK,8,ABORT,-0.000146,-0.796366,1.210281,0.000972,0.802556,0.000175
1780622196.832795,3887,ABORT,OK,8,ABORT,-0.000149,-0.796498,1.210681,0.000966,0.802701,0.000173
1780622196.950803,3888,ABORT,OK,8,ABORT,-0.000144,-0.795442,1.208450,0.000966,0.801599,0.000174
1780622197.043103,3889,ABORT,OK,8,ABORT,-0.000147,-0.795841,1.209351,0.000962,0.802020,0.000173
1780622197.181184,3890,ABORT,OK,8,ABORT,-0.000148,-0.796058,1.209779,0.000968,0.802237,0.000176
1780622197.261766,3891,ABORT,OK,8,ABORT,-0.000148,-0.796512,1.210649,0.000969,0.802712,0.000174
1780622197.415656,3892,ABORT,OK,8,ABORT,-0.000149,-0.795347,1.208492,0.000955,0.801510,0.000173
1780622197.483629,3893,ABORT,OK,8,ABORT,-0.000147,-0.795340,1.208360,0.000961,0.801497,0.000174
1780622197.616190,3894,ABORT,OK,8,ABORT,-0.000148,-0.796463,1.210552,0.000969,0.802661,0.000174
1780622197.740628,3895,ABORT,OK,8,ABORT,-0.000149,-0.795220,1.208245,0.000953,0.801380,0.000173
1780622197.830973,3896,ABORT,OK,8,ABORT,-0.000148,-0.795851,1.209398,0.000961,0.802031,0.000173
1780622197.959239,3897,ABORT,OK,8,ABORT,-0.000151,-0.796591,1.210913,0.000968,0.802792,0.000176
1780622198.085617,3898,ABORT,OK,8,ABORT,-0.000151,-0.796637,1.211009,0.000968,0.802841,0.000176
1780622198.193457,3899,ABORT,OK,8,ABORT,-0.000147,-0.796194,1.209972,0.000969,0.802380,0.000174
1780622198.281233,3900,ABORT,OK,8,ABORT,-0.000148,-0.795730,1.209166,0.000963,0.801901,0.000175
1780622198.427448,3901,ABORT,WARNING,8,ABORT,-0.000146,-0.796545,1.210694,0.000974,0.802745,0.000174
1780622198.529407,3902,ABORT,OK,8,ABORT,-0.000147,-0.795457,1.208586,0.000961,0.801618,0.000174
1780622198.654822,3903,ABORT,OK,8,ABORT,-0.000147,-0.796116,1.209871,0.000965,0.802303,0.000173
1780622198.750391,3904,ABORT,OK,8,ABORT,-0.000150,-0.796373,1.210471,0.000966,0.802568,0.000175
1780622198.875929,3905,ABORT,OK,8,ABORT,-0.000149,-0.796737,1.211130,0.000969,0.802947,0.000174
1780622198.970831,3906,ABORT,OK,8,ABORT,-0.000148,-0.796215,1.210078,0.000966,0.802406,0.000173
1780622199.101798,3907,ABORT,OK,8,ABORT,-0.000148,-0.795813,1.209312,0.000965,0.801985,0.000175
1780622199.198362,3908,ABORT,OK,8,ABORT,-0.000150,-0.796460,1.210626,0.000964,0.802663,0.000173
1780622199.317778,3909,ABORT,OK,8,ABORT,-0.000147,-0.795865,1.209329,0.000969,0.802034,0.000176
1780622199.405266,3910,ABORT,OK,8,ABORT,-0.000146,-0.796053,1.209651,0.000970,0.802231,0.000175
1780622199.532212,3911,ABORT,OK,8,ABORT,-0.000151,-0.796269,1.210334,0.000962,0.802465,0.000174
1780622199.623384,3912,ABORT,OK,8,ABORT,-0.000150,-0.796131,1.209988,0.000966,0.802315,0.000176
1780622199.780393,3913,ABORT,OK,8,ABORT,-0.000147,-0.796245,1.210112,0.000967,0.802435,0.000174
1780622199.854970,3914,ABORT,OK,8,ABORT,-0.000148,-0.795101,1.208004,0.000952,0.801256,0.000173
1780622199.977833,3915,ABORT,OK,8,ABORT,-0.000148,-0.796458,1.210548,0.000968,0.802657,0.000174
1780622200.071101,3916,ABORT,OK,8,ABORT,-0.000148,-0.796657,1.210927,0.000971,0.802861,0.000174
1780622200.215998,3917,ABORT,OK,8,ABORT,-0.000147,-0.796009,1.209658,0.000965,0.802192,0.000173
1780622200.312272,3918,ABORT,OK,8,ABORT,-0.000147,-0.796149,1.209910,0.000967,0.802335,0.000174
1780622200.465524,3919,ABORT,WARNING,8,ABORT,-0.000148,-0.796449,1.210590,0.000972,0.802643,0.000176
1780622200.533820,3920,ABORT,OK,8,ABORT,-0.000149,-0.796736,1.211103,0.000970,0.802945,0.000174
1780622200.659281,3921,ABORT,OK,6,INSERTED,-0.000155,-0.796356,1.210708,0.000951,0.802568,0.000172
1780622200.762668,3922,ABORT,OK,8,ABORT,-0.000146,-0.795626,1.208845,0.000967,0.801787,0.000175
1780622200.890632,3923,ABORT,OK,6,INSERTED,-0.000150,-0.796724,1.211118,0.000968,0.802934,0.000173
1780622200.988176,3924,ABORT,OK,8,ABORT,-0.000149,-0.795466,1.208710,0.000957,0.801632,0.000174
1780622201.112985,3925,ABORT,OK,8,ABORT,-0.000146,-0.796303,1.210154,0.000972,0.802491,0.000175
1780622201.207520,3926,ABORT,OK,8,ABORT,-0.000149,-0.796551,1.210766,0.000967,0.802755,0.000173
1780622201.334822,3927,ABORT,OK,8,ABORT,-0.000148,-0.795031,1.207847,0.000953,0.801181,0.000173
1780622201.471497,3928,ABORT,OK,8,ABORT,-0.000149,-0.796826,1.211265,0.000972,0.803037,0.000174
1780622201.588239,3929,ABORT,OK,8,ABORT,-0.000148,-0.796714,1.211037,0.000971,0.802920,0.000174
1780622201.704006,3930,ABORT,OK,8,ABORT,-0.000146,-0.795899,1.209402,0.000966,0.802076,0.000174
1780622201.796039,3931,ABORT,OK,8,ABORT,-0.000149,-0.796554,1.210800,0.000966,0.802760,0.000173
1780622201.929281,3932,ABORT,OK,8,ABORT,-0.000147,-0.795599,1.208871,0.000964,0.801762,0.000175
1780622202.026890,3933,ABORT,OK,8,ABORT,-0.000147,-0.795532,1.208724,0.000963,0.801695,0.000174
1780622202.158431,3934,ABORT,OK,8,ABORT,-0.000148,-0.796060,1.209815,0.000962,0.802248,0.000173
1780622202.243692,3935,ABORT,OK,8,ABORT,-0.000149,-0.795762,1.209295,0.000960,0.801938,0.000174
1780622202.403487,3936,ABORT,OK,8,ABORT,-0.000148,-0.796009,1.209705,0.000962,0.802195,0.000173
1780622202.480320,3937,ABORT,WARNING,8,ABORT,-0.000144,-0.795885,1.209371,0.000969,0.802061,0.000174
1780622202.609194,3938,ABORT,OK,8,ABORT,-0.000149,-0.795592,1.208950,0.000958,0.801764,0.000173
1780622202.701872,3939,ABORT,OK,8,ABORT,-0.000148,-0.796062,1.209815,0.000962,0.802250,0.000173
1780622202.848461,3940,ABORT,OK,8,ABORT,-0.000153,-0.795806,1.209549,0.000950,0.801995,0.000172
1780622202.925812,3941,ABORT,OK,8,ABORT,-0.000148,-0.795796,1.209262,0.000965,0.801967,0.000175
1780622203.046595,3942,ABORT,OK,8,ABORT,-0.000147,-0.796245,1.210102,0.000968,0.802435,0.000174
1780622203.138289,3943,ABORT,OK,8,ABORT,-0.000147,-0.795738,1.209134,0.000964,0.801908,0.000174
1780622203.265663,3944,ABORT,OK,8,ABORT,-0.000148,-0.796052,1.209783,0.000963,0.802238,0.000173
1780622203.357875,3945,ABORT,OK,8,ABORT,-0.000147,-0.796109,1.209851,0.000966,0.802296,0.000173
1780622203.480011,3946,ABORT,OK,6,INSERTED,-0.000156,-0.796135,1.210340,0.000946,0.802342,0.000171
1780622203.593866,3947,ABORT,OK,6,INSERTED,-0.000157,-0.796291,1.210660,0.000946,0.802504,0.000171
1780622203.704012,3948,ABORT,OK,8,ABORT,-0.000148,-0.796254,1.210151,0.000966,0.802446,0.000173
1780622203.796779,3949,ABORT,OK,8,ABORT,-0.000147,-0.795730,1.209088,0.000967,0.801896,0.000176
1780622203.921932,3950,ABORT,OK,8,ABORT,-0.000148,-0.795674,1.209073,0.000958,0.801850,0.000172
1780622204.024915,3951,ABORT,OK,8,ABORT,-0.000147,-0.796277,1.210122,0.000971,0.802465,0.000174
1780622204.144297,3952,ABORT,OK,8,ABORT,-0.000147,-0.795975,1.209580,0.000965,0.802156,0.000173
1780622204.228855,3953,ABORT,OK,8,ABORT,-0.000149,-0.796521,1.210688,0.000968,0.802722,0.000174
1780622204.357286,3954,ABORT,OK,8,ABORT,-0.000148,-0.795741,1.209159,0.000964,0.801911,0.000175
1780622204.455601,3955,ABORT,OK,8,ABORT,-0.000147,-0.795889,1.209435,0.000963,0.802069,0.000173
1780622204.569782,3956,ABORT,OK,8,ABORT,-0.000147,-0.795966,1.209561,0.000965,0.802146,0.000173
1780622204.663170,3957,ABORT,WARNING,8,ABORT,-0.000153,-0.796306,1.210583,0.000956,0.802512,0.000173
1780622204.792850,3958,ABORT,WARNING,8,ABORT,-0.000144,-0.796399,1.210288,0.000979,0.802587,0.000176
1780622204.880604,3959,ABORT,WARNING,8,ABORT,-0.000144,-0.795859,1.209330,0.000968,0.802035,0.000174
1780622205.026341,3960,ABORT,WARNING,8,ABORT,-0.000144,-0.795394,1.208420,0.000967,0.801549,0.000175
1780622205.131308,3961,ABORT,WARNING,8,ABORT,-0.000144,-0.796212,1.209941,0.000976,0.802395,0.000175
1780622205.226854,3962,ABORT,WARNING,8,ABORT,-0.000144,-0.795399,1.208428,0.000967,0.801553,0.000176
1780622205.347373,3963,ABORT,WARNING,8,ABORT,-0.000146,-0.796477,1.210548,0.000974,0.802674,0.000174
1780622205.439602,3964,ABORT,WARNING,8,ABORT,-0.000146,-0.796518,1.210619,0.000974,0.802716,0.000175
1780622205.566623,3965,ABORT,WARNING,8,ABORT,-0.000145,-0.795170,1.208038,0.000962,0.801320,0.000175
1780622205.660600,3966,ABORT,WARNING,8,ABORT,-0.000144,-0.796272,1.210082,0.000975,0.802458,0.000175
1780622205.784521,3967,ABORT,WARNING,8,ABORT,-0.000148,-0.796457,1.210636,0.000970,0.802656,0.000175
1780622205.876771,3968,ABORT,WARNING,8,ABORT,-0.000145,-0.795752,1.209117,0.000971,0.801918,0.000176
1780622205.999498,3969,ABORT,WARNING,8,ABORT,-0.000145,-0.795926,1.209466,0.000969,0.802104,0.000174
1780622206.089018,3970,ABORT,WARNING,8,ABORT,-0.000144,-0.795269,1.208200,0.000964,0.801423,0.000174
1780622206.212603,3971,ABORT,WARNING,8,ABORT,-0.000145,-0.796417,1.210408,0.000974,0.802610,0.000175
1780622206.300345,3972,ABORT,WARNING,8,ABORT,-0.000145,-0.796260,1.210105,0.000972,0.802449,0.000174
1780622206.423979,3973,ABORT,WARNING,8,ABORT,-0.000144,-0.795668,1.208936,0.000971,0.801830,0.000176
1780622206.543368,3974,ABORT,WARNING,8,ABORT,-0.000145,-0.795875,1.209363,0.000971,0.802046,0.000176
1780622206.660349,3975,ABORT,OK,8,ABORT,-0.000147,-0.796225,1.210045,0.000969,0.802413,0.000174
1780622206.750110,3976,ABORT,OK,8,ABORT,-0.000147,-0.795291,1.208299,0.000958,0.801449,0.000173
1780622206.879744,3977,ABORT,WARNING,8,ABORT,-0.000146,-0.796163,1.209968,0.000969,0.802352,0.000174
1780622206.965552,3978,ABORT,WARNING,8,ABORT,-0.000144,-0.795736,1.209067,0.000969,0.801905,0.000174
1780622207.088048,3979,ABORT,WARNING,8,ABORT,-0.000144,-0.795603,1.208835,0.000966,0.801770,0.000173
1780622207.238589,3980,ABORT,WARNING,8,ABORT,-0.000144,-0.796105,1.209785,0.000972,0.802287,0.000174
1780622207.390888,3981,ABORT,WARNING,8,ABORT,-0.000145,-0.795724,1.209083,0.000970,0.801890,0.000176
1780622207.469339,3982,ABORT,WARNING,8,ABORT,-0.000143,-0.795436,1.208449,0.000970,0.801589,0.000175
1780622207.590726,3983,ABORT,WARNING,8,ABORT,-0.000144,-0.796360,1.210235,0.000977,0.802548,0.000175
1780622207.684840,3984,ABORT,WARNING,8,ABORT,-0.000146,-0.795367,1.208470,0.000963,0.801524,0.000175
1780622207.817492,3985,ABORT,WARNING,8,ABORT,-0.000144,-0.796056,1.209673,0.000972,0.802236,0.000174
1780622207.894759,3986,ABORT,WARNING,8,ABORT,-0.000145,-0.795966,1.209546,0.000969,0.802146,0.000174
1780622208.019016,3987,ABORT,WARNING,8,ABORT,-0.000143,-0.796238,1.209975,0.000977,0.802420,0.000175
1780622208.117370,3988,ABORT,WARNING,8,ABORT,-0.000144,-0.796040,1.209632,0.000973,0.802219,0.000174
1780622208.251845,3989,ABORT,WARNING,8,ABORT,-0.000145,-0.795384,1.208451,0.000964,0.801541,0.000175
1780622208.332654,3990,ABORT,WARNING,8,ABORT,-0.000144,-0.796117,1.209791,0.000973,0.802299,0.000174
1780622208.456869,3991,ABORT,WARNING,8,ABORT,-0.000143,-0.795204,1.208019,0.000966,0.801351,0.000175
1780622208.549783,3992,ABORT,WARNING,8,ABORT,-0.000147,-0.796231,1.210132,0.000972,0.802416,0.000176
1780622208.689749,3993,ABORT,OK,8,ABORT,-0.000147,-0.796372,1.210340,0.000970,0.802566,0.000174
1780622208.836974,3994,ABORT,OK,8,ABORT,-0.000147,-0.796004,1.209627,0.000966,0.802185,0.000174
1780622208.903438,3995,ABORT,WARNING,8,ABORT,-0.000145,-0.796423,1.210396,0.000976,0.802615,0.000175
1780622209.030187,3996,ABORT,WARNING,8,ABORT,-0.000144,-0.795244,1.208142,0.000965,0.801395,0.000175
1780622209.127395,3997,ABORT,WARNING,8,ABORT,-0.000145,-0.796026,1.209667,0.000969,0.802208,0.000174
1780622209.285036,3998,ABORT,WARNING,8,ABORT,-0.000145,-0.795531,1.208724,0.000967,0.801691,0.000176
1780622209.342301,3999,ABORT,WARNING,8,ABORT,-0.000144,-0.795464,1.208525,0.000969,0.801620,0.000175
1780622209.498229,4000,ABORT,WARNING,8,ABORT,-0.000145,-0.796303,1.210161,0.000974,0.802491,0.000175
1780622209.590065,4001,ABORT,WARNING,8,ABORT,-0.000146,-0.795587,1.208876,0.000965,0.801752,0.000175
1780622209.722002,4002,ABORT,WARNING,8,ABORT,-0.000144,-0.796184,1.209885,0.000976,0.802365,0.000175
1780622209.808491,4003,ABORT,WARNING,8,ABORT,-0.000146,-0.796564,1.210701,0.000975,0.802763,0.000175
1780622209.933690,4004,ABORT,WARNING,8,ABORT,-0.000143,-0.795231,1.208064,0.000967,0.801379,0.000175
1780622210.028528,4005,ABORT,WARNING,8,ABORT,-0.000144,-0.796028,1.209598,0.000973,0.802206,0.000175
1780622210.158869,4006,ABORT,WARNING,8,ABORT,-0.000144,-0.795314,1.208255,0.000966,0.801468,0.000174
1780622210.238656,4007,ABORT,WARNING,8,ABORT,-0.000144,-0.795684,1.208947,0.000972,0.801846,0.000176
1780622210.373607,4008,ABORT,WARNING,8,ABORT,-0.000146,-0.796316,1.210286,0.000969,0.802511,0.000173
1780622210.458273,4009,ABORT,WARNING,8,ABORT,-0.000143,-0.795726,1.208976,0.000973,0.801890,0.000175
1780622210.580775,4010,ABORT,WARNING,8,ABORT,-0.000142,-0.795511,1.208536,0.000972,0.801667,0.000175
1780622210.669703,4011,ABORT,OK,8,ABORT,-0.000148,-0.795875,1.209477,0.000959,0.802059,0.000172
1780622210.806441,4012,ABORT,OK,8,ABORT,-0.000147,-0.795617,1.208894,0.000964,0.801782,0.000175
1780622210.883137,4013,ABORT,OK,8,ABORT,-0.000147,-0.795627,1.208913,0.000964,0.801792,0.000175
1780622211.004932,4014,ABORT,OK,8,ABORT,-0.000146,-0.796131,1.209802,0.000972,0.802311,0.000175
1780622211.100313,4015,ABORT,WARNING,8,ABORT,-0.000145,-0.795654,1.208941,0.000969,0.801819,0.000175
1780622211.221496,4016,ABORT,WARNING,8,ABORT,-0.000145,-0.796305,1.210178,0.000974,0.802495,0.000174
1780622211.314044,4017,ABORT,WARNING,8,ABORT,-0.000144,-0.796176,1.209881,0.000975,0.802359,0.000175
1780622211.471366,4018,ABORT,WARNING,8,ABORT,-0.000146,-0.795955,1.209545,0.000971,0.802130,0.000176
1780622211.529985,4019,ABORT,WARNING,8,ABORT,-0.000146,-0.796493,1.210601,0.000972,0.802692,0.000174
1780622211.667504,4020,ABORT,WARNING,8,ABORT,-0.000144,-0.795431,1.208498,0.000967,0.801588,0.000175
1780622211.756719,4021,ABORT,WARNING,8,ABORT,-0.000144,-0.795696,1.208960,0.000973,0.801857,0.000176
1780622211.873681,4022,ABORT,WARNING,8,ABORT,-0.000145,-0.796618,1.210794,0.000977,0.802818,0.000175
1780622211.970576,4023,ABORT,WARNING,8,ABORT,-0.000150,-0.795483,1.208902,0.000951,0.801659,0.000172
1780622212.094707,4024,ABORT,WARNING,8,ABORT,-0.000145,-0.796394,1.210332,0.000976,0.802585,0.000175
1780622212.204062,4025,ABORT,WARNING,8,ABORT,-0.000144,-0.796439,1.210384,0.000978,0.802629,0.000175
1780622212.324228,4026,ABORT,WARNING,8,ABORT,-0.000145,-0.795550,1.208739,0.000969,0.801708,0.000176
1780622212.450562,4027,ABORT,WARNING,8,ABORT,-0.000147,-0.796455,1.210585,0.000969,0.802657,0.000173
1780622212.544729,4028,ABORT,WARNING,8,ABORT,-0.000145,-0.796571,1.210689,0.000977,0.802769,0.000175
1780622212.671095,4029,ABORT,OK,8,ABORT,-0.000147,-0.795667,1.208992,0.000965,0.801831,0.000175
1780622212.776330,4030,ABORT,OK,8,ABORT,-0.000147,-0.796030,1.209698,0.000965,0.802214,0.000173
1780622212.890282,4031,ABORT,OK,8,ABORT,-0.000147,-0.796048,1.209702,0.000967,0.802230,0.000174
1780622212.982969,4032,ABORT,OK,8,ABORT,-0.000147,-0.795504,1.208678,0.000963,0.801665,0.000175
1780622213.112914,4033,ABORT,OK,8,ABORT,-0.000148,-0.796218,1.210100,0.000965,0.802410,0.000173
1780622213.209394,4034,ABORT,OK,8,ABORT,-0.000147,-0.796368,1.210313,0.000971,0.802560,0.000174
1780622213.326758,4035,ABORT,WARNING,8,ABORT,-0.000145,-0.795848,1.209327,0.000970,0.802018,0.000176
1780622213.422866,4036,ABORT,WARNING,8,ABORT,-0.000145,-0.796196,1.210006,0.000970,0.802384,0.000174
1780622213.545735,4037,ABORT,WARNING,8,ABORT,-0.000143,-0.795398,1.208374,0.000970,0.801549,0.000176
1780622213.639773,4038,ABORT,WARNING,8,ABORT,-0.000144,-0.795416,1.208471,0.000966,0.801573,0.000175
1780622213.765041,4039,ABORT,WARNING,8,ABORT,-0.000144,-0.796235,1.210007,0.000975,0.802420,0.000175
1780622213.856430,4040,ABORT,WARNING,8,ABORT,-0.000148,-0.795741,1.209283,0.000961,0.801918,0.000174
1780622213.990514,4041,ABORT,WARNING,8,ABORT,-0.000144,-0.796519,1.210526,0.000980,0.802712,0.000176
1780622214.084540,4042,ABORT,WARNING,8,ABORT,-0.000145,-0.795765,1.209177,0.000966,0.801940,0.000173
1780622214.209849,4043,ABORT,WARNING,8,ABORT,-0.000144,-0.795297,1.208246,0.000964,0.801452,0.000174
1780622214.298116,4044,ABORT,WARNING,8,ABORT,-0.000145,-0.796753,1.211031,0.000979,0.802956,0.000175
1780622214.426761,4045,ABORT,WARNING,8,ABORT,-0.000146,-0.796266,1.210189,0.000969,0.802460,0.000174
1780622214.510973,4046,ABORT,WARNING,8,ABORT,-0.000143,-0.796000,1.209495,0.000976,0.802174,0.000175
1780622214.646885,4047,ABORT,OK,8,ABORT,-0.000148,-0.795670,1.209032,0.000962,0.801839,0.000174
1780622214.737368,4048,ABORT,OK,8,ABORT,-0.000147,-0.795287,1.208301,0.000958,0.801445,0.000174
1780622214.872864,4049,ABORT,OK,8,ABORT,-0.000147,-0.796331,1.210261,0.000969,0.802523,0.000174
1780622214.966011,4050,ABORT,OK,8,ABORT,-0.000147,-0.796199,1.209994,0.000969,0.802386,0.000174
1780622215.103857,4051,ABORT,OK,8,ABORT,-0.000147,-0.796190,1.209998,0.000967,0.802378,0.000174
1780622215.195846,4052,ABORT,OK,8,ABORT,-0.000148,-0.796230,1.210094,0.000967,0.802421,0.000173
1780622215.317760,4053,ABORT,OK,8,ABORT,-0.000152,-0.796300,1.210457,0.000959,0.802499,0.000174
1780622215.400317,4054,ABORT,OK,8,ABORT,-0.000148,-0.795973,1.209613,0.000963,0.802156,0.000173
1780622215.529476,4055,ABORT,WARNING,8,ABORT,-0.000144,-0.796016,1.209608,0.000971,0.802195,0.000174
1780622215.635586,4056,ABORT,WARNING,8,ABORT,-0.000144,-0.796004,1.209583,0.000971,0.802183,0.000174
1780622215.781811,4057,ABORT,WARNING,8,ABORT,-0.000147,-0.796500,1.210641,0.000971,0.802701,0.000174
1780622215.861741,4058,ABORT,WARNING,8,ABORT,-0.000145,-0.795752,1.209134,0.000968,0.801922,0.000174
1780622215.984872,4059,ABORT,WARNING,8,ABORT,-0.000144,-0.795720,1.209015,0.000969,0.801888,0.000174
1780622216.115169,4060,ABORT,WARNING,8,ABORT,-0.000146,-0.796010,1.209648,0.000971,0.802188,0.000176
1780622216.209021,4061,ABORT,WARNING,8,ABORT,-0.000148,-0.796394,1.210461,0.000973,0.802585,0.000176
1780622216.340182,4062,ABORT,WARNING,8,ABORT,-0.000144,-0.796084,1.209740,0.000972,0.802265,0.000174
1780622216.438730,4063,ABORT,WARNING,8,ABORT,-0.000145,-0.796298,1.210156,0.000974,0.802487,0.000175
1780622216.599833,4064,ABORT,WARNING,8,ABORT,-0.000144,-0.795376,1.208376,0.000967,0.801531,0.000175
1780622216.689168,4065,ABORT,OK,8,ABORT,-0.000147,-0.796279,1.210140,0.000970,0.802468,0.000174
1780622216.806289,4066,ABORT,OK,8,ABORT,-0.000148,-0.796069,1.209790,0.000969,0.802247,0.000176
1780622216.893161,4067,ABORT,OK,8,ABORT,-0.000153,-0.796348,1.210546,0.000960,0.802548,0.000174
1780622217.020053,4068,ABORT,OK,8,ABORT,-0.000147,-0.796063,1.209761,0.000965,0.802248,0.000173
1780622217.114563,4069,ABORT,OK,8,ABORT,-0.000147,-0.795310,1.208330,0.000959,0.801467,0.000174
1780622217.262463,4070,ABORT,OK,8,ABORT,-0.000147,-0.796429,1.210452,0.000970,0.802624,0.000174
1780622217.336899,4071,ABORT,OK,8,ABORT,-0.000148,-0.796109,1.209880,0.000964,0.802297,0.000173
1780622217.465684,4072,ABORT,WARNING,8,ABORT,-0.000143,-0.795439,1.208453,0.000970,0.801592,0.000176
1780622217.560415,4073,ABORT,WARNING,8,ABORT,-0.000146,-0.796174,1.209968,0.000972,0.802358,0.000175
1780622217.693806,4074,ABORT,WARNING,8,ABORT,-0.000145,-0.795694,1.209020,0.000969,0.801859,0.000175
1780622217.771991,4075,ABORT,WARNING,8,ABORT,-0.000142,-0.795602,1.208728,0.000972,0.801763,0.000175
1780622217.908983,4076,ABORT,WARNING,8,ABORT,-0.000143,-0.795574,1.208726,0.000970,0.801735,0.000175
1780622217.985998,4077,ABORT,WARNING,8,ABORT,-0.000143,-0.795493,1.208557,0.000970,0.801650,0.000175
1780622218.120482,4078,ABORT,WARNING,8,ABORT,-0.000146,-0.796746,1.211083,0.000976,0.802952,0.000175
1780622218.219697,4079,ABORT,WARNING,8,ABORT,-0.000143,-0.795129,1.207878,0.000964,0.801277,0.000174
1780622218.351205,4080,ABORT,WARNING,8,ABORT,-0.000144,-0.795852,1.209270,0.000971,0.802025,0.000174
1780622218.457628,4081,ABORT,WARNING,8,ABORT,-0.000146,-0.796201,1.210025,0.000970,0.802390,0.000174
1780622218.623412,4082,ABORT,WARNING,8,ABORT,-0.000144,-0.795638,1.208857,0.000972,0.801797,0.000176
1780622218.698796,4083,ABORT,OK,8,ABORT,-0.000146,-0.796048,1.209682,0.000968,0.802228,0.000174
1780622218.835136,4084,ABORT,OK,8,ABORT,-0.000148,-0.796578,1.210784,0.000970,0.802781,0.000174
1780622218.931517,4085,ABORT,OK,8,ABORT,-0.000152,-0.796495,1.210769,0.000965,0.802697,0.000175
1780622219.090166,4086,ABORT,OK,8,ABORT,-0.000147,-0.795616,1.208939,0.000958,0.801788,0.000172
1780622219.172735,4087,ABORT,OK,8,ABORT,-0.000147,-0.795612,1.208930,0.000958,0.801785,0.000172
1780622219.296416,4088,ABORT,OK,8,ABORT,-0.000147,-0.796078,1.209767,0.000967,0.802262,0.000174
1780622219.390992,4089,ABORT,OK,8,ABORT,-0.000147,-0.795850,1.209339,0.000964,0.802027,0.000173
1780622219.523025,4090,ABORT,OK,8,ABORT,-0.000146,-0.795738,1.209086,0.000965,0.801908,0.000174
1780622219.624122,4091,ABORT,OK,8,ABORT,-0.000147,-0.795575,1.208856,0.000958,0.801746,0.000172
1780622219.759299,4092,ABORT,WARNING,8,ABORT,-0.000154,-0.796199,1.210454,0.000950,0.802408,0.000172
1780622219.906537,4093,ABORT,WARNING,8,ABORT,-0.000146,-0.796431,1.210487,0.000972,0.802628,0.000174
1780622219.983940,4094,ABORT,WARNING,8,ABORT,-0.000145,-0.796573,1.210709,0.000976,0.802771,0.000175
1780622220.117499,4095,ABORT,WARNING,8,ABORT,-0.000145,-0.795010,1.207711,0.000961,0.801154,0.000175
1780622220.209729,4096,ABORT,WARNING,8,ABORT,-0.000145,-0.796045,1.209684,0.000970,0.802226,0.000174
1780622220.332886,4097,ABORT,WARNING,8,ABORT,-0.000144,-0.795181,1.208003,0.000965,0.801329,0.000175
1780622220.435180,4098,ABORT,WARNING,8,ABORT,-0.000143,-0.795272,1.208148,0.000967,0.801421,0.000175
1780622220.588569,4099,ABORT,WARNING,8,ABORT,-0.000144,-0.796373,1.210245,0.000978,0.802560,0.000175
1780622220.661808,4100,ABORT,WARNING,8,ABORT,-0.000146,-0.795526,1.208734,0.000967,0.801686,0.000176
1780622220.778660,4101,ABORT,OK,8,ABORT,-0.000147,-0.795911,1.209468,0.000964,0.802091,0.000173
1780622220.887176,4102,ABORT,OK,8,ABORT,-0.000148,-0.795979,1.209603,0.000968,0.802154,0.000176
1780622220.990829,4103,ABORT,OK,8,ABORT,-0.000148,-0.796517,1.210675,0.000969,0.802718,0.000174
1780622221.100144,4104,ABORT,OK,8,ABORT,-0.000147,-0.796377,1.210350,0.000970,0.802571,0.000174
1780622221.209696,4105,ABORT,OK,8,ABORT,-0.000147,-0.795482,1.208651,0.000962,0.801642,0.000175
1780622221.299455,4106,ABORT,OK,8,ABORT,-0.000148,-0.796220,1.210130,0.000964,0.802414,0.000173
1780622221.421586,4107,ABORT,OK,8,ABORT,-0.000147,-0.795599,1.208863,0.000965,0.801760,0.000176
1780622221.535744,4108,ABORT,OK,8,ABORT,-0.000147,-0.795652,1.208981,0.000964,0.801819,0.000175
1780622221.665784,4109,ABORT,WARNING,8,ABORT,-0.000144,-0.796076,1.209710,0.000972,0.802256,0.000174
1780622221.745395,4110,ABORT,WARNING,8,ABORT,-0.000145,-0.796028,1.209690,0.000969,0.802210,0.000174
1780622221.870704,4111,ABORT,WARNING,8,ABORT,-0.000147,-0.796335,1.210333,0.000970,0.802529,0.000174
1780622221.963765,4112,ABORT,WARNING,8,ABORT,-0.000144,-0.796314,1.210167,0.000975,0.802502,0.000175
1780622222.083872,4113,ABORT,WARNING,8,ABORT,-0.000142,-0.795572,1.208628,0.000974,0.801728,0.000175
1780622222.175863,4114,ABORT,WARNING,8,ABORT,-0.000142,-0.795661,1.208811,0.000974,0.801821,0.000175
1780622222.311970,4115,ABORT,WARNING,8,ABORT,-0.000144,-0.795364,1.208343,0.000967,0.801518,0.000175
1780622222.393888,4116,ABORT,WARNING,8,ABORT,-0.000144,-0.795777,1.209123,0.000970,0.801947,0.000174
1780622222.522981,4117,ABORT,WARNING,8,ABORT,-0.000146,-0.796239,1.210101,0.000974,0.802423,0.000176
1780622222.615689,4118,ABORT,WARNING,8,ABORT,-0.000145,-0.795735,1.209086,0.000971,0.801900,0.000176
1780622222.743451,4119,ABORT,OK,8,ABORT,-0.000148,-0.795897,1.209490,0.000961,0.802079,0.000173
1780622222.830508,4120,ABORT,OK,8,ABORT,-0.000147,-0.796062,1.209770,0.000965,0.802247,0.000173
1780622222.959302,4121,ABORT,OK,8,ABORT,-0.000151,-0.796285,1.210360,0.000962,0.802480,0.000174
1780622223.048370,4122,ABORT,OK,8,ABORT,-0.000149,-0.796596,1.210832,0.000969,0.802800,0.000174
1780622223.173539,4123,ABORT,OK,8,ABORT,-0.000149,-0.795147,1.208124,0.000951,0.801306,0.000172
1780622223.264385,4124,ABORT,OK,8,ABORT,-0.000147,-0.795368,1.208412,0.000961,0.801526,0.000174
1780622223.387439,4125,ABORT,OK,8,ABORT,-0.000147,-0.796362,1.210299,0.000971,0.802554,0.000174
1780622223.514775,4126,ABORT,OK,8,ABORT,-0.000147,-0.795609,1.208893,0.000962,0.801777,0.000174
1780622223.624266,4127,ABORT,OK,8,ABORT,-0.000149,-0.796588,1.210820,0.000969,0.802792,0.000174
1780622223.735379,4128,ABORT,WARNING,8,ABORT,-0.000148,-0.796266,1.210258,0.000968,0.802458,0.000175
1780622223.826977,4129,ABORT,WARNING,8,ABORT,-0.000145,-0.796316,1.210183,0.000975,0.802505,0.000175
1780622223.946668,4130,ABORT,WARNING,8,ABORT,-0.000146,-0.795655,1.208982,0.000968,0.801819,0.000176
1780622224.041908,4131,ABORT,WARNING,8,ABORT,-0.000148,-0.796301,1.210301,0.000970,0.802491,0.000176
1780622224.167164,4132,ABORT,WARNING,8,ABORT,-0.000145,-0.796441,1.210439,0.000975,0.802634,0.000175
1780622224.275760,4133,ABORT,WARNING,8,ABORT,-0.000144,-0.795223,1.208098,0.000964,0.801376,0.000174
1780622224.382625,4134,ABORT,WARNING,8,ABORT,-0.000144,-0.796029,1.209639,0.000971,0.802209,0.000174
1780622224.469928,4135,ABORT,WARNING,8,ABORT,-0.000146,-0.796606,1.210794,0.000975,0.802807,0.000175
1780622224.594230,4136,ABORT,WARNING,8,ABORT,-0.000143,-0.795483,1.208550,0.000970,0.801638,0.000176
1780622224.687044,4137,ABORT,OK,8,ABORT,-0.000147,-0.795506,1.208665,0.000964,0.801666,0.000175
1780622224.809126,4138,ABORT,OK,8,ABORT,-0.000148,-0.795751,1.209187,0.000964,0.801921,0.000175
1780622224.900092,4139,ABORT,OK,8,ABORT,-0.000147,-0.795256,1.208216,0.000959,0.801412,0.000174
1780622225.027922,4140,ABORT,OK,8,ABORT,-0.000148,-0.796062,1.209784,0.000964,0.802248,0.000173
1780622225.124253,4141,ABORT,OK,8,ABORT,-0.000149,-0.795546,1.208867,0.000957,0.801717,0.000173
1780622225.243281,4142,ABORT,OK,8,ABORT,-0.000146,-0.795308,1.208300,0.000959,0.801465,0.000173
1780622225.339375,4143,ABORT,OK,8,ABORT,-0.000148,-0.796161,1.209965,0.000966,0.802350,0.000173
1780622225.459971,4144,ABORT,OK,8,ABORT,-0.000148,-0.795461,1.208632,0.000961,0.801621,0.000175
1780622225.558531,4145,ABORT,OK,8,ABORT,-0.000148,-0.795787,1.209268,0.000964,0.801959,0.000175
1780622225.701425,4146,ABORT,OK,8,ABORT,-0.000147,-0.796026,1.209669,0.000967,0.802207,0.000174
1780622225.775962,4147,ABORT,OK,8,ABORT,-0.000147,-0.795344,1.208396,0.000959,0.801503,0.000173
1780622225.900659,4148,ABORT,WARNING,8,ABORT,-0.000144,-0.796291,1.210103,0.000976,0.802476,0.000175
1780622225.996394,4149,ABORT,WARNING,8,ABORT,-0.000144,-0.795440,1.208501,0.000966,0.801599,0.000174
1780622226.115622,4150,ABORT,WARNING,8,ABORT,-0.000144,-0.795775,1.209129,0.000970,0.801945,0.000174
1780622226.211516,4151,ABORT,WARNING,8,ABORT,-0.000144,-0.794927,1.207529,0.000960,0.801069,0.000174
1780622226.336625,4152,ABORT,WARNING,8,ABORT,-0.000146,-0.796525,1.210642,0.000974,0.802724,0.000174
1780622226.435516,4153,ABORT,WARNING,8,ABORT,-0.000144,-0.795410,1.208437,0.000967,0.801566,0.000175
1780622226.556626,4154,ABORT,WARNING,8,ABORT,-0.000145,-0.795483,1.208667,0.000961,0.801651,0.000172
1780622226.649254,4155,ABORT,WARNING,8,ABORT,-0.000144,-0.795765,1.209118,0.000969,0.801936,0.000174
1780622226.785158,4156,ABORT,OK,8,ABORT,-0.000146,-0.796051,1.209694,0.000968,0.802232,0.000174
1780622226.863757,4157,ABORT,OK,8,ABORT,-0.000148,-0.796180,1.210004,0.000966,0.802370,0.000173
1780622226.984962,4158,ABORT,OK,8,ABORT,-0.000148,-0.795484,1.208679,0.000960,0.801646,0.000174
1780622227.116854,4159,ABORT,OK,8,ABORT,-0.000147,-0.796335,1.210252,0.000970,0.802526,0.000174
1780622227.212322,4160,ABORT,OK,8,ABORT,-0.000147,-0.796094,1.209824,0.000966,0.802280,0.000173
1780622227.328311,4161,ABORT,OK,8,ABORT,-0.000147,-0.795169,1.208053,0.000957,0.801322,0.000174
1780622227.417066,4162,ABORT,OK,8,ABORT,-0.000148,-0.796400,1.210421,0.000969,0.802596,0.000174
1780622227.548328,4163,ABORT,OK,8,ABORT,-0.000147,-0.795729,1.209087,0.000966,0.801898,0.000175
1780622227.637949,4164,ABORT,OK,8,ABORT,-0.000148,-0.796128,1.209912,0.000965,0.802316,0.000173
1780622227.766320,4165,ABORT,OK,8,ABORT,-0.000146,-0.795305,1.208290,0.000959,0.801463,0.000173
1780622227.876326,4166,ABORT,OK,8,ABORT,-0.000146,-0.795592,1.208815,0.000965,0.801755,0.000175
1780622227.984201,4167,ABORT,OK,8,ABORT,-0.000149,-0.796613,1.210904,0.000967,0.802820,0.000173
1780622228.086045,4168,ABORT,WARNING,8,ABORT,-0.000146,-0.795462,1.208632,0.000964,0.801623,0.000175
1780622228.229400,4169,ABORT,WARNING,8,ABORT,-0.000144,-0.796258,1.210038,0.000976,0.802443,0.000175
1780622228.295700,4170,ABORT,WARNING,8,ABORT,-0.000144,-0.796272,1.210060,0.000976,0.802457,0.000175
1780622228.423956,4171,ABORT,WARNING,8,ABORT,-0.000146,-0.795117,1.207989,0.000959,0.801268,0.000174
1780622228.510632,4172,ABORT,WARNING,8,ABORT,-0.000143,-0.796266,1.210019,0.000978,0.802449,0.000176
1780622228.637015,4173,ABORT,WARNING,8,ABORT,-0.000144,-0.796232,1.209980,0.000976,0.802415,0.000175
1780622228.734528,4174,ABORT,OK,6,INSERTED,-0.000157,-0.796204,1.210529,0.000944,0.802416,0.000171
1780622228.862395,4175,ABORT,OK,8,ABORT,-0.000147,-0.796334,1.210256,0.000970,0.802526,0.000174
1780622228.954916,4176,ABORT,OK,8,ABORT,-0.000148,-0.795509,1.208770,0.000958,0.801676,0.000174
1780622229.078058,4177,ABORT,OK,8,ABORT,-0.000146,-0.795255,1.208201,0.000959,0.801409,0.000174
1780622229.175964,4178,ABORT,OK,8,ABORT,-0.000147,-0.795890,1.209438,0.000963,0.802070,0.000173
1780622229.295226,4179,ABORT,OK,8,ABORT,-0.000150,-0.795546,1.208881,0.000959,0.801711,0.000175
1780622229.388598,4180,ABORT,OK,8,ABORT,-0.000148,-0.796361,1.210364,0.000968,0.802556,0.000174
1780622229.515609,4181,ABORT,OK,8,ABORT,-0.000146,-0.795332,1.208334,0.000961,0.801488,0.000174
1780622229.608545,4182,ABORT,OK,8,ABORT,-0.000147,-0.796126,1.209884,0.000966,0.802313,0.000174
1780622229.748576,4183,ABORT,OK,8,ABORT,-0.000148,-0.796543,1.210691,0.000971,0.802742,0.000175
1780622229.824796,4184,ABORT,OK,8,ABORT,-0.000151,-0.796055,1.209909,0.000961,0.802242,0.000174
1780622229.946638,4185,ABORT,OK,8,ABORT,-0.000149,-0.795586,1.208950,0.000954,0.801762,0.000171
1780622230.038508,4186,ABORT,OK,8,ABORT,-0.000147,-0.796329,1.210263,0.000969,0.802522,0.000174
1780622230.155296,4187,ABORT,OK,8,ABORT,-0.000150,-0.796323,1.210391,0.000965,0.802517,0.000175
1780622230.248304,4188,ABORT,WARNING,8,ABORT,-0.000147,-0.796811,1.211227,0.000975,0.803021,0.000175
1780622230.374095,4189,ABORT,WARNING,8,ABORT,-0.000145,-0.794971,1.207693,0.000957,0.801118,0.000173
1780622230.467250,4190,ABORT,WARNING,8,ABORT,-0.000142,-0.795486,1.208470,0.000973,0.801640,0.000175
1780622230.593790,4191,ABORT,WARNING,8,ABORT,-0.000145,-0.796307,1.210193,0.000974,0.802496,0.000175
1780622230.715740,4192,ABORT,WARNING,8,ABORT,-0.000144,-0.795727,1.209048,0.000971,0.801891,0.000176
1780622230.826324,4193,ABORT,OK,8,ABORT,-0.000147,-0.796095,1.209808,0.000966,0.802279,0.000174
1780622230.941049,4194,ABORT,OK,8,ABORT,-0.000151,-0.796389,1.210527,0.000965,0.802585,0.000175
1780622231.027301,4195,ABORT,OK,8,ABORT,-0.000149,-0.796912,1.211417,0.000974,0.803125,0.000175
1780622231.161162,4196,ABORT,OK,8,ABORT,-0.000145,-0.795459,1.208496,0.000965,0.801617,0.000174
1780622231.251408,4197,ABORT,OK,8,ABORT,-0.000149,-0.796582,1.210851,0.000966,0.802788,0.000173
1780622231.378153,4198,ABORT,OK,8,ABORT,-0.000151,-0.796481,1.210730,0.000965,0.802681,0.000175
1780622231.473810,4199,ABORT,OK,8,ABORT,-0.000148,-0.795822,1.209357,0.000963,0.801997,0.000174
1780622231.604712,4200,ABORT,OK,8,ABORT,-0.000147,-0.795898,1.209456,0.000963,0.802079,0.000173
1780622231.693770,4201,ABORT,OK,8,ABORT,-0.000147,-0.795675,1.209018,0.000964,0.801841,0.000175
1780622231.817162,4202,ABORT,OK,8,ABORT,-0.000151,-0.796487,1.210724,0.000966,0.802687,0.000175
1780622231.907831,4203,ABORT,OK,8,ABORT,-0.000147,-0.795325,1.208342,0.000959,0.801483,0.000174
1780622232.033522,4204,ABORT,OK,8,ABORT,-0.000147,-0.796071,1.209767,0.000966,0.802255,0.000173
1780622232.122092,4205,ABORT,OK,8,ABORT,-0.000148,-0.795673,1.209073,0.000961,0.801843,0.000174
1780622232.245658,4206,ABORT,WARNING,8,ABORT,-0.000144,-0.795852,1.209304,0.000969,0.802027,0.000174
1780622232.339863,4207,ABORT,WARNING,8,ABORT,-0.000144,-0.796009,1.209590,0.000972,0.802188,0.000174
1780622232.494495,4208,ABORT,WARNING,8,ABORT,-0.000144,-0.796226,1.209959,0.000977,0.802408,0.000175
1780622232.576299,4209,ABORT,WARNING,8,ABORT,-0.000144,-0.796061,1.209659,0.000974,0.802239,0.000175
1780622232.693217,4210,ABORT,WARNING,8,ABORT,-0.000144,-0.796301,1.210139,0.000976,0.802488,0.000175
1780622232.788803,4211,ABORT,OK,8,ABORT,-0.000149,-0.796714,1.211064,0.000970,0.802922,0.000174
1780622232.912454,4212,ABORT,OK,8,ABORT,-0.000146,-0.795644,1.208900,0.000966,0.801808,0.000175
1780622233.005983,4213,ABORT,OK,8,ABORT,-0.000146,-0.796379,1.210307,0.000972,0.802570,0.000175
1780622233.134085,4214,ABORT,OK,8,ABORT,-0.000148,-0.796502,1.210620,0.000970,0.802701,0.000174
1780622233.230034,4215,ABORT,OK,8,ABORT,-0.000145,-0.795639,1.208877,0.000965,0.801805,0.000174
1780622233.348420,4216,ABORT,OK,8,ABORT,-0.000149,-0.796440,1.210568,0.000965,0.802641,0.000173
1780622233.441413,4217,ABORT,OK,8,ABORT,-0.000151,-0.796451,1.210641,0.000967,0.802648,0.000175
1780622233.561066,4218,ABORT,OK,8,ABORT,-0.000149,-0.796802,1.211212,0.000972,0.803012,0.000174
1780622233.655556,4219,ABORT,OK,8,ABORT,-0.000147,-0.796212,1.210019,0.000968,0.802400,0.000174
1780622233.775643,4220,ABORT,OK,8,ABORT,-0.000148,-0.795112,1.207998,0.000954,0.801265,0.000173
1780622233.864890,4221,ABORT,OK,8,ABORT,-0.000149,-0.796516,1.210680,0.000969,0.802717,0.000174
1780622233.992477,4222,ABORT,OK,8,ABORT,-0.000147,-0.795762,1.209178,0.000966,0.801930,0.000175
1780622234.074149,4223,ABORT,OK,8,ABORT,-0.000147,-0.795815,1.209265,0.000964,0.801990,0.000173
1780622234.207004,4224,ABORT,OK,8,ABORT,-0.000151,-0.796504,1.210775,0.000965,0.802705,0.000175
1780622234.330201,4225,ABORT,OK,8,ABORT,-0.000151,-0.796207,1.210220,0.000962,0.802400,0.000175
1780622234.440459,4226,ABORT,WARNING,8,ABORT,-0.000146,-0.796526,1.210639,0.000974,0.802725,0.000174
1780622234.595429,4227,ABORT,WARNING,8,ABORT,-0.000145,-0.795668,1.208971,0.000969,0.801832,0.000176
1780622234.648549,4228,ABORT,WARNING,8,ABORT,-0.000144,-0.795971,1.209537,0.000970,0.802150,0.000174
1780622234.771724,4229,ABORT,OK,8,ABORT,-0.000150,-0.796625,1.210943,0.000971,0.802826,0.000176
1780622234.866184,4230,ABORT,OK,8,ABORT,-0.000147,-0.795420,1.208501,0.000965,0.801573,0.000176
1780622234.988273,4231,ABORT,OK,8,ABORT,-0.000147,-0.796161,1.209946,0.000967,0.802348,0.000174
1780622235.110906,4232,ABORT,OK,8,ABORT,-0.000148,-0.795087,1.207975,0.000953,0.801241,0.000173
1780622235.215259,4233,ABORT,OK,8,ABORT,-0.000149,-0.796326,1.210363,0.000963,0.802524,0.000173
1780622235.311964,4234,ABORT,OK,8,ABORT,-0.000149,-0.796649,1.210925,0.000970,0.802854,0.000174
1780622235.444318,4235,ABORT,OK,8,ABORT,-0.000146,-0.795468,1.208579,0.000963,0.801628,0.000174
1780622235.532271,4236,ABORT,OK,8,ABORT,-0.000147,-0.796231,1.210068,0.000968,0.802420,0.000174
1780622235.656568,4237,ABORT,OK,8,ABORT,-0.000148,-0.795633,1.208954,0.000963,0.801799,0.000175
1780622235.745355,4238,ABORT,OK,8,ABORT,-0.000147,-0.796323,1.210220,0.000971,0.802513,0.000174
1780622235.875679,4239,ABORT,OK,8,ABORT,-0.000148,-0.796614,1.210823,0.000972,0.802816,0.000174
1780622235.962980,4240,ABORT,OK,8,ABORT,-0.000148,-0.795946,1.209559,0.000967,0.802122,0.000175
1780622236.089620,4241,ABORT,OK,8,ABORT,-0.000147,-0.795905,1.209452,0.000964,0.802084,0.000173
1780622236.189398,4242,ABORT,OK,8,ABORT,-0.000148,-0.795952,1.209576,0.000963,0.802135,0.000173
1780622236.303633,4243,ABORT,OK,8,ABORT,-0.000152,-0.796441,1.210678,0.000963,0.802642,0.000175
1780622236.397088,4244,ABORT,OK,8,ABORT,-0.000149,-0.796783,1.211223,0.000969,0.802995,0.000174
1780622236.521922,4245,ABORT,OK,8,ABORT,-0.000147,-0.795291,1.208281,0.000959,0.801447,0.000174
1780622236.616747,4246,ABORT,WARNING,8,ABORT,-0.000144,-0.796078,1.209689,0.000974,0.802257,0.000175
1780622236.766201,4247,ABORT,OK,8,ABORT,-0.000145,-0.795967,1.209461,0.000971,0.802140,0.000175
1780622236.831490,4248,ABORT,OK,8,ABORT,-0.000147,-0.795539,1.208748,0.000963,0.801701,0.000175
1780622236.961549,4249,ABORT,OK,8,ABORT,-0.000148,-0.796231,1.210136,0.000965,0.802424,0.000173
1780622237.050518,4250,ABORT,OK,8,ABORT,-0.000151,-0.796320,1.210423,0.000963,0.802516,0.000174
1780622237.181783,4251,ABORT,OK,8,ABORT,-0.000146,-0.796222,1.210007,0.000971,0.802408,0.000174
1780622237.278119,4252,ABORT,OK,8,ABORT,-0.000147,-0.796272,1.210149,0.000968,0.802462,0.000174
1780622237.410075,4253,ABORT,OK,8,ABORT,-0.000147,-0.795913,1.209457,0.000969,0.802084,0.000176
1780622237.512206,4254,ABORT,OK,8,ABORT,-0.000147,-0.795724,1.209077,0.000967,0.801891,0.000175
1780622237.648786,4255,ABORT,OK,8,ABORT,-0.000148,-0.796258,1.210173,0.000965,0.802451,0.000173
1780622237.731935,4256,ABORT,OK,8,ABORT,-0.000147,-0.796042,1.209688,0.000968,0.802223,0.000174
1780622237.862295,4257,ABORT,OK,8,ABORT,-0.000147,-0.795873,1.209408,0.000963,0.802052,0.000173
1780622237.986725,4258,ABORT,OK,8,ABORT,-0.000147,-0.796155,1.209917,0.000968,0.802341,0.000174
1780622238.072789,4259,ABORT,OK,8,ABORT,-0.000149,-0.795283,1.208360,0.000956,0.801441,0.000174
1780622238.195269,4260,ABORT,OK,8,ABORT,-0.000148,-0.796124,1.209903,0.000965,0.802312,0.000173
1780622238.289374,4261,ABORT,OK,8,ABORT,-0.000147,-0.795976,1.209568,0.000966,0.802156,0.000174
1780622238.428181,4262,ABORT,OK,8,ABORT,-0.000150,-0.796355,1.210462,0.000964,0.802553,0.000174
1780622238.503670,4263,ABORT,OK,8,ABORT,-0.000149,-0.796572,1.210833,0.000966,0.802778,0.000173
1780622238.635052,4264,ABORT,WARNING,8,ABORT,-0.000145,-0.795223,1.208111,0.000964,0.801372,0.000175
1780622238.728048,4265,ABORT,WARNING,8,ABORT,-0.000144,-0.796510,1.210529,0.000978,0.802703,0.000175
1780622238.852549,4266,ABORT,OK,8,ABORT,-0.000152,-0.796389,1.210579,0.000963,0.802588,0.000174
1780622238.941102,4267,ABORT,OK,8,ABORT,-0.000148,-0.795425,1.208582,0.000960,0.801585,0.000175
1780622239.090092,4268,ABORT,OK,8,ABORT,-0.000147,-0.796062,1.209771,0.000965,0.802248,0.000173
1780622239.165895,4269,ABORT,OK,8,ABORT,-0.000148,-0.795669,1.209047,0.000962,0.801838,0.000174
1780622239.290780,4270,ABORT,OK,8,ABORT,-0.000147,-0.796153,1.209942,0.000966,0.802341,0.000173
1780622239.385973,4271,ABORT,OK,8,ABORT,-0.000146,-0.796245,1.210057,0.000970,0.802432,0.000174
1780622239.555526,4272,ABORT,OK,8,ABORT,-0.000148,-0.795979,1.209595,0.000968,0.802154,0.000176
1780622239.613074,4273,ABORT,OK,8,ABORT,-0.000147,-0.795987,1.209630,0.000964,0.802171,0.000173
1780622239.739277,4274,ABORT,OK,8,ABORT,-0.000146,-0.795419,1.208500,0.000962,0.801577,0.000174
1780622239.829814,4275,ABORT,OK,8,ABORT,-0.000148,-0.795633,1.208976,0.000961,0.801801,0.000174
1780622239.953038,4276,ABORT,OK,8,ABORT,-0.000147,-0.796134,1.209896,0.000966,0.802321,0.000173
1780622240.040828,4277,ABORT,OK,8,ABORT,-0.000147,-0.796121,1.209867,0.000966,0.802307,0.000174
1780622240.170818,4278,ABORT,OK,8,ABORT,-0.000149,-0.796488,1.210644,0.000967,0.802690,0.000173
1780622240.258019,4279,ABORT,OK,8,ABORT,-0.000147,-0.795987,1.209613,0.000965,0.802168,0.000173
1780622240.388569,4280,ABORT,OK,8,ABORT,-0.000148,-0.796144,1.209932,0.000966,0.802332,0.000173
1780622240.479155,4281,ABORT,OK,8,ABORT,-0.000149,-0.796454,1.210586,0.000966,0.802655,0.000173
1780622240.620694,4282,ABORT,OK,8,ABORT,-0.000148,-0.794968,1.207715,0.000953,0.801115,0.000174
1780622240.703544,4283,ABORT,OK,8,ABORT,-0.000147,-0.795797,1.209270,0.000962,0.801974,0.000173
1780622240.828123,4284,ABORT,WARNING,8,ABORT,-0.000144,-0.796143,1.209815,0.000975,0.802324,0.000175
1780622240.926863,4285,ABORT,WARNING,8,ABORT,-0.000145,-0.794920,1.207587,0.000957,0.801065,0.000173
1780622241.048473,4286,ABORT,WARNING,8,ABORT,-0.000144,-0.796267,1.210081,0.000975,0.802453,0.000175
1780622241.141326,4287,ABORT,WARNING,8,ABORT,-0.000147,-0.795489,1.208723,0.000963,0.801652,0.000175
1780622241.271562,4288,ABORT,WARNING,8,ABORT,-0.000144,-0.796195,1.209947,0.000974,0.802380,0.000175
1780622241.360952,4289,ABORT,WARNING,8,ABORT,-0.000145,-0.796185,1.209943,0.000972,0.802370,0.000174
1780622241.489793,4290,ABORT,WARNING,8,ABORT,-0.000144,-0.795723,1.209010,0.000973,0.801885,0.000176
1780622241.623187,4291,ABORT,WARNING,8,ABORT,-0.000144,-0.795790,1.209193,0.000968,0.801963,0.000174
1780622241.704652,4292,ABORT,WARNING,8,ABORT,-0.000146,-0.795150,1.208067,0.000959,0.801303,0.000174
1780622241.833844,4293,ABORT,WARNING,8,ABORT,-0.000144,-0.796262,1.210061,0.000975,0.802447,0.000175
1780622241.930511,4294,ABORT,WARNING,8,ABORT,-0.000144,-0.796002,1.209595,0.000970,0.802182,0.000174
1780622242.057898,4295,ABORT,WARNING,8,ABORT,-0.000144,-0.795681,1.208957,0.000970,0.801847,0.000175
1780622242.140102,4296,ABORT,WARNING,8,ABORT,-0.000145,-0.795953,1.209509,0.000969,0.802132,0.000174
1780622242.267879,4297,ABORT,WARNING,8,ABORT,-0.000145,-0.794959,1.207671,0.000957,0.801106,0.000173
1780622242.360998,4298,ABORT,WARNING,8,ABORT,-0.000146,-0.795231,1.208204,0.000961,0.801384,0.000175
1780622242.490692,4299,ABORT,WARNING,8,ABORT,-0.000145,-0.796280,1.210117,0.000974,0.802468,0.000175
1780622242.584171,4300,ABORT,WARNING,8,ABORT,-0.000143,-0.795407,1.208368,0.000971,0.801558,0.000176
1780622242.714845,4301,ABORT,WARNING,8,ABORT,-0.000145,-0.796296,1.210151,0.000974,0.802484,0.000175
1780622242.809488,4302,ABORT,OK,8,ABORT,-0.000146,-0.795607,1.208848,0.000963,0.801774,0.000173
1780622242.938009,4303,ABORT,WARNING,8,ABORT,-0.000144,-0.795933,1.209438,0.000971,0.802109,0.000174
1780622243.023869,4304,ABORT,WARNING,8,ABORT,-0.000146,-0.796443,1.210471,0.000974,0.802638,0.000174
1780622243.145145,4305,ABORT,WARNING,8,ABORT,-0.000146,-0.795380,1.208479,0.000963,0.801538,0.000175
1780622243.238733,4306,ABORT,WARNING,8,ABORT,-0.000144,-0.796233,1.209994,0.000976,0.802417,0.000175
1780622243.361473,4307,ABORT,WARNING,8,ABORT,-0.000144,-0.795861,1.209329,0.000969,0.802036,0.000174
1780622243.471787,4308,ABORT,WARNING,8,ABORT,-0.000143,-0.795194,1.208018,0.000965,0.801343,0.000175
1780622243.584772,4309,ABORT,WARNING,8,ABORT,-0.000145,-0.796436,1.210454,0.000974,0.802631,0.000174
1780622243.681093,4310,ABORT,WARNING,8,ABORT,-0.000147,-0.796355,1.210352,0.000974,0.802544,0.000176
1780622243.802425,4311,ABORT,WARNING,8,ABORT,-0.000144,-0.796199,1.209950,0.000974,0.802383,0.000175
1780622243.903906,4312,ABORT,WARNING,8,ABORT,-0.000144,-0.796190,1.209918,0.000974,0.802374,0.000175
1780622244.011833,4313,ABORT,WARNING,8,ABORT,-0.000147,-0.796313,1.210263,0.000974,0.802500,0.000176
1780622244.102298,4314,ABORT,WARNING,8,ABORT,-0.000146,-0.796581,1.210751,0.000975,0.802781,0.000175
1780622244.229919,4315,ABORT,WARNING,8,ABORT,-0.000151,-0.796407,1.210688,0.000960,0.802615,0.000173
1780622244.327722,4316,ABORT,WARNING,8,ABORT,-0.000146,-0.795038,1.207828,0.000958,0.801186,0.000174
1780622244.448905,4317,ABORT,WARNING,8,ABORT,-0.000144,-0.796289,1.210108,0.000976,0.802476,0.000175
1780622244.555284,4318,ABORT,WARNING,8,ABORT,-0.000144,-0.795502,1.208599,0.000969,0.801659,0.000175
1780622244.694160,4319,ABORT,WARNING,8,ABORT,-0.000145,-0.796508,1.210570,0.000976,0.802704,0.000175
1780622244.757312,4320,ABORT,WARNING,8,ABORT,-0.000145,-0.796441,1.210433,0.000976,0.802634,0.000175
1780622244.886453,4321,ABORT,OK,8,ABORT,-0.000149,-0.795152,1.208122,0.000952,0.801309,0.000173
1780622244.976908,4322,ABORT,OK,8,ABORT,-0.000148,-0.796025,1.209731,0.000963,0.802211,0.000173
1780622245.143433,4323,ABORT,WARNING,8,ABORT,-0.000148,-0.796326,1.210365,0.000970,0.802518,0.000176
1780622245.239553,4324,ABORT,WARNING,8,ABORT,-0.000143,-0.795889,1.209306,0.000973,0.802060,0.000175
1780622245.334286,4325,ABORT,WARNING,8,ABORT,-0.000144,-0.796371,1.210273,0.000976,0.802561,0.000175
1780622245.461849,4326,ABORT,WARNING,8,ABORT,-0.000146,-0.795933,1.209510,0.000971,0.802107,0.000176
1780622245.545574,4327,ABORT,WARNING,8,ABORT,-0.000147,-0.796247,1.210171,0.000971,0.802434,0.000176
1780622245.680845,4328,ABORT,WARNING,8,ABORT,-0.000144,-0.795889,1.209334,0.000971,0.802062,0.000174
1780622245.767709,4329,ABORT,WARNING,8,ABORT,-0.000143,-0.795780,1.209111,0.000971,0.801950,0.000174
1780622245.895272,4330,ABORT,WARNING,8,ABORT,-0.000145,-0.796477,1.210529,0.000975,0.802672,0.000175
1780622245.989541,4331,ABORT,WARNING,8,ABORT,-0.000145,-0.796453,1.210481,0.000975,0.802647,0.000175
1780622246.122731,4332,ABORT,WARNING,8,ABORT,-0.000143,-0.796059,1.209642,0.000975,0.802237,0.000175
1780622246.206800,4333,ABORT,WARNING,8,ABORT,-0.000144,-0.796324,1.210181,0.000976,0.802511,0.000175
1780622246.328636,4334,ABORT,WARNING,8,ABORT,-0.000147,-0.796275,1.210220,0.000972,0.802462,0.000176
1780622246.420052,4335,ABORT,WARNING,8,ABORT,-0.000145,-0.796522,1.210605,0.000976,0.802718,0.000175
1780622246.545191,4336,ABORT,WARNING,8,ABORT,-0.000142,-0.795743,1.208979,0.000975,0.801905,0.000175
1780622246.631581,4337,ABORT,WARNING,8,ABORT,-0.000153,-0.796585,1.211091,0.000960,0.802800,0.000173
1780622246.759976,4338,ABORT,WARNING,8,ABORT,-0.000147,-0.796395,1.210438,0.000970,0.802592,0.000174
1780622246.854961,4339,ABORT,OK,8,ABORT,-0.000146,-0.795779,1.209181,0.000965,0.801951,0.000174
1780622246.986081,4340,ABORT,OK,8,ABORT,-0.000149,-0.795634,1.209035,0.000958,0.801807,0.000173
1780622247.078271,4341,ABORT,OK,8,ABORT,-0.000147,-0.796466,1.210507,0.000972,0.802661,0.000174
1780622247.201789,4342,ABORT,OK,8,ABORT,-0.000149,-0.795417,1.208593,0.000958,0.801579,0.000174
1780622247.286140,4343,ABORT,WARNING,8,ABORT,-0.000145,-0.796211,1.209995,0.000973,0.802397,0.000174
1780622247.403114,4344,ABORT,WARNING,8,ABORT,-0.000146,-0.795613,1.208931,0.000966,0.801778,0.000175
1780622247.505528,4345,ABORT,WARNING,8,ABORT,-0.000145,-0.795515,1.208684,0.000967,0.801676,0.000175
1780622247.620408,4346,ABORT,WARNING,8,ABORT,-0.000145,-0.796177,1.209948,0.000971,0.802363,0.000174
1780622247.723794,4347,ABORT,WARNING,8,ABORT,-0.000145,-0.795860,1.209299,0.000974,0.802027,0.000177
1780622247.836283,4348,ABORT,WARNING,8,ABORT,-0.000146,-0.796350,1.210312,0.000972,0.802544,0.000174
1780622247.926307,4349,ABORT,WARNING,8,ABORT,-0.000144,-0.796376,1.210269,0.000977,0.802564,0.000175
1780622248.050419,4350,ABORT,WARNING,8,ABORT,-0.000144,-0.795992,1.209544,0.000972,0.802169,0.000174
1780622248.146343,4351,ABORT,WARNING,8,ABORT,-0.000146,-0.796618,1.210822,0.000975,0.802820,0.000175
1780622248.264493,4352,ABORT,WARNING,8,ABORT,-0.000146,-0.796576,1.210734,0.000977,0.802772,0.000176
1780622248.360762,4353,ABORT,WARNING,8,ABORT,-0.000142,-0.795748,1.209006,0.000974,0.801913,0.000175
1780622248.490485,4354,ABORT,WARNING,8,ABORT,-0.000144,-0.795877,1.209340,0.000970,0.802052,0.000174
1780622248.571920,4355,ABORT,WARNING,8,ABORT,-0.000148,-0.796375,1.210439,0.000972,0.802566,0.000176
1780622248.696565,4356,ABORT,WARNING,8,ABORT,-0.000146,-0.796439,1.210477,0.000973,0.802635,0.000174
1780622248.821029,4357,ABORT,WARNING,8,ABORT,-0.000144,-0.795361,1.208356,0.000966,0.801516,0.000175
1780622248.914366,4358,ABORT,OK,8,ABORT,-0.000147,-0.796293,1.210193,0.000969,0.802484,0.000174
1780622249.065918,4359,ABORT,OK,8,ABORT,-0.000148,-0.795752,1.209207,0.000963,0.801924,0.000175
1780622249.134324,4360,ABORT,OK,6,INSERTED,-0.000157,-0.795957,1.210037,0.000942,0.802160,0.000171
1780622249.255853,4361,ABORT,WARNING,8,ABORT,-0.000145,-0.796310,1.210176,0.000974,0.802499,0.000175
1780622249.341416,4362,ABORT,WARNING,8,ABORT,-0.000143,-0.795686,1.208928,0.000971,0.801851,0.000174
1780622249.475460,4363,ABORT,WARNING,8,ABORT,-0.000144,-0.795899,1.209388,0.000970,0.802075,0.000174
1780622249.568111,4364,ABORT,WARNING,8,ABORT,-0.000144,-0.796236,1.210006,0.000975,0.802421,0.000175
1780622249.689321,4365,ABORT,WARNING,8,ABORT,-0.000145,-0.795913,1.209428,0.000973,0.802084,0.000176
1780622249.782672,4366,ABORT,WARNING,8,ABORT,-0.000144,-0.795995,1.209576,0.000970,0.802174,0.000174
1780622249.910877,4367,ABORT,WARNING,8,ABORT,-0.000144,-0.795739,1.209057,0.000972,0.801902,0.000176
1780622249.998029,4368,ABORT,WARNING,8,ABORT,-0.000144,-0.795804,1.209172,0.000974,0.801968,0.000177
1780622250.122913,4369,ABORT,WARNING,8,ABORT,-0.000145,-0.795765,1.209157,0.000967,0.801938,0.000173
1780622250.235369,4370,ABORT,WARNING,8,ABORT,-0.000144,-0.795303,1.208224,0.000966,0.801455,0.000175
1780622250.386096,4371,ABORT,WARNING,8,ABORT,-0.000148,-0.796374,1.210445,0.000971,0.802567,0.000176
1780622250.467326,4372,ABORT,WARNING,8,ABORT,-0.000149,-0.796317,1.210400,0.000967,0.802512,0.000175
1780622250.589597,4373,ABORT,WARNING,8,ABORT,-0.000143,-0.796242,1.209979,0.000977,0.802425,0.000175
1780622250.709302,4374,ABORT,WARNING,8,ABORT,-0.000145,-0.796117,1.209812,0.000972,0.802300,0.000174
1780622250.826525,4375,ABORT,WARNING,8,ABORT,-0.000148,-0.796249,1.210187,0.000971,0.802436,0.000176
1780622250.922949,4376,ABORT,OK,8,ABORT,-0.000148,-0.795825,1.209348,0.000963,0.801999,0.000175
1780622251.047493,4377,ABORT,OK,8,ABORT,-0.000147,-0.795999,1.209646,0.000964,0.802183,0.000173
1780622251.146183,4378,ABORT,OK,8,ABORT,-0.000148,-0.795869,1.209405,0.000966,0.802042,0.000175
1780622251.257274,4379,ABORT,WARNING,8,ABORT,-0.000145,-0.796643,1.210827,0.000978,0.802842,0.000175
1780622251.365834,4380,ABORT,WARNING,8,ABORT,-0.000145,-0.795648,1.208947,0.000967,0.801814,0.000175
1780622251.482691,4381,ABORT,WARNING,8,ABORT,-0.000144,-0.796238,1.209997,0.000976,0.802422,0.000175
1780622251.579560,4382,ABORT,WARNING,8,ABORT,-0.000145,-0.796233,1.210048,0.000972,0.802420,0.000174
1780622251.710686,4383,ABORT,WARNING,8,ABORT,-0.000144,-0.795834,1.209254,0.000973,0.802002,0.000176
1780622251.802180,4384,ABORT,WARNING,8,ABORT,-0.000143,-0.795800,1.209156,0.000971,0.801970,0.000174
1780622251.935772,4385,ABORT,WARNING,8,ABORT,-0.000145,-0.796552,1.210646,0.000977,0.802748,0.000175
1780622252.023872,4386,ABORT,WARNING,8,ABORT,-0.000147,-0.795268,1.208315,0.000960,0.801424,0.000175
1780622252.150642,4387,ABORT,WARNING,8,ABORT,-0.000145,-0.796096,1.209791,0.000970,0.802280,0.000174
1780622252.240702,4388,ABORT,WARNING,8,ABORT,-0.000145,-0.795657,1.208974,0.000964,0.801829,0.000173
1780622252.363762,4389,ABORT,WARNING,8,ABORT,-0.000147,-0.796144,1.209962,0.000971,0.802326,0.000176
1780622252.536534,4390,ABORT,WARNING,8,ABORT,-0.000145,-0.796147,1.209889,0.000971,0.802332,0.000174
1780622252.598173,4391,ABORT,WARNING,8,ABORT,-0.000144,-0.795022,1.207727,0.000960,0.801168,0.000174
1780622252.727947,4392,ABORT,WARNING,8,ABORT,-0.000148,-0.796038,1.209820,0.000966,0.802221,0.000175
1780622252.820261,4393,ABORT,WARNING,8,ABORT,-0.000148,-0.795927,1.209642,0.000960,0.802114,0.000173
1780622252.943089,4394,ABORT,OK,8,ABORT,-0.000147,-0.795468,1.208644,0.000960,0.801631,0.000174
1780622253.033492,4395,ABORT,OK,8,ABORT,-0.000151,-0.795875,1.209615,0.000955,0.802062,0.000173
1780622253.166594,4396,ABORT,OK,8,ABORT,-0.000148,-0.796524,1.210660,0.000970,0.802724,0.000174
1780622253.269733,4397,ABORT,WARNING,8,ABORT,-0.000143,-0.795477,1.208544,0.000969,0.801635,0.000175
1780622253.382148,4398,ABORT,WARNING,8,ABORT,-0.000144,-0.795873,1.209338,0.000969,0.802048,0.000174
1780622253.488512,4399,ABORT,WARNING,8,ABORT,-0.000146,-0.796419,1.210437,0.000973,0.802614,0.000174
1780622253.603986,4400,ABORT,WARNING,8,ABORT,-0.000144,-0.795619,1.208840,0.000971,0.801779,0.000176
1780622253.694953,4401,ABORT,WARNING,8,ABORT,-0.000144,-0.795953,1.209495,0.000970,0.802131,0.000174
1780622253.824929,4402,ABORT,WARNING,8,ABORT,-0.000144,-0.796317,1.210165,0.000976,0.802504,0.000175
1780622253.912498,4403,ABORT,WARNING,8,ABORT,-0.000144,-0.796153,1.209827,0.000980,0.802326,0.000178
1780622254.032960,4404,ABORT,WARNING,8,ABORT,-0.000145,-0.796248,1.210088,0.000973,0.802435,0.000175
1780622254.135720,4405,ABORT,WARNING,8,ABORT,-0.000145,-0.796220,1.210016,0.000972,0.802407,0.000174
1780622254.252320,4406,ABORT,WARNING,8,ABORT,-0.000150,-0.795503,1.208889,0.000955,0.801675,0.000173
1780622254.345005,4407,ABORT,WARNING,8,ABORT,-0.000144,-0.796233,1.209995,0.000975,0.802417,0.000175
1780622254.472277,4408,ABORT,WARNING,8,ABORT,-0.000144,-0.796006,1.209559,0.000973,0.802183,0.000175
1780622254.566941,4409,ABORT,WARNING,8,ABORT,-0.000146,-0.795325,1.208406,0.000961,0.801484,0.000174
1780622254.697770,4410,ABORT,WARNING,8,ABORT,-0.000146,-0.796400,1.210395,0.000973,0.802594,0.000174
1780622254.814271,4411,ABORT,WARNING,8,ABORT,-0.000145,-0.796369,1.210333,0.000973,0.802562,0.000174
1780622254.951344,4412,ABORT,OK,8,ABORT,-0.000147,-0.795855,1.209377,0.000962,0.802034,0.000173
1780622255.039763,4413,ABORT,OK,8,ABORT,-0.000147,-0.796058,1.209759,0.000965,0.802243,0.000173
1780622255.179811,4414,ABORT,OK,8,ABORT,-0.000148,-0.795605,1.208908,0.000962,0.801771,0.000175
1780622255.289717,4415,ABORT,OK,8,ABORT,-0.000147,-0.796092,1.209825,0.000965,0.802278,0.000173
1780622255.426605,4416,ABORT,OK,8,ABORT,-0.000147,-0.795410,1.208500,0.000961,0.801569,0.000174
1780622255.510428,4417,ABORT,WARNING,8,ABORT,-0.000145,-0.795787,1.209204,0.000970,0.801956,0.000176
1780622255.638540,4418,ABORT,WARNING,8,ABORT,-0.000143,-0.796016,1.209556,0.000974,0.802192,0.000175
1780622255.732744,4419,ABORT,WARNING,8,ABORT,-0.000143,-0.795464,1.208489,0.000970,0.801618,0.000175
1780622255.860112,4420,ABORT,WARNING,8,ABORT,-0.000148,-0.796398,1.210505,0.000969,0.802595,0.000175
1780622255.946951,4421,ABORT,WARNING,8,ABORT,-0.000149,-0.796505,1.210721,0.000971,0.802702,0.000176
1780622256.072854,4422,ABORT,WARNING,8,ABORT,-0.000145,-0.795941,1.209500,0.000968,0.802120,0.000174
1780622256.198949,4423,ABORT,WARNING,8,ABORT,-0.000145,-0.795165,1.208044,0.000961,0.801317,0.000174
1780622256.287645,4424,ABORT,WARNING,8,ABORT,-0.000145,-0.796164,1.209909,0.000973,0.802348,0.000175
1780622256.410202,4425,ABORT,WARNING,8,ABORT,-0.000146,-0.795483,1.208673,0.000964,0.801645,0.000175
1780622256.499443,4426,ABORT,WARNING,8,ABORT,-0.000153,-0.796440,1.210827,0.000958,0.802651,0.000173
1780622256.637281,4427,ABORT,WARNING,8,ABORT,-0.000144,-0.796400,1.210312,0.000978,0.802589,0.000175
1780622256.753747,4428,ABORT,WARNING,8,ABORT,-0.000146,-0.796248,1.210087,0.000976,0.802430,0.000177
1780622256.861427,4429,ABORT,WARNING,8,ABORT,-0.000144,-0.795895,1.209369,0.000970,0.802071,0.000174
1780622256.957101,4430,ABORT,OK,8,ABORT,-0.000147,-0.796073,1.209777,0.000966,0.802257,0.000174
1780622257.080143,4431,ABORT,OK,8,ABORT,-0.000151,-0.796313,1.210384,0.000965,0.802506,0.000175
1780622257.169859,4432,ABORT,OK,8,ABORT,-0.000149,-0.796530,1.210746,0.000966,0.802734,0.000173
1780622257.298089,4433,ABORT,OK,8,ABORT,-0.000147,-0.795499,1.208686,0.000962,0.801660,0.000175
1780622257.405761,4434,ABORT,OK,8,ABORT,-0.000146,-0.795316,1.208300,0.000961,0.801471,0.000174
1780622257.517583,4435,ABORT,OK,6,INSERTED,-0.000149,-0.796463,1.210584,0.000967,0.802664,0.000173
1780622257.623251,4436,ABORT,WARNING,8,ABORT,-0.000145,-0.796325,1.210234,0.000973,0.802516,0.000174
1780622257.791995,4437,ABORT,WARNING,8,ABORT,-0.000143,-0.795997,1.209530,0.000974,0.802173,0.000175
1780622257.895310,4438,ABORT,WARNING,8,ABORT,-0.000145,-0.796217,1.210030,0.000971,0.802405,0.000174
1780622258.049166,4439,ABORT,WARNING,8,ABORT,-0.000145,-0.795285,1.208268,0.000963,0.801439,0.000175
1780622258.157515,4440,ABORT,WARNING,8,ABORT,-0.000145,-0.795287,1.208272,0.000963,0.801442,0.000175
1780622258.299402,4441,ABORT,WARNING,8,ABORT,-0.000143,-0.796271,1.210038,0.000977,0.802454,0.000175
1780622258.386865,4442,ABORT,WARNING,8,ABORT,-0.000154,-0.796266,1.210565,0.000952,0.802474,0.000172
1780622258.508606,4443,ABORT,WARNING,8,ABORT,-0.000154,-0.796281,1.210595,0.000952,0.802490,0.000172
1780622258.612359,4444,ABORT,WARNING,8,ABORT,-0.000146,-0.796358,1.210354,0.000970,0.802554,0.000174
1780622258.735013,4445,ABORT,WARNING,8,ABORT,-0.000153,-0.796747,1.211390,0.000964,0.802963,0.000175
1780622258.829017,4446,ABORT,WARNING,8,ABORT,-0.000147,-0.796411,1.210482,0.000974,0.802602,0.000176
1780622258.957489,4447,ABORT,OK,8,ABORT,-0.000146,-0.796234,1.210009,0.000972,0.802419,0.000175
1780622259.060486,4448,ABORT,OK,8,ABORT,-0.000153,-0.795383,1.208788,0.000943,0.801560,0.000171
1780622259.181007,4449,ABORT,OK,8,ABORT,-0.000149,-0.796512,1.210670,0.000968,0.802713,0.000174
1780622259.280080,4450,ABORT,OK,8,ABORT,-0.000147,-0.796302,1.210213,0.000969,0.802493,0.000174
1780622259.391862,4451,ABORT,OK,8,ABORT,-0.000148,-0.795652,1.209027,0.000960,0.801823,0.000174
1780622259.494482,4452,ABORT,OK,8,ABORT,-0.000150,-0.796557,1.210824,0.000965,0.802764,0.000173
1780622259.619631,4453,ABORT,OK,8,ABORT,-0.000148,-0.795629,1.208966,0.000963,0.801795,0.000175
1780622259.707990,4454,ABORT,OK,8,ABORT,-0.000147,-0.796220,1.210045,0.000968,0.802409,0.000174
1780622259.831814,4455,ABORT,WARNING,8,ABORT,-0.000144,-0.796104,1.209778,0.000972,0.802286,0.000174
1780622259.957546,4456,ABORT,WARNING,8,ABORT,-0.000149,-0.796419,1.210564,0.000969,0.802616,0.000175
1780622260.051136,4457,ABORT,WARNING,8,ABORT,-0.000145,-0.796232,1.210053,0.000972,0.802420,0.000174
1780622260.184705,4458,ABORT,WARNING,8,ABORT,-0.000148,-0.795876,1.209512,0.000964,0.802056,0.000174
1780622260.269261,4459,ABORT,WARNING,8,ABORT,-0.000144,-0.795678,1.208933,0.000972,0.801839,0.000176
1780622260.395917,4460,ABORT,WARNING,8,ABORT,-0.000145,-0.796372,1.210289,0.000975,0.802562,0.000175
1780622260.490596,4461,ABORT,WARNING,8,ABORT,-0.000143,-0.795913,1.209359,0.000973,0.802086,0.000175
1780622260.619637,4462,ABORT,WARNING,8,ABORT,-0.000142,-0.795597,1.208721,0.000972,0.801757,0.000175
1780622260.730448,4463,ABORT,WARNING,8,ABORT,-0.000144,-0.796240,1.209989,0.000976,0.802423,0.000175
1780622260.832107,4464,ABORT,WARNING,8,ABORT,-0.000145,-0.795546,1.208753,0.000968,0.801706,0.000176
1780622260.930644,4465,ABORT,OK,8,ABORT,-0.000147,-0.796298,1.210175,0.000970,0.802488,0.000174
1780622261.050326,4466,ABORT,OK,8,ABORT,-0.000148,-0.794827,1.207480,0.000949,0.800973,0.000172
1780622261.140818,4467,ABORT,OK,8,ABORT,-0.000148,-0.795930,1.209522,0.000967,0.802105,0.000175
1780622261.277344,4468,ABORT,OK,8,ABORT,-0.000149,-0.796481,1.210619,0.000967,0.802682,0.000173
1780622261.367713,4469,ABORT,OK,6,INSERTED,-0.000152,-0.795482,1.208921,0.000947,0.801659,0.000172
1780622261.486685,4470,ABORT,OK,8,ABORT,-0.000148,-0.796339,1.210308,0.000968,0.802533,0.000174
1780622261.583536,4471,ABORT,OK,8,ABORT,-0.000148,-0.795839,1.209390,0.000960,0.802021,0.000172
1780622261.704080,4472,ABORT,OK,8,ABORT,-0.000148,-0.795329,1.208421,0.000957,0.801488,0.000174
1780622261.800806,4473,ABORT,OK,8,ABORT,-0.000148,-0.795223,1.208203,0.000957,0.801377,0.000174
1780622261.929744,4474,ABORT,OK,8,ABORT,-0.000148,-0.795655,1.209035,0.000958,0.801830,0.000172
1780622262.027710,4475,ABORT,OK,8,ABORT,-0.000146,-0.795499,1.208631,0.000964,0.801658,0.000175
1780622262.148087,4476,ABORT,WARNING,8,ABORT,-0.000144,-0.796434,1.210400,0.000977,0.802626,0.000175
1780622262.239287,4477,ABORT,WARNING,8,ABORT,-0.000144,-0.795865,1.209332,0.000969,0.802040,0.000174
1780622262.363285,4478,ABORT,WARNING,8,ABORT,-0.000145,-0.795421,1.208508,0.000965,0.801578,0.000175
1780622262.457544,4479,ABORT,WARNING,8,ABORT,-0.000145,-0.795754,1.209137,0.000967,0.801927,0.000173
1780622262.585325,4480,ABORT,WARNING,8,ABORT,-0.000145,-0.795677,1.208990,0.000970,0.801841,0.000176
1780622262.695859,4481,ABORT,WARNING,8,ABORT,-0.000143,-0.796014,1.209513,0.000977,0.802187,0.000176
1780622262.816316,4482,ABORT,WARNING,8,ABORT,-0.000144,-0.796278,1.210067,0.000977,0.802462,0.000175
1780622262.912390,4483,ABORT,OK,8,ABORT,-0.000146,-0.795970,1.209515,0.000972,0.802141,0.000177
1780622263.037136,4484,ABORT,OK,8,ABORT,-0.000147,-0.796103,1.209805,0.000968,0.802287,0.000174
1780622263.126311,4485,ABORT,OK,8,ABORT,-0.000148,-0.796302,1.210258,0.000966,0.802497,0.000173
1780622263.259066,4486,ABORT,OK,6,INSERTED,-0.000156,-0.796732,1.211431,0.000957,0.802952,0.000174
1780622263.345158,4487,ABORT,OK,8,ABORT,-0.000146,-0.795793,1.209180,0.000967,0.801963,0.000174
1780622263.477305,4488,ABORT,OK,8,ABORT,-0.000149,-0.796696,1.211012,0.000971,0.802902,0.000174
1780622263.601760,4489,ABORT,OK,8,ABORT,-0.000145,-0.795586,1.208750,0.000966,0.801749,0.000174
1780622263.716742,4490,ABORT,OK,8,ABORT,-0.000149,-0.796554,1.210772,0.000967,0.802758,0.000173
1780622263.818370,4491,ABORT,OK,8,ABORT,-0.000152,-0.796456,1.210705,0.000964,0.802657,0.000175
1780622263.924657,4492,ABORT,OK,8,ABORT,-0.000147,-0.795758,1.209161,0.000966,0.801926,0.000175
1780622264.077141,4493,ABORT,WARNING,8,ABORT,-0.000144,-0.796261,1.210055,0.000975,0.802446,0.000175
1780622264.135502,4494,ABORT,WARNING,8,ABORT,-0.000146,-0.795306,1.208348,0.000961,0.801463,0.000174
1780622264.269336,4495,ABORT,WARNING,8,ABORT,-0.000148,-0.796262,1.210220,0.000970,0.802450,0.000176
1780622264.361111,4496,ABORT,WARNING,8,ABORT,-0.000146,-0.796340,1.210281,0.000972,0.802532,0.000174
1780622264.501031,4497,ABORT,WARNING,8,ABORT,-0.000143,-0.795752,1.209032,0.000976,0.801912,0.000177
1780622264.606902,4498,ABORT,WARNING,8,ABORT,-0.000147,-0.795068,1.207942,0.000956,0.801220,0.000174
1780622264.737093,4499,ABORT,WARNING,8,ABORT,-0.000144,-0.796113,1.209747,0.000975,0.802293,0.000175
1780622264.843992,4500,ABORT,WARNING,8,ABORT,-0.000146,-0.794992,1.207756,0.000956,0.801141,0.000173
1780622264.978689,4501,ABORT,OK,8,ABORT,-0.000148,-0.796952,1.211479,0.000975,0.803165,0.000175
1780622265.065520,4502,ABORT,OK,8,ABORT,-0.000151,-0.796480,1.210699,0.000966,0.802680,0.000175
1780622265.225505,4503,ABORT,OK,8,ABORT,-0.000146,-0.796232,1.210030,0.000970,0.802418,0.000174
1780622265.289040,4504,ABORT,OK,8,ABORT,-0.000147,-0.796318,1.210204,0.000971,0.802508,0.000174
1780622265.417334,4505,ABORT,OK,8,ABORT,-0.000151,-0.796045,1.209878,0.000961,0.802231,0.000174
1780622265.511919,4506,ABORT,OK,8,ABORT,-0.000147,-0.795826,1.209323,0.000962,0.802004,0.000173
1780622265.645442,4507,ABORT,OK,8,ABORT,-0.000147,-0.796019,1.209674,0.000965,0.802202,0.000173
1780622265.740080,4508,ABORT,OK,8,ABORT,-0.000147,-0.796092,1.209796,0.000970,0.802270,0.000176
1780622265.870057,4509,ABORT,OK,8,ABORT,-0.000148,-0.796607,1.210803,0.000972,0.802808,0.000174
1780622265.957793,4510,ABORT,OK,8,ABORT,-0.000150,-0.796571,1.210845,0.000965,0.802778,0.000173
1780622266.092423,4511,ABORT,WARNING,8,ABORT,-0.000153,-0.796312,1.210566,0.000957,0.802517,0.000173
1780622266.192222,4512,ABORT,WARNING,8,ABORT,-0.000144,-0.796049,1.209628,0.000974,0.802226,0.000175
1780622266.316038,4513,ABORT,WARNING,8,ABORT,-0.000148,-0.796630,1.210929,0.000974,0.802831,0.000176
1780622266.403064,4514,ABORT,WARNING,8,ABORT,-0.000144,-0.795848,1.209258,0.000974,0.802013,0.000177
1780622266.566021,4515,ABORT,WARNING,8,ABORT,-0.000146,-0.796305,1.210256,0.000969,0.802499,0.000174
1780622266.642255,4516,ABORT,WARNING,8,ABORT,-0.000146,-0.796332,1.210310,0.000969,0.802527,0.000174
1780622266.769994,4517,ABORT,WARNING,8,ABORT,-0.000145,-0.795713,1.209029,0.000972,0.801875,0.000177
1780622266.872636,4518,ABORT,WARNING,8,ABORT,-0.000144,-0.796062,1.209660,0.000974,0.802240,0.000175
1780622267.007623,4519,ABORT,OK,8,ABORT,-0.000148,-0.796289,1.210218,0.000967,0.802482,0.000173
1780622267.088347,4520,ABORT,OK,8,ABORT,-0.000150,-0.796196,1.210150,0.000964,0.802386,0.000175
1780622267.215700,4521,ABORT,OK,8,ABORT,-0.000148,-0.796167,1.210002,0.000965,0.802356,0.000174
1780622267.342983,4522,ABORT,OK,8,ABORT,-0.000146,-0.795806,1.209205,0.000966,0.801978,0.000174
1780622267.437127,4523,ABORT,OK,8,ABORT,-0.000147,-0.795739,1.209112,0.000967,0.801906,0.000175
1780622267.570831,4524,ABORT,OK,8,ABORT,-0.000150,-0.796278,1.210296,0.000963,0.802474,0.000174
1780622267.650497,4525,ABORT,OK,8,ABORT,-0.000150,-0.796240,1.210221,0.000963,0.802434,0.000174
1780622267.815828,4526,ABORT,OK,8,ABORT,-0.000147,-0.795863,1.209354,0.000965,0.802040,0.000173
1780622267.875736,4527,ABORT,OK,8,ABORT,-0.000148,-0.795822,1.209357,0.000960,0.802003,0.000172
1780622268.009382,4528,ABORT,OK,8,ABORT,-0.000148,-0.795697,1.209076,0.000963,0.801866,0.000175
1780622268.131227,4529,ABORT,WARNING,8,ABORT,-0.000144,-0.795588,1.208788,0.000970,0.801749,0.000176
1780622268.238344,4530,ABORT,WARNING,8,ABORT,-0.000144,-0.796266,1.210053,0.000976,0.802451,0.000175
1780622268.336820,4531,ABORT,WARNING,8,ABORT,-0.000148,-0.796214,1.210123,0.000970,0.802401,0.000176
1780622268.460665,4532,ABORT,WARNING,8,ABORT,-0.000144,-0.795894,1.209377,0.000970,0.802069,0.000174
1780622268.561258,4533,ABORT,WARNING,8,ABORT,-0.000144,-0.796319,1.210151,0.000977,0.802506,0.000175
1780622268.704545,4534,ABORT,WARNING,8,ABORT,-0.000146,-0.795957,1.209549,0.000971,0.802131,0.000176
1780622268.794379,4535,ABORT,WARNING,8,ABORT,-0.000145,-0.796364,1.210308,0.000974,0.802556,0.000174
1780622268.924033,4536,ABORT,OK,8,ABORT,-0.000148,-0.796314,1.210274,0.000967,0.802508,0.000174
1780622269.019446,4537,ABORT,OK,8,ABORT,-0.000148,-0.796163,1.209975,0.000966,0.802352,0.000173
1780622269.147741,4538,ABORT,OK,8,ABORT,-0.000148,-0.795699,1.209109,0.000962,0.801870,0.000174
1780622269.240970,4539,ABORT,OK,8,ABORT,-0.000145,-0.795577,1.208734,0.000966,0.801738,0.000174
1780622269.365458,4540,ABORT,OK,8,ABORT,-0.000147,-0.796342,1.210253,0.000971,0.802532,0.000174
1780622269.464496,4541,ABORT,OK,8,ABORT,-0.000147,-0.795364,1.208449,0.000959,0.801523,0.000174
1780622269.594283,4542,ABORT,OK,8,ABORT,-0.000147,-0.796268,1.210155,0.000968,0.802459,0.000174
1780622269.677947,4543,ABORT,OK,8,ABORT,-0.000147,-0.796028,1.209663,0.000967,0.802210,0.000174
1780622269.809606,4544,ABORT,OK,8,ABORT,-0.000145,-0.795327,1.208274,0.000962,0.801483,0.000174
1780622269.902092,4545,ABORT,OK,6,INSERTED,-0.000149,-0.796467,1.210601,0.000966,0.802668,0.000173
1780622270.030198,4546,ABORT,OK,8,ABORT,-0.000147,-0.795374,1.208450,0.000959,0.801534,0.000174
1780622270.120688,4547,ABORT,OK,8,ABORT,-0.000147,-0.796129,1.209882,0.000967,0.802315,0.000174
1780622270.247926,4548,ABORT,WARNING,8,ABORT,-0.000143,-0.795218,1.208036,0.000967,0.801365,0.000175
1780622270.339161,4549,ABORT,WARNING,8,ABORT,-0.000143,-0.795540,1.208630,0.000972,0.801695,0.000176
1780622270.484533,4550,ABORT,WARNING,8,ABORT,-0.000146,-0.796484,1.210576,0.000973,0.802683,0.000174
1780622270.545572,4551,ABORT,WARNING,8,ABORT,-0.000143,-0.795316,1.208208,0.000968,0.801468,0.000175
1780622270.692795,4552,ABORT,WARNING,8,ABORT,-0.000144,-0.795883,1.209326,0.000971,0.802056,0.000174
1780622270.781365,4553,ABORT,WARNING,8,ABORT,-0.000146,-0.796430,1.210467,0.000972,0.802626,0.000174
1780622270.932837,4554,ABORT,WARNING,8,ABORT,-0.000145,-0.795753,1.209109,0.000972,0.801918,0.000176
1780622271.034110,4555,ABORT,OK,8,ABORT,-0.000147,-0.796078,1.209800,0.000965,0.802264,0.000173
1780622271.127420,4556,ABORT,OK,8,ABORT,-0.000147,-0.796365,1.210320,0.000970,0.802558,0.000174
1780622271.251904,4557,ABORT,OK,8,ABORT,-0.000148,-0.795640,1.209007,0.000961,0.801810,0.000174
1780622271.339681,4558,ABORT,OK,8,ABORT,-0.000147,-0.796164,1.209912,0.000969,0.802349,0.000174
1780622271.474124,4559,ABORT,OK,8,ABORT,-0.000145,-0.795492,1.208569,0.000965,0.801651,0.000174
1780622271.562923,4560,ABORT,OK,8,ABORT,-0.000145,-0.795450,1.208484,0.000965,0.801608,0.000174
1780622271.687008,4561,ABORT,OK,8,ABORT,-0.000147,-0.796083,1.209800,0.000966,0.802268,0.000173
1780622271.779044,4562,ABORT,OK,8,ABORT,-0.000147,-0.795550,1.208760,0.000963,0.801713,0.000174
1780622271.916283,4563,ABORT,OK,8,ABORT,-0.000148,-0.796521,1.210675,0.000969,0.802722,0.000174
1780622271.996827,4564,ABORT,OK,8,ABORT,-0.000148,-0.795886,1.209428,0.000967,0.802059,0.000176
1780622272.139461,4565,ABORT,OK,8,ABORT,-0.000148,-0.796039,1.209762,0.000962,0.802226,0.000173
1780622272.225506,4566,ABORT,OK,8,ABORT,-0.000151,-0.796422,1.210613,0.000964,0.802621,0.000175
1780622272.341578,4567,ABORT,OK,8,ABORT,-0.000148,-0.796522,1.210666,0.000969,0.802722,0.000174
1780622272.434930,4568,ABORT,WARNING,8,ABORT,-0.000144,-0.796398,1.210317,0.000977,0.802588,0.000175
1780622272.554944,4569,ABORT,WARNING,8,ABORT,-0.000144,-0.795432,1.208459,0.000969,0.801586,0.000175
1780622272.649535,4570,ABORT,WARNING,8,ABORT,-0.000148,-0.796462,1.210589,0.000973,0.802656,0.000176
1780622272.782067,4571,ABORT,WARNING,8,ABORT,-0.000146,-0.796184,1.209999,0.000973,0.802367,0.000176
1780622272.872449,4572,ABORT,WARNING,8,ABORT,-0.000144,-0.795145,1.207940,0.000964,0.801292,0.000175
1780622272.987403,4573,ABORT,OK,8,ABORT,-0.000147,-0.796082,1.209783,0.000967,0.802266,0.000174
1780622273.074763,4574,ABORT,OK,8,ABORT,-0.000151,-0.796642,1.211010,0.000968,0.802846,0.000176
1780622273.197863,4575,ABORT,OK,8,ABORT,-0.000147,-0.796012,1.209661,0.000965,0.802194,0.000174
1780622273.294173,4576,ABORT,OK,8,ABORT,-0.000148,-0.795978,1.209641,0.000962,0.802163,0.000173
1780622273.412158,4577,ABORT,OK,8,ABORT,-0.000147,-0.795298,1.208303,0.000958,0.801455,0.000173
1780622273.506273,4578,ABORT,OK,8,ABORT,-0.000147,-0.796442,1.210469,0.000971,0.802637,0.000174
1780622273.656564,4579,ABORT,OK,8,ABORT,-0.000146,-0.795288,1.208250,0.000959,0.801445,0.000173
1780622273.722658,4580,ABORT,OK,8,ABORT,-0.000146,-0.796020,1.209635,0.000967,0.802201,0.000174
1780622273.842710,4581,ABORT,OK,8,ABORT,-0.000148,-0.795329,1.208429,0.000956,0.801489,0.000173
1780622273.941539,4582,ABORT,OK,8,ABORT,-0.000145,-0.795690,1.208948,0.000967,0.801856,0.000174
1780622274.061562,4583,ABORT,OK,8,ABORT,-0.000147,-0.796258,1.210133,0.000968,0.802449,0.000174
1780622274.151930,4584,ABORT,OK,8,ABORT,-0.000149,-0.795282,1.208364,0.000956,0.801440,0.000174
1780622274.305977,4585,ABORT,OK,6,INSERTED,-0.000150,-0.796395,1.210503,0.000963,0.802596,0.000173
1780622274.373173,4586,ABORT,OK,6,INSERTED,-0.000149,-0.796309,1.210331,0.000963,0.802508,0.000173
1780622274.500677,4587,ABORT,OK,8,ABORT,-0.000146,-0.795367,1.208370,0.000961,0.801525,0.000173
1780622274.628780,4588,ABORT,WARNING,8,ABORT,-0.000146,-0.796383,1.210371,0.000972,0.802577,0.000174
1780622274.728668,4589,ABORT,WARNING,8,ABORT,-0.000145,-0.795703,1.209047,0.000969,0.801870,0.000175
1780622274.848358,4590,ABORT,WARNING,8,ABORT,-0.000143,-0.795903,1.209348,0.000972,0.802076,0.000175
1780622274.935697,4591,ABORT,OK,8,ABORT,-0.000148,-0.795856,1.209443,0.000959,0.802039,0.000172
1780622275.062052,4592,ABORT,OK,8,ABORT,-0.000150,-0.795341,1.208504,0.000955,0.801502,0.000174
1780622275.150245,4593,ABORT,OK,8,ABORT,-0.000156,-0.796316,1.210660,0.000950,0.802526,0.000172
1780622275.274894,4594,ABORT,OK,8,ABORT,-0.000148,-0.796199,1.210037,0.000966,0.802389,0.000173
1780622275.361357,4595,ABORT,OK,8,ABORT,-0.000147,-0.796263,1.210145,0.000968,0.802454,0.000174
1780622275.493112,4596,ABORT,OK,8,ABORT,-0.000156,-0.796416,1.210834,0.000952,0.802628,0.000172
1780622275.585500,4597,ABORT,OK,8,ABORT,-0.000149,-0.796356,1.210381,0.000966,0.802553,0.000173
1780622275.709788,4598,ABORT,OK,8,ABORT,-0.000147,-0.796249,1.210068,0.000970,0.802436,0.000174
1780622275.810907,4599,ABORT,OK,8,ABORT,-0.000151,-0.795722,1.209318,0.000953,0.801903,0.000173
1780622275.936533,4600,ABORT,OK,8,ABORT,-0.000148,-0.796434,1.210507,0.000968,0.802632,0.000174
1780622276.023888,4601,ABORT,OK,8,ABORT,-0.000147,-0.796214,1.210012,0.000969,0.802401,0.000174
1780622276.143187,4602,ABORT,OK,8,ABORT,-0.000147,-0.795870,1.209389,0.000964,0.802048,0.000173
1780622276.234871,4603,ABORT,OK,8,ABORT,-0.000148,-0.796820,1.211226,0.000974,0.803029,0.000175
1780622276.356701,4604,ABORT,OK,8,ABORT,-0.000148,-0.795734,1.209150,0.000964,0.801904,0.000175
1780622276.447631,4605,ABORT,OK,8,ABORT,-0.000148,-0.795991,1.209660,0.000963,0.802176,0.000173
1780622276.577039,4606,ABORT,OK,8,ABORT,-0.000147,-0.795141,1.208021,0.000956,0.801294,0.000173
1780622276.664482,4607,ABORT,OK,8,ABORT,-0.000148,-0.795648,1.209001,0.000962,0.801815,0.000175
1780622276.810008,4608,ABORT,OK,8,ABORT,-0.000148,-0.796090,1.209863,0.000963,0.802279,0.000173
1780622276.905408,4609,ABORT,WARNING,8,ABORT,-0.000144,-0.796236,1.210014,0.000975,0.802421,0.000175
1780622277.019410,4610,ABORT,OK,8,ABORT,-0.000151,-0.796353,1.210490,0.000964,0.802549,0.000175
1780622277.105567,4611,ABORT,OK,8,ABORT,-0.000149,-0.796536,1.210725,0.000968,0.802739,0.000174
1780622277.239192,4612,ABORT,OK,8,ABORT,-0.000147,-0.795443,1.208596,0.000959,0.801606,0.000173
1780622277.328275,4613,ABORT,OK,8,ABORT,-0.000149,-0.795579,1.208949,0.000956,0.801751,0.000173
1780622277.452123,4614,ABORT,OK,8,ABORT,-0.000150,-0.796090,1.209939,0.000960,0.802281,0.000173
1780622277.538411,4615,ABORT,OK,8,ABORT,-0.000148,-0.795807,1.209285,0.000966,0.801978,0.000176
1780622277.698307,4616,ABORT,OK,8,ABORT,-0.000147,-0.796017,1.209676,0.000965,0.802200,0.000173
1780622277.760438,4617,ABORT,OK,8,ABORT,-0.000147,-0.795811,1.209274,0.000963,0.801987,0.000173
1780622277.881922,4618,ABORT,OK,8,ABORT,-0.000147,-0.796314,1.210239,0.000969,0.802506,0.000174
1780622277.988478,4619,ABORT,OK,8,ABORT,-0.000147,-0.796489,1.210565,0.000971,0.802685,0.000174
1780622278.094905,4620,ABORT,OK,8,ABORT,-0.000146,-0.795881,1.209377,0.000966,0.802058,0.000174
1780622278.237354,4621,ABORT,OK,8,ABORT,-0.000148,-0.796008,1.209686,0.000966,0.802187,0.000175
1780622278.345758,4622,ABORT,OK,8,ABORT,-0.000148,-0.795864,1.209423,0.000964,0.802039,0.000175
1780622278.465833,4623,ABORT,OK,8,ABORT,-0.000147,-0.795831,1.209324,0.000962,0.802009,0.000173
1780622278.547759,4624,ABORT,OK,8,ABORT,-0.000145,-0.795371,1.208351,0.000963,0.801528,0.000174
1780622278.675259,4625,ABORT,OK,8,ABORT,-0.000149,-0.796477,1.210643,0.000967,0.802677,0.000174
1780622278.765848,4626,ABORT,OK,8,ABORT,-0.000149,-0.796393,1.210496,0.000964,0.802594,0.000173
1780622278.887883,4627,ABORT,WARNING,8,ABORT,-0.000144,-0.795417,1.208441,0.000968,0.801571,0.000175
1780622278.995564,4628,ABORT,OK,8,ABORT,-0.000147,-0.795652,1.208986,0.000964,0.801818,0.000175
1780622279.110132,4629,ABORT,OK,8,ABORT,-0.000148,-0.796336,1.210331,0.000966,0.802532,0.000173
1780622279.203430,4630,ABORT,OK,8,ABORT,-0.000147,-0.796319,1.210225,0.000970,0.802510,0.000174
1780622279.324384,4631,ABORT,OK,8,ABORT,-0.000148,-0.795891,1.209452,0.000966,0.802064,0.000176
1780622279.414027,4632,ABORT,OK,8,ABORT,-0.000149,-0.796584,1.210804,0.000969,0.802787,0.000174
1780622279.542156,4633,ABORT,OK,8,ABORT,-0.000147,-0.796254,1.210102,0.000969,0.802443,0.000174
1780622279.634239,4634,ABORT,OK,6,INSERTED,-0.000157,-0.796213,1.210507,0.000946,0.802422,0.000172
1780622279.758982,4635,ABORT,OK,8,ABORT,-0.000148,-0.795735,1.209143,0.000964,0.801904,0.000175
1780622279.865438,4636,ABORT,OK,8,ABORT,-0.000148,-0.796507,1.210643,0.000969,0.802708,0.000174
1780622279.978921,4637,ABORT,OK,8,ABORT,-0.000147,-0.795417,1.208539,0.000960,0.801576,0.000174
1780622280.068810,4638,ABORT,OK,8,ABORT,-0.000147,-0.796256,1.210129,0.000968,0.802446,0.000174
1780622280.208617,4639,ABORT,OK,8,ABORT,-0.000148,-0.795209,1.208182,0.000956,0.801365,0.000173
1780622280.297456,4640,ABORT,OK,8,ABORT,-0.000148,-0.795772,1.209258,0.000962,0.801945,0.000174
1780622280.422594,4641,ABORT,OK,8,ABORT,-0.000147,-0.796238,1.210085,0.000968,0.802427,0.000174
1780622280.519967,4642,ABORT,OK,8,ABORT,-0.000147,-0.795309,1.208303,0.000960,0.801465,0.000174
1780622280.655898,4643,ABORT,OK,8,ABORT,-0.000147,-0.796256,1.210095,0.000970,0.802444,0.000174
1780622280.750035,4644,ABORT,OK,8,ABORT,-0.000146,-0.796169,1.209916,0.000970,0.802354,0.000174
1780622280.877969,4645,ABORT,WARNING,8,ABORT,-0.000144,-0.796076,1.209728,0.000972,0.802257,0.000174
1780622280.978279,4646,ABORT,OK,8,ABORT,-0.000148,-0.795823,1.209344,0.000963,0.801998,0.000174
1780622281.110550,4647,ABORT,OK,8,ABORT,-0.000147,-0.796205,1.209985,0.000970,0.802391,0.000174
1780622281.201114,4648,ABORT,OK,6,INSERTED,-0.000149,-0.796443,1.210569,0.000965,0.802644,0.000173
1780622281.345778,4649,ABORT,OK,6,INSERTED,-0.000158,-0.796206,1.210547,0.000944,0.802418,0.000171
1780622281.422914,4650,ABORT,OK,8,ABORT,-0.000147,-0.795728,1.209120,0.000962,0.801902,0.000173
1780622281.549404,4651,ABORT,OK,8,ABORT,-0.000148,-0.796135,1.209912,0.000966,0.802323,0.000173
1780622281.655387,4652,ABORT,OK,8,ABORT,-0.000147,-0.795666,1.209012,0.000963,0.801834,0.000175
1780622281.781444,4653,ABORT,OK,8,ABORT,-0.000147,-0.796135,1.209858,0.000969,0.802319,0.000174
1780622281.906991,4654,ABORT,OK,8,ABORT,-0.000148,-0.795610,1.208911,0.000962,0.801777,0.000174
1780622281.990901,4655,ABORT,OK,8,ABORT,-0.000149,-0.795587,1.208942,0.000959,0.801755,0.000174
1780622282.118615,4656,ABORT,OK,8,ABORT,-0.000147,-0.796478,1.210520,0.000972,0.802673,0.000174
1780622282.206076,4657,ABORT,OK,8,ABORT,-0.000145,-0.795406,1.208421,0.000963,0.801564,0.000174
1780622282.335196,4658,ABORT,OK,8,ABORT,-0.000147,-0.796194,1.209995,0.000968,0.802382,0.000174
1780622282.432775,4659,ABORT,OK,8,ABORT,-0.000147,-0.796001,1.209644,0.000965,0.802184,0.000173
1780622282.567728,4660,ABORT,OK,8,ABORT,-0.000146,-0.796002,1.209601,0.000967,0.802182,0.000174
1780622282.657072,4661,ABORT,OK,8,ABORT,-0.000148,-0.796395,1.210415,0.000968,0.802591,0.000174
1780622282.780555,4662,ABORT,OK,8,ABORT,-0.000150,-0.795483,1.208788,0.000956,0.801649,0.000174
1780622282.864715,4663,ABORT,OK,8,ABORT,-0.000148,-0.796451,1.210520,0.000969,0.802649,0.000174
1780622282.989870,4664,ABORT,OK,8,ABORT,-0.000146,-0.795606,1.208841,0.000963,0.801773,0.000173
1780622283.085210,4665,ABORT,WARNING,8,ABORT,-0.000145,-0.795899,1.209383,0.000974,0.802068,0.000177
1780622283.212061,4666,ABORT,WARNING,8,ABORT,-0.000144,-0.796263,1.210067,0.000975,0.802450,0.000175
1780622283.304365,4667,ABORT,WARNING,8,ABORT,-0.000145,-0.796587,1.210737,0.000976,0.802786,0.000175
1780622283.444394,4668,ABORT,WARNING,8,ABORT,-0.000144,-0.795844,1.209251,0.000974,0.802010,0.000176
1780622283.524000,4669,ABORT,WARNING,8,ABORT,-0.000144,-0.796104,1.209740,0.000974,0.802284,0.000175
1780622283.654943,4670,ABORT,WARNING,8,ABORT,-0.000149,-0.796272,1.210292,0.000967,0.802464,0.000175
1780622283.745394,4671,ABORT,WARNING,8,ABORT,-0.000145,-0.795713,1.209056,0.000970,0.801878,0.000176
1780622283.896314,4672,ABORT,WARNING,8,ABORT,-0.000144,-0.795910,1.209423,0.000969,0.802087,0.000174
1780622283.976917,4673,ABORT,WARNING,8,ABORT,-0.000144,-0.795796,1.209154,0.000972,0.801964,0.000175
1780622284.090192,4674,ABORT,WARNING,8,ABORT,-0.000146,-0.795837,1.209335,0.000968,0.802011,0.000174
1780622284.195847,4675,ABORT,WARNING,8,ABORT,-0.000145,-0.796533,1.210635,0.000975,0.802730,0.000175
1780622284.326231,4676,ABORT,WARNING,8,ABORT,-0.000143,-0.796326,1.210139,0.000978,0.802512,0.000176
1780622284.419693,4677,ABORT,WARNING,8,ABORT,-0.000145,-0.795981,1.209576,0.000969,0.802162,0.000174
1780622284.586442,4678,ABORT,WARNING,8,ABORT,-0.000144,-0.795416,1.208451,0.000966,0.801574,0.000174
1780622284.656409,4679,ABORT,WARNING,8,ABORT,-0.000144,-0.796144,1.209808,0.000975,0.802324,0.000175
1780622284.782202,4680,ABORT,WARNING,8,ABORT,-0.000144,-0.795576,1.208766,0.000969,0.801738,0.000175
1780622284.889202,4681,ABORT,WARNING,8,ABORT,-0.000145,-0.796033,1.209635,0.000976,0.802206,0.000177
1780622285.034050,4682,ABORT,OK,6,INSERTED,-0.000149,-0.796293,1.210288,0.000963,0.802491,0.000173
1780622285.123506,4683,ABORT,OK,8,ABORT,-0.000148,-0.795974,1.209616,0.000963,0.802158,0.000173
1780622285.253478,4684,ABORT,OK,8,ABORT,-0.000150,-0.795213,1.208284,0.000953,0.801371,0.000174
1780622285.339067,4685,ABORT,OK,8,ABORT,-0.000146,-0.796259,1.210077,0.000971,0.802446,0.000174
1780622285.465425,4686,ABORT,OK,8,ABORT,-0.000145,-0.795706,1.208962,0.000968,0.801871,0.000174
1780622285.596346,4687,ABORT,OK,8,ABORT,-0.000147,-0.796444,1.210445,0.000972,0.802637,0.000175
1780622285.684952,4688,ABORT,OK,8,ABORT,-0.000147,-0.796429,1.210441,0.000971,0.802623,0.000174
1780622285.809237,4689,ABORT,OK,6,INSERTED,-0.000156,-0.796358,1.210742,0.000950,0.802570,0.000172
1780622285.905015,4690,ABORT,OK,8,ABORT,-0.000146,-0.796281,1.210124,0.000971,0.802469,0.000174
1780622286.037392,4691,ABORT,OK,8,ABORT,-0.000151,-0.796429,1.210610,0.000965,0.802627,0.000175
1780622286.124885,4692,ABORT,OK,8,ABORT,-0.000151,-0.796342,1.210447,0.000963,0.802541,0.000174
1780622286.248779,4693,ABORT,OK,8,ABORT,-0.000149,-0.795788,1.209331,0.000957,0.801969,0.000172
1780622286.352650,4694,ABORT,OK,8,ABORT,-0.000147,-0.796251,1.210087,0.000970,0.802439,0.000174
1780622286.478663,4695,ABORT,OK,8,ABORT,-0.000148,-0.795498,1.208735,0.000958,0.801664,0.000174
1780622286.558219,4696,ABORT,OK,8,ABORT,-0.000146,-0.795985,1.209536,0.000969,0.802161,0.000174
1780622286.686046,4697,ABORT,OK,8,ABORT,-0.000146,-0.795921,1.209444,0.000966,0.802098,0.000174
1780622286.780941,4698,ABORT,OK,8,ABORT,-0.000147,-0.795685,1.209044,0.000964,0.801853,0.000175
1780622286.904076,4699,ABORT,OK,8,ABORT,-0.000148,-0.796280,1.210218,0.000966,0.802474,0.000173
1780622287.035491,4700,ABORT,OK,8,ABORT,-0.000148,-0.795739,1.209186,0.000962,0.801912,0.000174
1780622287.156345,4701,ABORT,OK,8,ABORT,-0.000147,-0.796147,1.209882,0.000969,0.802331,0.000174
1780622287.267848,4702,ABORT,OK,8,ABORT,-0.000148,-0.796138,1.209921,0.000965,0.802326,0.000173
1780622287.382170,4703,ABORT,OK,8,ABORT,-0.000149,-0.795699,1.209175,0.000959,0.801873,0.000174
1780622287.486653,4704,ABORT,OK,8,ABORT,-0.000149,-0.795033,1.207877,0.000952,0.801185,0.000173
1780622287.601531,4705,ABORT,OK,8,ABORT,-0.000148,-0.796575,1.210748,0.000971,0.802776,0.000174
1780622287.692846,4706,ABORT,OK,8,ABORT,-0.000149,-0.796546,1.210781,0.000966,0.802751,0.000173
1780622287.816651,4707,ABORT,OK,8,ABORT,-0.000147,-0.795325,1.208323,0.000962,0.801478,0.000175
1780622287.908107,4708,ABORT,OK,8,ABORT,-0.000148,-0.795805,1.209317,0.000960,0.801984,0.000172
1780622288.034034,4709,ABORT,OK,8,ABORT,-0.000149,-0.796455,1.210561,0.000967,0.802654,0.000174
1780622288.131763,4710,ABORT,OK,8,ABORT,-0.000151,-0.795675,1.209233,0.000952,0.801855,0.000173
1780622288.245980,4711,ABORT,OK,8,ABORT,-0.000148,-0.795739,1.209185,0.000959,0.801916,0.000172
1780622288.351839,4712,ABORT,OK,8,ABORT,-0.000147,-0.796271,1.210160,0.000968,0.802462,0.000174
1780622288.470834,4713,ABORT,OK,8,ABORT,-0.000147,-0.795349,1.208385,0.000961,0.801505,0.000174
1780622288.566040,4714,ABORT,OK,8,ABORT,-0.000149,-0.796347,1.210365,0.000966,0.802543,0.000174
1780622288.700830,4715,ABORT,OK,8,ABORT,-0.000145,-0.795516,1.208623,0.000965,0.801676,0.000174
1780622288.798318,4716,ABORT,OK,8,ABORT,-0.000148,-0.794971,1.207752,0.000951,0.801121,0.000173
1780622288.937866,4717,ABORT,OK,8,ABORT,-0.000147,-0.796289,1.210155,0.000970,0.802478,0.000174
1780622289.018502,4718,ABORT,OK,8,ABORT,-0.000148,-0.795849,1.209378,0.000965,0.802022,0.000175
1780622289.161963,4719,ABORT,OK,8,ABORT,-0.000147,-0.795801,1.209251,0.000963,0.801977,0.000173
1780622289.269406,4720,ABORT,WARNING,8,ABORT,-0.000146,-0.796476,1.210559,0.000975,0.802670,0.000176
1780622289.360188,4721,ABORT,WARNING,8,ABORT,-0.000148,-0.796440,1.210562,0.000972,0.802634,0.000176
1780622289.484625,4722,ABORT,WARNING,8,ABORT,-0.000143,-0.795397,1.208367,0.000969,0.801551,0.000175
1780622289.578784,4723,ABORT,WARNING,8,ABORT,-0.000144,-0.795983,1.209537,0.000971,0.802161,0.000174
1780622289.723196,4724,ABORT,WARNING,8,ABORT,-0.000146,-0.796454,1.210493,0.000974,0.802649,0.000175
1780622289.811766,4725,ABORT,WARNING,8,ABORT,-0.000145,-0.795894,1.209423,0.000971,0.802067,0.000176
1780622289.948756,4726,ABORT,WARNING,8,ABORT,-0.000144,-0.796105,1.209739,0.000974,0.802285,0.000175
1780622290.032388,4727,ABORT,WARNING,8,ABORT,-0.000144,-0.795584,1.208768,0.000969,0.801745,0.000175
1780622290.177776,4728,ABORT,WARNING,8,ABORT,-0.000145,-0.795623,1.208920,0.000963,0.801794,0.000173
1780622290.260792,4729,ABORT,WARNING,8,ABORT,-0.000143,-0.796241,1.209976,0.000977,0.802423,0.000175
1780622290.374965,4730,ABORT,WARNING,8,ABORT,-0.000144,-0.795883,1.209326,0.000972,0.802056,0.000175
1780622290.458189,4731,ABORT,WARNING,8,ABORT,-0.000146,-0.796571,1.210747,0.000973,0.802772,0.000174
1780622290.587695,4732,ABORT,WARNING,8,ABORT,-0.000145,-0.795669,1.208970,0.000969,0.801835,0.000175
1780622290.682591,4733,ABORT,WARNING,8,ABORT,-0.000145,-0.794959,1.207669,0.000956,0.801108,0.000173
1780622290.805514,4734,ABORT,WARNING,8,ABORT,-0.000146,-0.796542,1.210692,0.000973,0.802743,0.000174
1780622290.898186,4735,ABORT,WARNING,8,ABORT,-0.000146,-0.796532,1.210669,0.000973,0.802731,0.000174
1780622291.056120,4736,ABORT,WARNING,8,ABORT,-0.000143,-0.796051,1.209605,0.000976,0.802227,0.000175
1780622291.126538,4737,ABORT,OK,8,ABORT,-0.000148,-0.796219,1.210068,0.000967,0.802409,0.000174
1780622291.250019,4738,ABORT,WARNING,8,ABORT,-0.000144,-0.795782,1.209149,0.000973,0.801947,0.000176
1780622291.344589,4739,ABORT,WARNING,8,ABORT,-0.000144,-0.795770,1.209118,0.000973,0.801935,0.000176
1780622291.465356,4740,ABORT,WARNING,8,ABORT,-0.000146,-0.796279,1.210211,0.000969,0.802473,0.000173
1780622291.570337,4741,ABORT,WARNING,8,ABORT,-0.000144,-0.796078,1.209720,0.000972,0.802258,0.000174
1780622291.685604,4742,ABORT,WARNING,8,ABORT,-0.000142,-0.795721,1.208956,0.000974,0.801884,0.000175
1780622291.775192,4743,ABORT,WARNING,8,ABORT,-0.000144,-0.796251,1.210049,0.000974,0.802437,0.000175
1780622291.899020,4744,ABORT,WARNING,8,ABORT,-0.000147,-0.795317,1.208426,0.000960,0.801475,0.000175
1780622291.996332,4745,ABORT,WARNING,8,ABORT,-0.000145,-0.796441,1.210444,0.000975,0.802635,0.000175
1780622292.141825,4746,ABORT,WARNING,8,ABORT,-0.000143,-0.795551,1.208673,0.000971,0.801708,0.000176
1780622292.216829,4747,ABORT,WARNING,8,ABORT,-0.000143,-0.795598,1.208758,0.000970,0.801760,0.000175
1780622292.344625,4748,ABORT,WARNING,8,ABORT,-0.000148,-0.796132,1.209978,0.000968,0.802318,0.000175
1780622292.441346,4749,ABORT,WARNING,8,ABORT,-0.000148,-0.796176,1.210069,0.000968,0.802364,0.000175
1780622292.587520,4750,ABORT,WARNING,8,ABORT,-0.000142,-0.795283,1.208133,0.000968,0.801434,0.000174
1780622292.659114,4751,ABORT,WARNING,8,ABORT,-0.000145,-0.795739,1.209079,0.000971,0.801904,0.000176
1780622292.792672,4752,ABORT,WARNING,8,ABORT,-0.000144,-0.796088,1.209714,0.000974,0.802268,0.000175
1780622292.925261,4753,ABORT,WARNING,8,ABORT,-0.000143,-0.795980,1.209476,0.000974,0.802154,0.000175
1780622293.026125,4754,ABORT,WARNING,8,ABORT,-0.000144,-0.796127,1.209825,0.000972,0.802310,0.000174
1780622293.138670,4755,ABORT,OK,8,ABORT,-0.000147,-0.795500,1.208660,0.000963,0.801660,0.000175
1780622293.226783,4756,ABORT,OK,8,ABORT,-0.000149,-0.795149,1.208108,0.000954,0.801304,0.000173
1780622293.354627,4757,ABORT,OK,8,ABORT,-0.000148,-0.795825,1.209332,0.000961,0.802004,0.000173
1780622293.445109,4758,ABORT,WARNING,8,ABORT,-0.000145,-0.795449,1.208559,0.000967,0.801606,0.000175
1780622293.574775,4759,ABORT,WARNING,8,ABORT,-0.000144,-0.795694,1.208998,0.000967,0.801863,0.000174
1780622293.658568,4760,ABORT,WARNING,8,ABORT,-0.000144,-0.796295,1.210121,0.000976,0.802482,0.000175
1780622293.781923,4761,ABORT,WARNING,8,ABORT,-0.000145,-0.795584,1.208832,0.000967,0.801747,0.000175
1780622293.879109,4762,ABORT,WARNING,8,ABORT,-0.000143,-0.795241,1.208070,0.000968,0.801388,0.000175
1780622294.007133,4763,ABORT,WARNING,8,ABORT,-0.000145,-0.796331,1.210260,0.000972,0.802524,0.000174
1780622294.125360,4764,ABORT,WARNING,8,ABORT,-0.000145,-0.796230,1.210055,0.000971,0.802418,0.000174
1780622294.253431,4765,ABORT,WARNING,8,ABORT,-0.000144,-0.796179,1.209919,0.000973,0.802364,0.000175
1780622294.339252,4766,ABORT,WARNING,8,ABORT,-0.000145,-0.795978,1.209583,0.000968,0.802159,0.000174
1780622294.457874,4767,ABORT,WARNING,8,ABORT,-0.000149,-0.796455,1.210657,0.000969,0.802653,0.000175
1780622294.552277,4768,ABORT,WARNING,8,ABORT,-0.000146,-0.796640,1.210841,0.000977,0.802840,0.000175
1780622294.673774,4769,ABORT,WARNING,8,ABORT,-0.000145,-0.795031,1.207770,0.000959,0.801179,0.000173
1780622294.779918,4770,ABORT,WARNING,8,ABORT,-0.000143,-0.796086,1.209660,0.000977,0.802263,0.000175
1780622294.902760,4771,ABORT,WARNING,8,ABORT,-0.000144,-0.795398,1.208433,0.000968,0.801551,0.000176
1780622294.991629,4772,ABORT,WARNING,8,ABORT,-0.000145,-0.796052,1.209702,0.000974,0.802227,0.000177
1780622295.145558,4773,ABORT,OK,8,ABORT,-0.000147,-0.795974,1.209581,0.000965,0.802155,0.000173
1780622295.209660,4774,ABORT,OK,8,ABORT,-0.000147,-0.795337,1.208391,0.000959,0.801496,0.000174
1780622295.355802,4775,ABORT,OK,8,ABORT,-0.000149,-0.796677,1.211015,0.000968,0.802885,0.000174
1780622295.420477,4776,ABORT,OK,8,ABORT,-0.000151,-0.796359,1.210477,0.000965,0.802555,0.000175
1780622295.547079,4777,ABORT,OK,8,ABORT,-0.000147,-0.795752,1.209143,0.000963,0.801925,0.000173
1780622295.645495,4778,ABORT,WARNING,8,ABORT,-0.000145,-0.796070,1.209738,0.000970,0.802253,0.000174
1780622295.761143,4779,ABORT,WARNING,8,ABORT,-0.000143,-0.795569,1.208702,0.000972,0.801725,0.000176
1780622295.854468,4780,ABORT,WARNING,8,ABORT,-0.000143,-0.795979,1.209440,0.000977,0.802150,0.000176
1780622295.981996,4781,ABORT,WARNING,8,ABORT,-0.000145,-0.796498,1.210545,0.000976,0.802693,0.000175
1780622296.083482,4782,ABORT,WARNING,8,ABORT,-0.000144,-0.795624,1.208815,0.000972,0.801783,0.000176
1780622296.198410,4783,ABORT,WARNING,8,ABORT,-0.000144,-0.796184,1.209922,0.000974,0.802368,0.000175
1780622296.299469,4784,ABORT,WARNING,8,ABORT,-0.000144,-0.796031,1.209642,0.000971,0.802211,0.000174
1780622296.433455,4785,ABORT,WARNING,8,ABORT,-0.000146,-0.795469,1.208647,0.000964,0.801629,0.000175
1780622296.557160,4786,ABORT,WARNING,8,ABORT,-0.000145,-0.796212,1.210025,0.000971,0.802400,0.000174
1780622296.650850,4787,ABORT,WARNING,8,ABORT,-0.000145,-0.796188,1.209942,0.000973,0.802373,0.000174
1780622296.774511,4788,ABORT,WARNING,8,ABORT,-0.000145,-0.795533,1.208698,0.000969,0.801691,0.000176
1780622296.872515,4789,ABORT,WARNING,8,ABORT,-0.000144,-0.796135,1.209826,0.000973,0.802318,0.000175
1780622297.003093,4790,ABORT,WARNING,8,ABORT,-0.000144,-0.795256,1.208166,0.000964,0.801408,0.000174
1780622297.097276,4791,ABORT,WARNING,8,ABORT,-0.000145,-0.795993,1.209584,0.000974,0.802166,0.000177
1780622297.236122,4792,ABORT,OK,8,ABORT,-0.000149,-0.796550,1.210739,0.000969,0.802752,0.000174
1780622297.303452,4793,ABORT,OK,8,ABORT,-0.000147,-0.796041,1.209705,0.000966,0.802224,0.000174
1780622297.430110,4794,ABORT,OK,8,ABORT,-0.000148,-0.795882,1.209448,0.000961,0.802063,0.000173
1780622297.526845,4795,ABORT,OK,8,ABORT,-0.000149,-0.796750,1.211153,0.000969,0.802961,0.000174
1780622297.643450,4796,ABORT,WARNING,8,ABORT,-0.000144,-0.795734,1.209062,0.000972,0.801899,0.000176
1780622297.739117,4797,ABORT,WARNING,8,ABORT,-0.000145,-0.795828,1.209256,0.000972,0.801997,0.000176
1780622297.863563,4798,ABORT,WARNING,8,ABORT,-0.000146,-0.796821,1.211182,0.000979,0.803027,0.000175
1780622297.955827,4799,ABORT,WARNING,8,ABORT,-0.000150,-0.796540,1.210874,0.000967,0.802743,0.000175
1780622298.096019,4800,ABORT,WARNING,8,ABORT,-0.000146,-0.796073,1.209763,0.000973,0.802250,0.000176
1780622298.178990,4801,ABORT,WARNING,8,ABORT,-0.000145,-0.796210,1.209985,0.000973,0.802396,0.000174
1780622298.344161,4802,ABORT,WARNING,8,ABORT,-0.000145,-0.796229,1.210000,0.000979,0.802406,0.000178
1780622298.445053,4803,ABORT,WARNING,8,ABORT,-0.000145,-0.796172,1.209882,0.000979,0.802347,0.000178
1780622298.577796,4804,ABORT,WARNING,8,ABORT,-0.000145,-0.796036,1.209665,0.000970,0.802217,0.000174
1780622298.679197,4805,ABORT,WARNING,8,ABORT,-0.000145,-0.796303,1.210170,0.000974,0.802492,0.000175
1780622298.846473,4806,ABORT,WARNING,8,ABORT,-0.000148,-0.796314,1.210334,0.000971,0.802504,0.000176
1780622298.945853,4807,ABORT,WARNING,8,ABORT,-0.000145,-0.796359,1.210301,0.000973,0.802551,0.000174
1780622299.077177,4808,ABORT,WARNING,8,ABORT,-0.000143,-0.795669,1.208897,0.000972,0.801831,0.000176
1780622299.177629,4809,ABORT,OK,8,ABORT,-0.000147,-0.795629,1.208920,0.000964,0.801794,0.000175
1780622299.294348,4810,ABORT,OK,6,INSERTED,-0.000149,-0.796308,1.210329,0.000963,0.802506,0.000173
1780622299.386188,4811,ABORT,OK,8,ABORT,-0.000147,-0.795918,1.209495,0.000963,0.802099,0.000173
1780622299.508879,4812,ABORT,OK,8,ABORT,-0.000148,-0.795712,1.209140,0.000962,0.801883,0.000174
1780622299.602390,4813,ABORT,OK,8,ABORT,-0.000149,-0.796586,1.210817,0.000969,0.802790,0.000174
1780622299.732271,4814,ABORT,WARNING,8,ABORT,-0.000143,-0.795525,1.208618,0.000970,0.801683,0.000175
1780622299.825091,4815,ABORT,WARNING,8,ABORT,-0.000144,-0.795249,1.208145,0.000964,0.801401,0.000174
1780622299.966035,4816,ABORT,WARNING,8,ABORT,-0.000148,-0.795713,1.209226,0.000958,0.801892,0.000172
1780622300.039467,4817,ABORT,WARNING,8,ABORT,-0.000144,-0.795519,1.208611,0.000973,0.801671,0.000177
1780622300.173181,4818,ABORT,WARNING,8,ABORT,-0.000144,-0.795975,1.209523,0.000971,0.802152,0.000174
1780622300.289623,4819,ABORT,WARNING,8,ABORT,-0.000143,-0.795450,1.208471,0.000968,0.801607,0.000174
1780622300.378037,4820,ABORT,WARNING,8,ABORT,-0.000144,-0.795627,1.208860,0.000971,0.801787,0.000176
1780622300.514113,4821,ABORT,WARNING,8,ABORT,-0.000146,-0.796761,1.211103,0.000976,0.802968,0.000175
1780622300.602840,4822,ABORT,WARNING,8,ABORT,-0.000144,-0.796037,1.209660,0.000971,0.802217,0.000174
1780622300.726815,4823,ABORT,WARNING,8,ABORT,-0.000142,-0.795596,1.208708,0.000973,0.801754,0.000175
1780622300.810893,4824,ABORT,WARNING,8,ABORT,-0.000145,-0.796251,1.210072,0.000973,0.802439,0.000174
1780622300.940812,4825,ABORT,WARNING,8,ABORT,-0.000148,-0.795547,1.208922,0.000957,0.801718,0.000173
1780622301.054209,4826,ABORT,WARNING,8,ABORT,-0.000144,-0.795716,1.209020,0.000969,0.801885,0.000174
1780622301.162935,4827,ABORT,OK,8,ABORT,-0.000148,-0.795839,1.209384,0.000963,0.802014,0.000174
1780622301.252551,4828,ABORT,OK,8,ABORT,-0.000146,-0.795690,1.209008,0.000964,0.801860,0.000173
1780622301.405380,4829,ABORT,OK,8,ABORT,-0.000146,-0.795866,1.209318,0.000967,0.802040,0.000174
1780622301.460755,4830,ABORT,OK,8,ABORT,-0.000146,-0.795715,1.209015,0.000967,0.801882,0.000174
1780622301.600843,4831,ABORT,OK,8,ABORT,-0.000145,-0.795617,1.208827,0.000965,0.801782,0.000174
1780622301.687831,4832,ABORT,OK,8,ABORT,-0.000148,-0.795985,1.209637,0.000963,0.802169,0.000173
1780622301.816492,4833,ABORT,OK,8,ABORT,-0.000147,-0.795332,1.208371,0.000958,0.801493,0.000173
1780622301.899920,4834,ABORT,WARNING,8,ABORT,-0.000145,-0.796491,1.210550,0.000975,0.802687,0.000175
1780622302.021271,4835,ABORT,WARNING,8,ABORT,-0.000144,-0.795862,1.209280,0.000974,0.802029,0.000176
1780622302.111649,4836,ABORT,WARNING,8,ABORT,-0.000145,-0.795960,1.209539,0.000968,0.802140,0.000174
1780622302.236528,4837,ABORT,WARNING,8,ABORT,-0.000144,-0.795386,1.208379,0.000968,0.801540,0.000175
1780622302.335968,4838,ABORT,WARNING,8,ABORT,-0.000145,-0.795674,1.208965,0.000970,0.801839,0.000175
1780622302.450036,4839,ABORT,WARNING,8,ABORT,-0.000144,-0.796366,1.210256,0.000977,0.802554,0.000175
1780622302.537321,4840,ABORT,WARNING,8,ABORT,-0.000145,-0.795754,1.209119,0.000971,0.801920,0.000176
1780622302.664609,4841,ABORT,WARNING,8,ABORT,-0.000145,-0.796371,1.210326,0.000973,0.802564,0.000174
1780622302.750948,4842,ABORT,WARNING,8,ABORT,-0.000145,-0.796447,1.210448,0.000975,0.802640,0.000175
1780622302.876659,4843,ABORT,WARNING,8,ABORT,-0.000144,-0.796002,1.209550,0.000977,0.802172,0.000177
1780622302.960390,4844,ABORT,WARNING,8,ABORT,-0.000148,-0.796449,1.210603,0.000971,0.802645,0.000176
1780622303.096773,4845,ABORT,WARNING,8,ABORT,-0.000145,-0.796272,1.210118,0.000973,0.802460,0.000174
1780622303.186434,4846,ABORT,OK,8,ABORT,-0.000148,-0.795226,1.208224,0.000954,0.801384,0.000173
1780622303.307504,4847,ABORT,OK,8,ABORT,-0.000151,-0.796456,1.210656,0.000966,0.802655,0.000175
1780622303.399382,4848,ABORT,OK,8,ABORT,-0.000151,-0.796151,1.210097,0.000958,0.802347,0.000172
1780622303.521439,4849,ABORT,OK,8,ABORT,-0.000147,-0.795698,1.209051,0.000965,0.801864,0.000175
1780622303.616880,4850,ABORT,OK,8,ABORT,-0.000146,-0.796013,1.209619,0.000968,0.802193,0.000174
1780622303.736928,4851,ABORT,OK,8,ABORT,-0.000147,-0.796741,1.211040,0.000975,0.802946,0.000175
1780622303.866981,4852,ABORT,OK,8,ABORT,-0.000147,-0.796026,1.209692,0.000965,0.802209,0.000173
1780622303.959900,4853,ABORT,OK,8,ABORT,-0.000148,-0.796290,1.210215,0.000967,0.802483,0.000173
1780622304.076106,4854,ABORT,WARNING,8,ABORT,-0.000144,-0.795656,1.208900,0.000972,0.801816,0.000176
1780622304.166544,4855,ABORT,WARNING,8,ABORT,-0.000146,-0.795975,1.209572,0.000973,0.802148,0.000177
1780622304.297655,4856,ABORT,WARNING,8,ABORT,-0.000144,-0.796243,1.210030,0.000974,0.802429,0.000175
1780622304.390598,4857,ABORT,WARNING,8,ABORT,-0.000143,-0.795278,1.208144,0.000967,0.801429,0.000175
1780622304.525864,4858,ABORT,WARNING,8,ABORT,-0.000146,-0.796528,1.210633,0.000975,0.802726,0.000175
1780622304.613645,4859,ABORT,WARNING,8,ABORT,-0.000145,-0.796610,1.210769,0.000977,0.802808,0.000175
1780622304.733230,4860,ABORT,WARNING,8,ABORT,-0.000145,-0.795932,1.209505,0.000968,0.802112,0.000174
1780622304.830189,4861,ABORT,WARNING,8,ABORT,-0.000145,-0.795820,1.209266,0.000967,0.801996,0.000174
1780622304.962825,4862,ABORT,WARNING,8,ABORT,-0.000148,-0.796310,1.210314,0.000971,0.802499,0.000176
1780622305.061257,4863,ABORT,WARNING,8,ABORT,-0.000145,-0.796454,1.210480,0.000975,0.802648,0.000175
1780622305.185820,4864,ABORT,OK,8,ABORT,-0.000148,-0.796249,1.210129,0.000967,0.802440,0.000174
1780622305.285771,4865,ABORT,OK,8,ABORT,-0.000147,-0.796155,1.209945,0.000966,0.802343,0.000173
1780622305.395464,4866,ABORT,OK,8,ABORT,-0.000150,-0.796007,1.209753,0.000963,0.802188,0.000175
1780622305.494553,4867,ABORT,OK,8,ABORT,-0.000148,-0.796292,1.210231,0.000967,0.802485,0.000174
1780622305.614448,4868,ABORT,OK,8,ABORT,-0.000149,-0.795746,1.209261,0.000958,0.801924,0.000173
1780622305.704040,4869,ABORT,OK,8,ABORT,-0.000148,-0.795612,1.208925,0.000962,0.801778,0.000175
1780622305.836398,4870,ABORT,OK,8,ABORT,-0.000148,-0.796417,1.210469,0.000969,0.802613,0.000174
1780622305.918468,4871,ABORT,OK,8,ABORT,-0.000150,-0.796141,1.210033,0.000964,0.802329,0.000175
1780622306.039291,4872,ABORT,WARNING,8,ABORT,-0.000144,-0.795765,1.209133,0.000968,0.801937,0.000174
1780622306.134019,4873,ABORT,WARNING,8,ABORT,-0.000145,-0.796251,1.210064,0.000974,0.802438,0.000174
1780622306.278086,4874,ABORT,WARNING,8,ABORT,-0.000144,-0.795607,1.208827,0.000970,0.801768,0.000176
1780622306.358995,4875,ABORT,WARNING,8,ABORT,-0.000146,-0.795423,1.208567,0.000964,0.801582,0.000175
1780622306.475963,4876,ABORT,WARNING,8,ABORT,-0.000145,-0.796292,1.210143,0.000974,0.802480,0.000175
1780622306.571501,4877,ABORT,WARNING,8,ABORT,-0.000143,-0.795906,1.209347,0.000973,0.802078,0.000175
1780622306.717919,4878,ABORT,WARNING,8,ABORT,-0.000142,-0.795186,1.207931,0.000967,0.801333,0.000174
1780622306.806041,4879,ABORT,WARNING,8,ABORT,-0.000142,-0.795208,1.207974,0.000968,0.801355,0.000174
1780622306.916884,4880,ABORT,WARNING,8,ABORT,-0.000147,-0.795719,1.209142,0.000967,0.801887,0.000176
1780622307.011112,4881,ABORT,WARNING,8,ABORT,-0.000145,-0.795995,1.209612,0.000972,0.802171,0.000176
1780622307.137991,4882,ABORT,WARNING,8,ABORT,-0.000144,-0.795877,1.209322,0.000971,0.802051,0.000174
1780622307.223399,4883,ABORT,OK,8,ABORT,-0.000148,-0.795725,1.209156,0.000962,0.801897,0.000174
1780622307.354014,4884,ABORT,OK,8,ABORT,-0.000148,-0.796266,1.210178,0.000966,0.802459,0.000173
1780622307.475801,4885,ABORT,OK,8,ABORT,-0.000148,-0.795338,1.208425,0.000957,0.801498,0.000173
1780622307.579488,4886,ABORT,OK,8,ABORT,-0.000150,-0.795448,1.208698,0.000957,0.801612,0.000174
1780622307.698074,4887,ABORT,OK,8,ABORT,-0.000147,-0.796703,1.210934,0.000976,0.802904,0.000175
1780622307.781670,4888,ABORT,OK,8,ABORT,-0.000148,-0.795623,1.208932,0.000963,0.801788,0.000175
1780622307.908388,4889,ABORT,OK,8,ABORT,-0.000148,-0.796011,1.209730,0.000961,0.802199,0.000172
1780622308.004520,4890,ABORT,OK,8,ABORT,-0.000148,-0.796655,1.210894,0.000972,0.802858,0.000174
1780622308.142818,4891,ABORT,OK,8,ABORT,-0.000149,-0.795666,1.209082,0.000960,0.801836,0.000174
1780622308.213742,4892,ABORT,OK,8,ABORT,-0.000148,-0.795965,1.209600,0.000963,0.802149,0.000173
1780622308.339343,4893,ABORT,WARNING,8,ABORT,-0.000144,-0.795564,1.208726,0.000968,0.801726,0.000174
1780622308.430975,4894,ABORT,WARNING,8,ABORT,-0.000145,-0.795746,1.209139,0.000969,0.801913,0.000176
1780622308.577694,4895,ABORT,WARNING,8,ABORT,-0.000144,-0.796242,1.209994,0.000976,0.802425,0.000175
1780622308.654583,4896,ABORT,WARNING,8,ABORT,-0.000145,-0.795816,1.209288,0.000966,0.801993,0.000173
1780622308.789398,4897,ABORT,WARNING,8,ABORT,-0.000144,-0.795748,1.209083,0.000972,0.801911,0.000176
1780622308.876217,4898,ABORT,WARNING,8,ABORT,-0.000145,-0.795736,1.209113,0.000966,0.801909,0.000173
1780622308.999656,4899,ABORT,WARNING,8,ABORT,-0.000145,-0.795928,1.209471,0.000968,0.802107,0.000174
1780622309.092000,4900,ABORT,WARNING,8,ABORT,-0.000144,-0.795622,1.208846,0.000970,0.801783,0.000176
1780622309.239354,4901,ABORT,OK,8,ABORT,-0.000147,-0.796233,1.210088,0.000967,0.802423,0.000174
1780622309.317193,4902,ABORT,OK,8,ABORT,-0.000147,-0.795922,1.209477,0.000964,0.802102,0.000173
1780622309.442689,4903,ABORT,OK,8,ABORT,-0.000145,-0.795981,1.209506,0.000970,0.802156,0.000175
