{
  "contact_link_pose_available": true,
  "contact_link_pose_xyz": [
    0.8056328489063003,
    -0.2650190312428407,
    1.0694324949297527
  ],
  "robot_base_pose_available": true,
  "selected_contact_link": "link_6",
  "table_pose_available": true,
  "table_top_z": 0.76,
  "tool0_pose_xyz": [
    0.8065441640920874,
    -0.20549451633490223,
    0.9203813237515068
  ],
  "tool_pose_available": true
}
